Power Plant ID,Name,Fuel,Secondary Fuel,Generator Technology,Units,Capacity (MW),Commissioning Date,Owner,Operational Status,Location,Annual Generation (GWh),Year of Data,Generation Data Source,Cooling Technology,Cooling Source,Fuel Consumption (g/kWh),CO2 Annual Reported,CO2 Specific Emissions (tCO2/MWh),Efficiency,Latitude,Longitude,Other,Source,URL,Source 2,URL 2,Peak Load (MW),Load Factor,Capacity Factor,Availability,Grid Connection (kV),Grid Balancing Area,Address,Municipality,Postal Code,Country,Natural Language,Geolocation Source
1026042,Greefspan Solar Power Plant,Solar,,PV,,10,2012,AE-AMD Independent Power Producer 1 (Pty) Ltd,Operational,"Douglas, Northern Cape",,,,none,none,0,0,0,,-29.391,23.31167,,AR AMD Renewable Energy,http://ae-amd.co.za/portfolio/,Industry About,http://www.industryabout.com/country-territories-3/1401-south-africa/solar-energy/26431-greefspan-solar-power-plant,,,,,,,,,,South Africa,Same as English,WRI [Colin]
1026043,Herbert Solar Power Plant,Solar,,PV,"91,908 modules mounted on 3,996 single-axis trackers, each in a monopole foundation. Each tracker carries 23 PV modules",19,2013,AE-AMD Independent Power Producer 1 (Pty) Ltd,Operational,"Douglas, South Africa in the Northern Cape Province.",53,,,none,none,0,0,0,,-29.001,23.80054,,AR AMD Renewable Energy,http://ae-amd.co.za/portfolio/,SunPower,https://global.sunpower.com/sites/international/files/media-library/case-studies/cs-sp-south-africa-herbert-greefspan-cs-1q15-d.pdf,,,,,,,,,,South Africa,Same as English,WRI [Colin]
1026041,Droogfontein Solar Power Plant,Solar,,PV,"168,720 photovoltaic panels",50,2014,Mainstream Renewable Energy,Operational,"Northern Cape, approximately 15 km north of Kimberley",85,,,none,none,0,0,0,,-28.612,24.75206,,Droogfontein,http://droogfonteinsolar.co.za/,Globeleq,https://www.globeleq.com/power-plants/droogfontein/,,,,,,,,,,South Africa,Same as English,WRI [Colin]
1000122,Gourikwa,Oil,,OCGT,- Number of Units: 5- Output per unit: 148MW,740,2007,Eskom,Operational,"In the Western Cape about 13km west of Mossel Bay, along the N2 Highway. It is situated on farmlands adjacent to the PetroSA Refinery",,2018,,Dry Air,,,,,,-34.16526,21.96077,,Eskom,http://www.eskom.co.za/OurCompany/PhotoGallery/Pages/Eskom_Power_Stations.aspx,,,,,,,400,,,,,South Africa,Same as English,WRI [Colin]
1061304,Aggeneys Solar Project,Solar,,PV,Photovoltaic Crystalline- Single Axis,40,2018,ORLIGHT SA (PTY) LTD,Under Development,Aggeneys,,,,none,none,0,0,0,,-29.230347,18.924811,Renewable Energy,SAHRA,http://www.sahra.org.za/sahris/cases/orlight-aggeneys-pv-solar-plant,,,,,,,,,,,Northern Cape,South Africa,Same as English,Industry About
1061305,Bellatrix Solar PV Project,Solar,,PV,,5,,Aurora Power Solutions,Under Development,"Victoria West, Northern Cape",11.6 (Projected),,,none,none,0,0,0,,,,,Aurora Power Solutions,https://www.apsolutions.co.za/portfolio-item/bellatrix/,,,,,,,,,,,,South Africa,,Industry About
1061306,Bokamoso,Solar,,PV,Photovoltaic Crystalline- Single Axis,67.9,2017,Bokamoso Energy (Pty) Ltd.,Under Development,"near Leeudoringstad, Registration Division HP",130,2013,,none,none,0,0,0,,-27.153048,26.409527,Renewable Energy,SAHRA,http://www.sahra.org.za/sahris/cases/bokamoso-pv-energy-facility,,,,,,,132,,,Maltosana,North West,South Africa,Same as English,Industry About
1061311,Du Plessis Solar PV4,Solar,,PV,"BYD Solar Modules 315Wp, ABB Inverters stations, 22kV connection",5,,Mulilo,Under Development,Northern Cape,,,,none,none,0,0,0,,,,,Mulilo,http://mulilo.com/Projects/du-plessis-solar-pv4-5mw/,,,,,,,,,,,,South Africa,,Industry About
1061313,Dyason's Klip 2,Solar,,PV,Photovoltaic Crystalline- Single Axis,75,,ScatecSolar,Under Development,,,,,,,,,,,,,,IPP Project South Africa,https://www.ipp-projects.co.za/ProjectDatabase,,,,,,,,,,"Upington, Northern Cape",,South Africa,,Industry About
1061318,Greefspan PV Power Plant No. 2 Solar Park,Solar,,PV,Photovoltaic Crystalline- Single Axis,55,,,Under Development,,,,,,,,,,,,,,Energy blog,http://www.energy.org.za/data-and-tools/project-database/greefspan-pv-power-plant-no-2-solar-park,,,,,,,,,,"Douglas, Northern Cape",,South Africa,,Industry About
1061319,Heuningspruit PV1,Solar,,PV,,5,,Sun Mechanics (Pty) Ltd,Under Development,Free State,,,,none,none,0,0,0,,,,,GEF-6 REQUEST FOR PROJECT ENDORSEMENT/APPROVAL,https://www.thegef.org/sites/default/files/project_documents/04-21-17_CEO_Endorsement_Request_Document_resubmission_Final.pdf,SAHRA,http://www.sahra.org.za/sahris/sites/default/files/heritagereports/Appendix%20D%202%20Heritage_1.pdf,,,,,,,,,,South Africa,,Industry About
1061322,Kalkaar,Solar,,CSP,Solar Thermal with Molten Salt Thermal Energy Storage,150,,,Under Development,,690,,,,,,,,,,,Solar Thermal with Molten Salt Thermal Energy Storage,Solar Reserve,http://www.solarreserve.com/en/global-projects/csp/kalkaar,,,,,,,,,,"Jacobsdal, Free State Province",,South Africa,,Industry About
1061324,Kotulo Tsatsi,Solar,,CSP,,150,,,Under Development,,730,,,,,,,,,,,Solar Thermal with Molten Salt Thermal Energy Storage,Solar Reserve,http://www.solarreserve.com/en/global-projects/csp/kotulo-tsatsi,,,,,,,,,,,,South Africa,,Industry About
1061331,Redstone Solar Thermal Power Project,Solar,,CSP,Concentrated Solar Power with storage (min 3 hrs per day),100,,,Under Development,,480,,,,,,,,,,,,IPP Project South Africa,https://www.ipp-projects.co.za/ProjectDatabase,,,,,,,,,,"Postmasburg, Northern Cape",,South Africa,,Industry About
1061333,Rooipunt,Solar,,CSP,,150,,,Under Development,,730,,,,,,,,,,,Solar Thermal with Molten Salt Thermal Energy Storage,Solar Reserve,http://www.solarreserve.com/en/global-projects/csp/rooipunt,,,,,,,,,,,,South Africa,,Industry About
1061334,Sirius Solar PV Project One,Solar,,PV,37 inverters and 277 polycrystalline modules,75,,"Scatec Solar (42%), Scatec Solar Upington Local Community Trust (40%) and Norfund (18%)",Under Development,"Upington, Northern Cape",,,,none,none,0,0,0,,,,,IPP Project South Africa,https://www.ipp-projects.co.za/ProjectDatabase,Creamer Media's Engineering News,http://www.engineeringnews.co.za/print-version/sirius-solar-pv-project-one-south-africa-2016-05-06,,,,,,,,,,South Africa,,Industry About
1061335,Solar Capital Orange,Solar,,PV,,75,,Solar Capital (Pty) Ltd,Under Development,"Loeriesfontein, Northern Cape",,,,none,none,0,0,0,,,,,IPP Project South Africa,https://www.ipp-projects.co.za/ProjectDatabase,Solar Capital Renewable Energy,http://www.nersa.org.za/Admin/Document/Editor/file/Consultations/Electricity/Presentations/Solar%20Capital%20Orange%20(Pty)%20Ltd.pdf,,,,,,,,,,South Africa,,Industry About
1061342,Waterloo Solar Park,Solar,,PV,,75,,SunEdison,Under Development,"Vryburg, North West",,,,none,none,0,0,0,,,,,IPP Project South Africa,https://www.ipp-projects.co.za/ProjectDatabase,Sun Edison,"http://www.nersa.org.za/Admin/Document/Editor/file/Consultations/Electricity/Presentations/SunEdison-%20Zeerust%20,%20Bokamoso%20and%20De%20Wildt%20%20Solar%20Park.pdf",,,,,,,,,,South Africa,,Industry About
1061344,Zeerust,Solar,,PV,,75,,SunEdison,Under Development,"Ramotshere Moiloa, North West",,,,none,none,0,0,0,,,,,IPP Project South Africa,https://www.ipp-projects.co.za/ProjectDatabase,Sun Edison,"http://www.nersa.org.za/Admin/Document/Editor/file/Consultations/Electricity/Presentations/SunEdison-%20Zeerust%20,%20Bokamoso%20and%20De%20Wildt%20%20Solar%20Park.pdf",,,,,88,,,,,South Africa,,Industry About
1061336,Steynsrus PV1,Solar,,PV,Photovoltaic (Other),5,,SunCorp (Pty) Ltd,Under Development,Steynsrus,,,,none,none,0,0,0,,,,IPP Small Projects,IPP Project South Africa,https://www.ipp-projects.co.za/ProjectDatabase,,,,,,,132,,,Moqhaka Local Municipality,Free State,South Africa,Same as English,Industry About
1061337,Steynsrus PV2,Solar,,PV,Photovoltaic (Other),5,,SunCorp (Pty) Ltd,Under Development,Steynsrus,,,,none,none,0,0,0,,,,IPP Small Projects,IPP Project South Africa,https://www.ipp-projects.co.za/ProjectDatabase,,,,,,,132,,,Moqhaka Local Municipality,Free State,South Africa,Same as English,Industry About
1026033,Aries Solar Power Plant,Solar,,PV,"The plant consists of ~45 000 internationally certified photovoltaic solar modules, manufactured by BYD (Shanghai) Industrial Co., Ltd",10.65,2014,Juwi Renewable Energies (Pty) Ltd,Operational,,21.39,,,None,None,,,,,-29.497,20.7852,,BioTherm Energy,http://www.biothermenergy.com/blog/aries-solar-pv,Juwi,http://www.juwi.co.za/projects/detail/juwiarticle/artikel/detail//aries-solar-plant-3/,,,,,,,,,,South Africa,Same as English,Industry About
1026036,Boshoff Solar Power Plant,Solar,,PV,,60,2014,Boshoff Solar Power Plant,Operational,,,,,None,None,,,,,-28.466,25.19474,,Industry About,http://www.industryabout.com/country-territories-3/1401-south-africa/solar-energy/26442-boshoff-solar-power-plant,EnergyBlog,http://www.energy.org.za/data-and-tools/project-database/boshoff-solar-park,,,,,,,,,,South Africa,Same as English,Industry About
1026037,De Aar - Mainstream Solar Power Plant,Solar,,PV,The plant consists of 167580 (PV) panels,50,2014,Mainstream Renewable Energy,Operational,,,,,None,None,,,,,-30.617,24.03474,,De Aar Solar,http://deaarsolar.co.za/about-de-aar-solar-power/project-description/,,,,,,,,,,,,South Africa,Same as English,Industry About
1026038,De Aar - Mulilo Solar Power Plant,Solar,,PV,167 580 photovoltaic (PV) panels spread over 100 hectares of land owned by the Emthanjeni Municipality,9.7,2014,Mulilo Renewable Energy Solar PV De Aar,Operational,"De Aar, Northern Cape",85.458,,,none,none,0,0,0,1.00,-30.628,24.00542,,Mulilo,http://mulilo.com/our-projects/,DOE,http://www.energy.org.za/news/121-de-aar-solar-power-inauguration-focus-on-enriching-communities,,,,,22,,,,,South Africa,Same as English,Industry About
1026039,De Aar 3 Solar Power Plant,Solar,,PV,,75,2016,Solar Capital De Aar 3,Operational,"De Aar, Northern Cape",164,,,none,none,0,0,0,,-30.596,24.10257,,South Africa Renewable Energy Organization,http://energy.org.za/knowledge-tools/project-database/solar-capital-de-aar-3,African Infrastructure Investment Managers,http://www.infrastructurene.ws/2016/03/23/solar-capital-de-aar-3-opens-in-nc/#,,,,,,,,,,South Africa,Same as English,Industry About
1026040,Dreunberg Solar Power Plant,Solar,,PV,,75,2014,Linde Solar Power Plant,Operational,Eastern Cape,178,,,none,none,0,0,0,,-30.838,26.22587,,Scatec Solar,http://www.scatecsolar.com/Portfolio/South-Africa/Dreunberg-South-Africa-75-MW,,,,,,,,,,,,South Africa,Same as English,Industry About
1026049,Konkoonsies Solar Power Plant,Solar,,PV,43008 PV Modules,11,2014,Juwi Renewable Energies (Pty) Ltd,Operational,,22,2016,,,,,,,,-28.889,19.55529,,Juwi,http://www.juwi.co.za/projects/,,,,,,,22,,,,,South Africa,Same as English,Industry About
1026054,Prieska - Mulilo Solar Power Plant,Solar,,PV,,19.9,,Mulilo Renewable Energy Solar PV Prieska,Operational,,,,,,,,,,,-29.968,22.31991,,Mulilo,http://mulilo.com/our-projects/,,,,,,,,,,,,South Africa,Same as English,Industry About
1026062,Witkop Solar Power Plant,Solar,,PV,,30,2014,Core Energy (Pty) Ltd,Operational,"Farm Wildebeestfontein (189 hectares in extent), Polokwane Local Municipality, Capricorn District Municipality, Limpopo province.",,,,none,none,0,0,0,,-24.042,29.36847,,About Industry,http://www.industryabout.com/country-territories-3/1401-south-africa/solar-energy/26443-witkop-solar-power-plant,Sun Edison,http://www.nersa.org.za/Admin/Document/Editor/file/Consultations/Electricity/Presentations/3_%20Witkop%20Solar%20Park%208%20March%202012.pdf,,,,,132,,,,,South Africa,Same as English,Industry About
1061277,Kathu Solar Park,Solar,,PV,,100,,Building Power,Operational,,,,,none,,,,,,-27.595371,22.929016,,IPP Project South Africa,https://www.ipp-projects.co.za/ProjectDatabase,,,,,,,,,,"Kathu, Northern Cape",,South Africa,,Industry About
1061285,Mulilo Renewable Energy Solar PV De Aar,Solar,,PV,,9.7,,Mulilo,Operational,"De Aar, Northern Cape",,,,,,,,,,-30.627893,24.005385,,Mulilo,http://mulilo.com/Projects/mulilo-renewable-energy-solar-pv-de-aar-10mw/,,,,,,,,,,,,South Africa,Same as English,Industry About
1061286,SlimSun Swartland Solar Park,Solar,,PV,,5,,,Operational,"Malmesbury, Western Cape",,,,,,,,,,-33.34996,18.52947,,Stellenbosch University Thesis Paper,http://concentrating.sun.ac.za/wp-content/uploads/2014/02/5.pdf,,,,,,,,,,,,South Africa,Same as English,Industry About
1061287,Solar Capital De Aar I,Solar,,PV,,75,2014,Solar Capital,Operational,,,,,,,,,,,-30.578827,24.078926,,Stellenbosch University Thesis Paper,http://concentrating.sun.ac.za/wp-content/uploads/2014/02/5.pdf,,,,,,,,,,,,South Africa,Same as English,Industry About
1061291,Mulilo Sonnedix Prieska,Solar,,PV,,86,2016,Sonnedix,Operational,,,2016,,,,,,,,-30.024554,22.339172,,Sonnedix,http://sonnedix.com/news/mulilo-sonnedix-prieska-solar-pv-plant-achieves-commercial-operation/,,,,,,,,,,,,,,Industry About
1026057,Soutpan Solar Power Plant,Solar,,PV,"100 000, 280 W imported crystalline-silicon PV panels",28,,Erika Energy (Pty) Ltd,Operational,"located on Farm Zuurbult, (189 hectares in extent), Local Municipality, Blouberg District Municipality, Limpopo province",,,,none,none,0,0,0,,-22.993,29.25179,,Erika Energy,http://www.nersa.org.za/Admin/Document/Editor/file/Consultations/Electricity/Presentations/Soutpan%20Solar%20Park%20(Erika%20Energy)(%20Pty)%20Ltd.pdf,,,,,0.21,,,,,Blouberg,,South Africa,Same as English,Industry About
1061289,Solar Capital De Aar III,Solar,,PV,,75,2015,Eskom,Operational,,,,,,,,,,,-30.595646,24.102995,,Solar Capital,http://www.solarcapital.co.za/our-projects/de-aar-3-project-2/,,,,,,,,,,,,,,Industry About
1061288,De Aar Solar Power,Solar,,PV,,48,,Globeleq,Operational,,,,,,,,,,,-30.619823,24.033837,,Globeleq,https://www.globeleq.com/power-plants/de-aar/,,,,,,,,,,,,,,Industry About
1026046,Kathu Solar Power Plant,Solar,,CSP,,100,2018,Kathu Solar Park Consortium,Under Development,,,,,,,,,,,-28.881,19.5929,,National Renewable Energy Laboratory,http://www.nrel.gov/csp/solarpaces/project_detail.cfm/projectID=4290,Kathu Solar Park,https://www.kathusolarpark.co.za/,,,,,,,,,,South Africa,Same as English,Industry About
1061309,De Wildt,Solar,,PV,Photovoltaic Crystalline- Single Axis,50,2017,"Sun Edison (60%), Siyakhula Women's Opporunity Trust (35%), Local Community Trust (5%)",Under Development,"13km South East of Brits, North West Province",,,,none,none,0,0,0,,,,Renewable Energy,NERSA,"http://www.nersa.org.za/Admin/Document/Editor/file/Consultations/Electricity/Presentations/SunEdison-%20Zeerust%20,%20Bokamoso%20and%20De%20Wildt%20%20Solar%20Park.pdf",,,,,,,88,,,,North West,South Africa,Same as English,Industry About
1061310,Droogfontein 2 Solar,Solar,,PV,Photovoltaic Crystalline- Single Axis,75,,Sun Edison,Under Development,Kimberley,,,,none,none,0,0,0,,,,Renewable Energy,NERSA,http://www.nersa.org.za/Admin/Document/Editor/file/Consultations/Electricity/Presentations/SunEdison-%20Droogfontein.pdf,,,,,,,132,,,,Northern Cape,South Africa,Same as English,Industry About
1026035,Bokpoort Solar Power Plant,Solar,,CSP,The plant is equipped with molten salt tanks that provide thermal storage capacity of 9.3 hours. This means that Bokpoort can continue to produce electricity long after the sun has set.,50,2016,ACWA Power Solafrica Bokpoort CSP Power Plant (Pty) Ltd,Operational,,,,,Forced Recirculating Tower,None,,,,,-28.727,21.99508,,Acciona,http://www.acciona-energia.com/pressroom/news/2016/september/bokpoort-csp-plant-wins-south-african-national-energy-association-prize/,NREL,https://www.nrel.gov/csp/solarpaces/project_detail.cfm/projectID=271,,,,,,,,,,South Africa,Same as English,Industry About
1026053,Paleisheuwel Solar Power Plant,Solar,,PV,,82.5,,Electra Capital (Pty) Ltd,Operational,,,,,,,,,,,-32.423,18.73556,,Enel Green Power,https://www.enelgreenpower.com/en/media/press/d201605-enel-starts-production-at-its-largest-solar-power-plant-in-south-africa.html,,,,,,,,,,,,South Africa,Same as English,Industry About
1061275,XiNa Solar One,Solar,,CSP,Concentrated Solar Power with storage (min 3 hrs per day),100,2017,Abengoa Solar,Operational,Pofadder,400,2016 - estimated,,Dry Cooling,none,0,0,0,,,,Renewable Energy,National Renewable Energy Laboratory,https://www.nrel.gov/csp/solarpaces/project_detail.cfm/projectID=275,,,,,,,220,,,,Northern Cape,South Africa,Same as English,Industry About
1061276,Adams Solar PV Project,Solar,,PV,,82.5,,Aurora Power Solutions,Operational,"Kathu, Northern Cape",,2017,,none,none,0,0,0,,-27.373734,23.007637,,Enel Green Power,https://www.enelgreenpower.com/media/press/d/2017/02/enel-brings-two-new-south-african-pv-plants-into-operation--,,,,,,,,,,,,South Africa,,Industry About
1061280,Konkoonsies II Solar Facility,Solar,,PV,Photovoltaic Crystalline- Single Axis (267 hectare),75,,,Operational,,,2014,,,,,,,,-28.8871,19.5537694,,NERSA,http://www.nersa.org.za/Admin/Document/Editor/file/Consultations/Electricity/Presentations/Ramizone%20(RF)%20Proprietary%20Limited.pdf,,,,,,,,,,"Pofadder, Northern Cape",,South Africa,,Industry About
1026059,Touwsrivier Solar Power Plant,Solar,,PV,1.500 Soitec CX-S530-II CPV systems organized in 60 sections with a central inverter for each section,44.19,2014,"Public Investment Corporation (PIC), Government Employee Pension Fund (GEPF), SOITEC",Operational,"located in the sunny Breede Valley on the N1 about 150 km north-east of Cape Town, South Africa",,,,none,none,0,0,0,,-33.405493,19.939186,,South Africa Renewable Energy Organization,http://energy.org.za/knowledge-tools/project-database/touwsrivier-project,CPV consortium,http://cpvconsortium.org/projects/26,,,,,,,,,,South Africa,Same as English,Industry About
1026034,Aurora Solar Power Plant,Solar,,PV,The plant consists of 42240 photovoltaic solar modules,10.3,2014,SolaireDirect Southern Africa (Pty) Ltd,Operational,,,2015,,None,None,,,,,-32.642,18.49735,,Solairedirect,http://www.nersa.org.za/Admin/Document/Editor/file/Consultations/Electricity/Presentations/Aurora%20-%20Rietvlei%20Solar%20Power%20(PTY)%20LTD.pdf,Industry About,http://www.industryabout.com/country-territories-3/1401-south-africa/solar-energy/26444-aurora-solar-power-plant,,,,,,,,,,South Africa,Same as English,Industry About
1061303,ACWA Power Khanyisa IPP Project,Coal,,ST,,306,,ACWA Power,Under Development,Mpumalanga Province,,,,Forced Recirculating Tower,none,,,,,,,,ACWA Power,http://www.acwapower.com/en/news/press-releases/acwa-power-led-consortium-awarded-preferred-bidder-status-for-khanyisa-coal-fired-power-plant-in-south-africa/,Engineering News,http://www.engineeringnews.co.za/article/khanyisa-coal-fired-project-to-incorporate-circulating-fluidised-bed-technology-2016-10-11/rep_id:4136,,,,,,,,,,South Africa,,WRI
1061327,Mkuze,Biomass,,ST,1 unit,16.5,,Navosync,Under Development,Mkuze (KwaZulu-Natal),,,,,,900,,,0.30,-27.631437,32.016601,Power generated by burning the tops and trash of sugarcane from Mkuze and surrounding areas,Building Energy,https://www.esi-africa.com/wp-content/uploads/2015/05/Alessandro-Piccinini.pdf,Energy Blog South Africa,http://www.energy.org.za/data-and-tools/project-database/mkuze,,,,,,,,,,South Africa,,WRI
1000115,Acacia,Gas,,OCGT,Acacia consists of three 57MW gas turbine engines at an installed capacity of 171MW. Acacia provides back-up electrical supply to Koeberg Nuclear Power Station as per National Nuclear Regulator licensing requirement.,171,1976,Eskom,Operational,,0.305,2018,,None,None,,,,,-33.88408,18.53361,,Eskom,http://www.eskom.co.za/Whatweredoing/ElectricityGeneration/PowerStations/Pages/Acacia_Power_Station.aspx,Global Energy Observatory,http://www.globalenergyobservatory.org/geoid/1978,,,,,,,,,,South Africa,Same as English,WRI
1000116,Ankerlig,Oil,,OCGT,There are 9 units of 148 MW each. It is intended to supply electricity into the National Grid during peak hours and emergency situations,1327,2007,Eskom,Operational,,,2018,,None,None,,,,,-33.592,18.4607,,Eskom,http://www.eskom.co.za/Whatweredoing/ElectricityGeneration/PowerStations/Pages/Ankerlig.aspx,,,,,,,,,,,,South Africa,Same as English,WRI
1000137,Koeberg,Nuclear,,PWR,2 units,1800,1984,Eskom,Operational,,13668,2018,,,,,,,,-33.67366,18.42811,,Eskom,http://www.eskom.co.za/Whatweredoing/ElectricityGeneration/KoebergNuclearPowerStation/Pages/Koeberg_Power_Station.aspx,,,,,,,,,,,,South Africa,Same as English,WRI
1026013,Mariannhill Landfill,Waste,,,,2,,Mariannhill Landfill,Operational,,,,,,,,,,,-29.848,30.8359,,CDM,https://cdm.unfccc.int/filestorage/S/8/O/S8OFI0NDPKJB7E63VQAMHL94WGU21R/Durban%20PDD_v4-Clean_12Aug15%20ver2.pdf?t=a2F8b2pkNWpvfDA-631GBbgfn6Ka-mgOoj8a,,,,,,,,,,,,South Africa,Same as English,WRI
1026028,Grahamstown,Biomass,,ST,one 3.5 MW steam Turbo Generator Set,3.5,2013,Nollen Group,Operational,"> The power plant will be located at the site of an original coal-fired power plant that used to supplyelectricity to Grahamstown and the surrounding area. The project site is situated about 2 km west of thecentre of Grahamstown. Grahamstown is a small city approximately 100 km northeast of Port Elizabeth,in the Eastern Cape, South Africa",2.816814,,,,,,22562,0,,-33.315,26.49083,,CDM,https://cdm.unfccc.int/filestorage/i/s/C4OHDSABT93VGJLM1KEZ2NWF8RQIX0.pdf/Final%20PDD.pdf?t=RGt8b2pkOHJlfDCYswgKkKG5XKo4tA27UFPb,CDM,http://cdmloanscheme.org/sites/default/files/pdd_3_0.pdf,,91%,,,11,,,,,South Africa,Same as English,WRI
1026031,Ferro Waste Heat Plant,Waste,,,,2.2,,International Ferro Metals SA,Operational,,,,,,,,,,,-25.725,27.61154,,CDM,https://cdm.unfccc.int/filestorage/x/f/K7G8Q0O29ETDPLRIYMJWUH31AXZN6S.pdf/130320_PDD_v16_vvs.pdf?t=Q2t8b2pkOWY5fDBfprezsoFIxaE2NOr8UhEG,,,,,,,,No data available,No data available,No data available,No data available,South Africa,Same as English,WRI
1026032,Hernic Waste Heat Plant,Waste,,ST,6 gas engines,25.47,2013,Hernic Ferrochrome,Operational,,,,,,,,,,,-25.662,27.837,,CDM,https://cdm.unfccc.int/filestorage/u/6/NXTI6RW85GJYOVD7L31F9CPM04SKQZ.pdf/pdd_8956.pdf?t=V1N8b2pkOWpqfDD5qnFqM5wMEN5sEfTla-ss,,,,,,,,,,,,South Africa,Same as English,WRI
1061328,Ngodwana Energy Project,Biomass,,ST,,25,,"Sappi Southern Africa Ltd: 30%
 Fusion Energy (Pty) Ltd: 30%
 KC Africa (Pty) Ltd: 30%
 Ngodwana Energy Employees Trust: 5%
 Ngodwana Energy Community Trust: 5%",Under Development,Ngodwana Mill (Mpumalanga),,,,,,,,,,-25.578097,30.658842,,NERSA,http://www.nersa.org.za/Admin/Document/Editor/file/Consultations/Electricity/Presentations/Ngodwana%20Energy.pdf,,,,,,,,,,,,South Africa,,WRI
1061332,Roggeveld Wind Farm,Wind,,Onshore Wind,49 turbines each with a 3 MW capacity,140,,"Building Energy Development Africa 3 (51%); GEPF, which is wholly owned by the Public Investment Corporation (23.25%); H1 Capital (23.25%) and the local community trust (2.5%)",Under Development,"Sutherland, Northern Cape",,,,none,none,0,0,0,,,,,IPP Project South Africa,https://www.ipp-projects.co.za/ProjectDatabase,Creamer Media's Engineering News,http://www.engineeringnews.co.za/print-version/roggeveld-wind-farm-project-south-africa-2016-05-06,,,,0.97,,,,,,South Africa,,Building Energy
1026024,Rheboksfontein,Wind,,Onshore Wind,35 Vestas V112 wind turbines,105,,"Moyeng Energy (Pty) Ltd (Private Entity), Micawber 895 (Pty) Ltd",Under Development,"located in Western Cape Province, near the town Darling",,2012,,none,none,0,0,0,,-33.335,18.32331,,UNFCCC,http://cdm.unfccc.int/filestorage/a/j/QHEUVXB84Y0W5RGMLTD2CAS6P1IOJK.pdf/8346%20PDD%2022%20Nov%2012.pdf?t=Z1Z8b3k0cGJnfDCOnEH79NyF2D_7TuHYJrpN,,,,,,,,,,,,South Africa,Same as English,WRI
1061314,Excelsior Wind Energy Facility,Wind,,Onshore Wind,Onshore Wind; 13turbines of 2.5MW,31.9,,BioThermEnergy,Under Development,,,,,,,,,,,,,,Engineering News,http://www.engineeringnews.co.za/print-version/excelsior-wind-energy-farm-project-south-africa-2016-04-08,,,,,,,132,,,"Swellendam, Western Cape",,South Africa,,WRI
1061315,Garob Wind Farm,Wind,,Onshore Wind,Onshore Wind; 46 wind turbines,135.93,,juwi Renewable Energies (Pty) Ltd,Under Development,,,,,,,,,,,,,,IPP Project South Africa,https://www.ipp-projects.co.za/ProjectDatabase,,,,,,,,,,"Copperton, Northern Cape",,South Africa,,WRI
1061320,Hopefield Community Wind Farm,Wind,,Onshore Wind,Onshore Wind,5,,"Friedshelf 1481 (Pty) Ltd, to be known as Hopefield Community Windfarm (Pty) once the name change takes effect",Under Development,Hopefield,,,,none,none,0,0,0,,-33.067269,18.403473,IPP Small Projects,SAHRA,http://www.sahra.org.za/sahris/sites/default/files/additionaldocs/Hopefield%20BAR%20Appendix%20G-(EMPr).pdf,,http://www.sahra.org.za/sahris/sites/default/files/heritagereports/Hopefield%20BAR%20Appendix%20D3%20(Heritage%20Report).pdf,,,,,132,,,,Western Cape,South Africa,Same as English,WRI
1061323,Kangnas,Wind,,Onshore Wind,Onshore Wind,136.7,2018,MainstreamRenewablePower,Under Development,,,,,,,,,,,,,,IPP Project South Africa,https://www.ipp-projects.co.za/ProjectDatabase,,,,,,,,,,"Springbok, Northern Cape",,South Africa,,WRI
1061330,Perdekraal East,Wind,,Onshore Wind,,110,,Mainstream Renewable Power,Under Development,Touwsrivier (Western Cape),,,,none,none,,,,,-33.266824,20.614423,,Mainstream Renewable Power,http://mainstreamrp.com/projects/,,,,,,,,,,,,South Africa,,WRI
1061339,The Karusa Wind Farm,Wind,,Onshore Wind,43 Vestas V117 3.3MW,139.8,,Enel Green Power,Under Development,"Sutherland, Northern Cape",,,,none,none,0,0,0,,,,,IPP Project South Africa,https://www.ipp-projects.co.za/ProjectDatabase,Karusa Wind Farm,http://www.nersa.org.za/Admin/Document/Editor/file/Consultations/Electricity/Presentations/Karusa%20Wind%20Farm.pdf,,,,,132,,,,,South Africa,,WRI
1061340,The Nxuba Wind Farm,Wind,,Onshore Wind,47 Acciona AW125 3MW wind turbines,138.9,,Enel Green Power,Under Development,"Cookhouse, Eastern Cape",,,,none,none,0,0,0,,,,,IPP Project South Africa,https://www.ipp-projects.co.za/ProjectDatabase,Nxuba Wind Farm,http://www.nersa.org.za/Admin/Document/Editor/file/Consultations/Electricity/Presentations/5_%20Nxuba%20Wind%20Farm.pdf,,,,,123,,,,,South Africa,,WRI
1061341,The Soetwater Wind Farm,Wind,,Onshore Wind,43 Vestas V117 3.3MW,139.4,,Enel Green Power,Under Development,"Sutherland, Northern Cape",,,,none,none,0,0,0,,,,,IPP Project South Africa,https://www.ipp-projects.co.za/ProjectDatabase,Soetwater Wind Farm,http://www.nersa.org.za/Admin/Document/Editor/file/Consultations/Electricity/Presentations/Soetwater%20Wind%20Farm.pdf,,,,,132,,,,,South Africa,,WRI
1061343,Wesley-Ciskei,Wind,,Onshore Wind,10 3.3 MW V-126:,32.7,,InnoWind (Pty) Ltd Subsidiary of EDF Energies Nouvelles (EDF EN) Group,Under Development,"Hamburg, Eastern Cape",,,,none,none,0,0,0,,,,,IPP Project South Africa,https://www.ipp-projects.co.za/ProjectDatabase,Innowind,http://www.nersa.org.za/Admin/Document/Editor/file/Consultations/Electricity/Presentations/Riverbank%20Wind%20Power%20(Pty)%20Ltd-%20Wesley-Ciskei%20Wind%20Project.pdf,,,,,66,,,,,South Africa,,WRI
1061308,Copperton Windfarm,Wind,,Onshore Wind,Onshore Wind,102,2017,Gestamp Wind,Under Development,Copperton,189.742,2012,,none,none,0,0,0,,-29.908574,22.346794,Renewable Energy,IPP Project South Africa,https://www.ipp-projects.co.za/ProjectDatabase,CDM,https://cdm.unfccc.int/filestorage/v/u/X7WVBJ2SK91IY3A0LT45PMFC8GDHNR.pdf/Mabanaft_SA%20Wind%20PoA_1stCPA_PDD_v03.pdf?t=eTl8b3k2amZ3fDAziXELuMkWLLjdikge0Ykt,,.245,,,132,,,Siyathemba,Northern Cape,South Africa,Same as English,WRI
1061317,Golden Valley Wind,Wind,,Onshore Wind,48 GW121/2500 turbines,120,,Goldwind,Under Development,Cookhouse (Eastern Cape),,,,none,none,,,,,,,,UNFCCC/CCNUCC,http://www.energy.gov.za/files/esources/kyoto/2012/2.%20TWE%20Golden%20Valley%20Wind%20Power%20Project-17%20Jul12.pdf,,http://www.windpowerintelligence.com/article/TnZRFonWOoI/2015/04/23/south_africa_goldwind_to_supply_120mw_to_golden_valley/,,0.3939,,,,,,,,,,WRI
1026014,Red Cap,Wind,,Onshore Wind,32 Turbines Nordex 2.5MW N90,80,2015,Red Cap Kouga Wind Farm Ltd,Operational,,300,2017,,none,none,,,,,-34.136,24.71051,,CDM,https://cdm.unfccc.int/filestorage/u/g/NI4MS38U5B6PADXQ0K2FLG9VY1EHWO.pdf/PDD%20-%20Red%20Cap%20Kouga%20Wind%20Farm.pdf?t=ZUt8b2pkNjE3fDDrIEb0PZzOV-CHzPAgyBW8,Kouga wind farm,http://kougawindfarm.co.za,,,,,,,,,,South Africa,Same as English,WRI
1026019,Karoo Renewable Energy Facility (Nobelsfontein Wind),Wind,,Onshore Wind,41 turbines,73.8,2014,South African Renewable Green Energy,Operational,,221,2016,,,,,,,,-27.602,22.92012,,CDM,https://cdm.unfccc.int/filestorage/h/v/WJEK19MU3GNLTH562P0A7ZYQVDCIRS.pdf/PDD.pdf?t=eEN8b2pkNnp6fDDXvZVJYrHBHDoegHcnh7mQ,,,,,,,,,,,,South Africa,Same as English,WRI
1026021,Dassieklip,Wind,,Onshore Wind,"9 wind turbine generators (WTG) manufactured by Sinovel, a Chinese manufacturer",27,2014,BioTherm Energy,Operational,,,,,None,None,,,,,-34.227,19.37275,,BioTherm Energy,http://www.biothermenergy.com/content/dassiesklip-project,,,,,,,,,,,,South Africa,Same as English,WRI
1026026,Cookhouse,Wind,,Onshore Wind,60 wind turbines,138.6,2014,African Clean Energy Developments (Pty) Limited,Operational,,,,,None,None,,,,,-32.742,25.9242,,African Clean Energy Developments,http://www.nersa.org.za/Admin/Document/Editor/file/Consultations/Electricity/Presentations/Cookhouse%20Wind%20Farm%20%28ACED%20Renewables%20Cookhouse%29%20%28Pty%29%20Ltd.pdf,The wind power,https://www.thewindpower.net/windfarm_en_21724_cookhouse-wind-energy-farm.php,,,,,,,,,,South Africa,Same as English,WRI
1026027,Coega IDZ Windfarm,Wind,,Onshore Wind,25 wind turbines: one of 1.8 MW and 24 of 3 MW,73.8,2010,Electrawinds Africa and Indian Ocean Islands (Pty),Operational,,141.7,,,None,None,,,,,-33.676,25.60284,,CDM,https://cdm.unfccc.int/filestorage/4/2/UB1DG6JSNM5RP749A8EYHFCX0LTV2Z.pdf/8954%20PDD%2022%20Dec%2012.pdf?t=Ylp8b2pkOG0xfDDwgY0_wDMQWuuX_NwESiDj,,,,,,,,,,,,South Africa,Same as English,WRI
1026029,Amakhala Emoyeni Wind Farm,Wind,,Onshore Wind,"The wind farm comprises 56 Nordex N117 / 2,400 turbines with a capacity of 2.4MW each. The turbines have a rotor diameter of 117m and a swept area of 10,715m². Each turbine tower is made of modular tubular steel and has a height of 91m.",134.4,2016,"A joint venture (JV) of Exxaro Resources and Tata Power, Cennergi is the owner and developer of the wind farm.",Operational,,,,,None,None,,,,,-32.875,25.99766,,Power Technology,http://www.power-technology.com/projects/amakhala-emoyeni-wind-farm-bedford/,,,,,,,,,,,,South Africa,Same as English,WRI
1061278,Khobab Wind,Wind,,Onshore Wind,61 turbines,140,,Lekela POwer,Operational,Loeriesfontein (Northern Cape),563.5 (expected),,,none,none,,,,,-30.46423,19.52329,,Khobab Wind Farm,https://khobabwind.co.za/,,,,,,,132,,,,,South Africa,,WRI
1061283,Longyuan Mulilo De Aar Maanhaarberg Wind Energy Facility,Wind,,Onshore Wind,67 x UPC 86 1.5MW Wind Turbine Generators 86m blade diameter,100,,Longyuan South Africa Renewables / Mulilo,Operational,De Aar (Northern Cape),,,,none,none,,,,,-30.725863,23.913708,,Mulilo,http://mulilo.com/Projects/longyuan-mulilo-de-aar-wind-power/,Energy Blog South Africa,http://www.energy.org.za/data-and-tools/project-database/longyuan-mulilo-de-aar-maanhaarberg-wind-energy-facility,,,,,,,,,,South Africa,,WRI
1061284,Longyuan Mulilo Green Energy De Aar 2 North Wind Energy Facility,Wind,,Onshore Wind,96 x 80m Hub Height 1.5MW UPC Wind Turbine Generators,144,2017,Longyuan South Africa Renewables / Mulilo,Operational,De Aar (Northern Cape),,,,none,none,,,,,-30.54115,24.26004,,Mulilo,http://mulilo.com/Projects/longyuan-mulilo-de-aar-2-north/,The World Bank,https://ppi.worldbank.org/snapshots/project/Mulilo-De-Aar-2-Wind-Farm-8313,,,,,132,,,,,South Africa,,WRI
1061293,Darling Wind Farm,Wind,,Onshore Wind,,5.2,2008,Darling Wind power,Operational,,,2014,,,,,,,,-33.317323,18.25858,,Darling Wind Farm,http://www.darlingwindfarm.com/,,,,,0.19,,,,,,,,,WRI
1061294,Van Stadens,Wind,,Onshore Wind,,27,2014,MetroWind,Operational,,,2017,,,,,,,,-33.962979,25.242164,,Metro Wind,https://www.metrowind.co.za/Our-Project,,,,,,,,,,,,,,WRI
1061295,Dorper Wind Farm,Wind,,Onshore Wind,40 Nordex 2.5 MW Turbines,100,2014,Dorper Wind Development,Operational,Oyster Bay,,2018,,,,,,,,-31.480179,26.440658,,Dorper Wind Farm,http://dorperwindfarm.co.za/,,,,,,,,,,,,,,WRI
1061296,Jeffrey's Bay Wind Farm,Wind,,Onshore Wind,,138,2014,Globeleq,Operational,Cookhouse,,2018,,,,,,,,-33.996238,24.843498,,Jeffrey's Bay Wind Farm,https://jeffreysbaywindfarm.co.za/,,,,,,,,,,,,,,WRI
1061297,Waainek Wind Farm,Wind,,Onshore Wind,,23,2016,InnoWind (Pty) Ltd Subsidiary of EDF Energies Nouvelles (EDF EN) Group,Operational,,,2016,,,,,,,,-33.323842,26.464204,,InnoWind,http://www.innowind.com/?page_id=54,,,,,,,,,,,,,,WRI
1061298,Grassridge Wind Farm,Wind,,Onshore Wind,20 Vestas Turbines,61.5,2015,InnoWind (Pty) Ltd Subsidiary of EDF Energies Nouvelles (EDF EN) Group,Operational,,,2016,,,,,,,,-33.676254,25.602926,,InnoWind,http://www.innowind.com/?page_id=53,,,,,,,,,,,,,,WRI
1061300,Tsitsikamma Community Wind Farm,Wind,,Onshore Wind,,95,2016,Exxaro (50%) Tata Power (50%),Operational,,,2016,,,,,,,,-34.07309,24.505665,,Koukamma Municipality,http://www.koukammamunicipality.gov.za/tsitsikamma-community-wind-farm/,,,,,,,,,,,,,,WRI
1061301,Chaba Wind Farm,Wind,,Onshore Wind,7 3 MW Vestas Turbines,21,2015,InnoWind (Pty) Ltd Subsidiary of EDF Energies Nouvelles (EDF EN) Group,Operational,,,2016,,,,,,,,-32.591173,27.963148,,InnoWind,http://www.innowind.com/?page_id=55,,,,,,,,,,,,,,WRI
1061302,Nouport Wind Farm,Wind,,Onshore Wind,35 turbines,80,2016,Mainstream Renewable Power,Operational,,,2016,,,,,,,,-31.175944,25.022411,,Mainstream Renewable Power,http://mainstreamrp.com/6400-2/,,,,,,,,,,,,,,WRI
1026030,TWE Golden Valley,Wind,,Onshore Wind,82 Vestas V100-1.8 MW turbines,147.6,,Terra Wind Energy – Golden Valley (Pty) Limited,Under Development,"15 km Southeast of Cookhouse in the Eastern Cape province, South Africa",,2012,,none,none,0,0,0,,-33.411,19.92885,,CDM,http://www.energy.gov.za/files/esources/kyoto/2012/2.%20TWE%20Golden%20Valley%20Wind%20Power%20Project-17%20Jul12.pdf,,,,0.3939,0.39,,132,,,,,South Africa,Same as English,WRI
1061329,Oyster Bay Wind Farm,Wind,,Onshore Wind,43 x Vestas V117 3.3MW,141.9,,Enel Green Power S.p.A.,Under Development,Humansdor (Eastern Cape),,,,none,none,,,,,,,,NERSA,http://www.nersa.org.za/Admin/Document/Editor/file/Consultations/Electricity/Presentations/Oyster%20Bay%20Wind%20Farm.pdf,,,,,,,132,,,,,South Africa,,WRI
1061299,Gouda Wind Farm,Wind,,Onshore Wind,46 3 MW Turbines,138,2015,ACCIONA Energía (54.9%); Royal bafokeng Holdings (25.1%); Soul City (10%); Gouda Wind Energy Community Trust (10%),Operational,,,2015,,,,,,,,-33.266497,19.022528,,Acciona,http://www.acciona-energia.com/areas-of-activity/wind-power/major-projects/gouda-wind-farm/,,,,,,,,,,,,,,WRI
1061279,Klawer Wind Farm,Wind,,Onshore Wind,Onshore Wind,30,2014,Energie Baden Württemberg Kraftwerke AG (Germany) and Private entity G7 Renewable Energies (Pty) Ltd (South Africa),Operational,Klawer,78.319,2006,,none,none,0,0,0,,-31.839389,18.563841,IPP Small Projects,CDM,http://www.energy.gov.za/files/esources/kyoto/2011/06-06-2011%20-%20Klawer%20PDD.pdf,,,,0.298018,,,,,,,Western Cape,South Africa,Same as English,WRI
1061307,Busby Renewables Biomass Project,Biomass,,Sub-critical Thermal,,5,,"Joint venture between Farmsecure Energy (Pty) Ltd and J&J Timber Suppliers (Pty) Ltd, run in an SPV named Busby Renewables (Pty) Ltd.",Under Development,"Wakkerstroom, Mpumalanga",,,,,,,,,,,,,Energy Department - Republic of South Africa,http://www.energy.gov.za/files/esources/kyoto/2012/PDD_Application_FormFarmsecurCombustionGasificationPoA[1].pdf,EON Consulting,http://www.sahra.org.za/sahris/sites/default/files/additionaldocs/Busby%20Renewables%20Draft%20Basic%20Assessment%20Report%20-%20compilation%20Rev%201.pdf,,,,,,,,,,South Africa,,WRI
1061316,George Biomass to Energy Project,Biomass,,Sub-critical Thermal,,5,,MBHE African Power Pty Ltd,Under Development,"George, Western Cape",,,,,,,,,,,,,George Herald,https://www.georgeherald.com/news/News/General/185909/userregister.aspx,MURRAY & ROBERTS,http://www.murrob.com/publications/robust_march_2016/business_platform_power_water.html,,,,,,,,,,South Africa,,WRI
1061338,Thabametsi Power Project,Coal,,Sub-critical Thermal,Units 1&2: 315 MW,600,,"Marubeni Corporation, KEPCO",Under Development,Limpopo,,,,Forced Recirculating Tower,none,,,,,,,,Savannah Environmental,https://cer.org.za/wp-content/uploads/2016/07/Thabametsi-Final-Summary-Report-Jun17.pdf,Thabametsi power station,https://www.sourcewatch.org/index.php/Thabametsi_power_station,,,,,,,,,,South Africa,,WRI
1026025,Lomati,Biomass,,Sub-critical Thermal,50 t/h superheated steam boiler; 10.1 Mwesteam turbine generator,10.1,,Lomati Energy,Operational,,,,,,,,,,,-25.772,31.04061,,CDM,https://cdm.unfccc.int/filestorage/t/3/9Y54XCFT6QEUHSP8G2LBKDNOVI0MR7.pdf/7476-PDD-%202012%2012%2020.pdf?t=cEV8b2pkOGJqfDAG2GqZOvOHHIj_8tAhv1oC,,,,,,,,,,,,South Africa,Same as English,WRI
1000120,Drakensberg,Hydro,,Pumped Storage,"generate electricity for 10 hours with all 4 units per day, pump water back to the top dam for 9 hours with all 4 units per day. A pumped storage scheme generates electricity during peak hours, which is everyday when the demand of electricity rises. During the off-peak periods Drakensberg will use its reversible turbines to pump the water back to the upper reservoir, readying the system for peak periods. 4 x 250MW generating sets - Installed capacity 1000 MW - Nominal operating head of 450m - Average availability over last 3 years: 93, 88% - Average production over last 3 years: 2041 GWh - Average import (pumping) over last 3 years: 2766 GWh",1000,1981,Eskom,Operational,Free State & KwaZulu-Natal,2041,2018,,none,none,0,0,0,1.00,-28.565066,29.0842,,Eskom,http://www.eskom.co.za/OurCompany/PhotoGallery/Pages/Eskom_Power_Stations.aspx,Eskom,http://www.eskom.co.za/Whatweredoing/ElectricityGeneration/PowerStations/Pages/Drakensberg_Pumped_Storage_Scheme.aspx,,,,0.9388,,,,,,South Africa,Same as English,WRI [Colin]
1000132,Palmiet,Hydro,,Pumped Storage,2 200MW units,400,1988,Eskom,Operational,,,2018,,,,,,,,-34.19722,18.97361,,Eskom,http://www.eskom.co.za/OurCompany/PhotoGallery/Pages/Eskom_Power_Stations.aspx,,,,,,,,,,,,South Africa,Same as English,WRI
1000121,Gariep,Hydro,,Dam with Reservoir,Four 90MW units,360,1971,Eskom,Operational,on the Orange River about 48 kilometres (30 mi) north-east of Colesberg and 208 kilometres (129 mi) south of Bloemfontein,889,2018,,none,none,0,0,0,1.00,-30.62396,25.50403,,Eskom,http://www.eskom.co.za/OurCompany/PhotoGallery/Pages/Eskom_Power_Stations.aspx,Eskom,http://www.eskom.co.za/Whatweredoing/ElectricityGeneration/PowerStations/Pages/Gariep_Hydroelectric_Power_Station.aspx,,,,0.9658,,,,,,South Africa,Same as English,WRI [Colin]
1061325,Kruisvallei Hydro,Hydro,,Run of River,,4.5,,,Under Development,Bethlehem (Free State),,,,none,none,,,,,-28.404776,28.365559,,IPP Project South Africa,https://www.ipp-projects.co.za/ProjectDatabase,,,,,,,,,,,,South Africa,,WRI
1026016,Bethlehem Hydro,Hydro,,Run of River,The plant consists of two small hydro power plants: Sol Plaatje Hydro Power Plant (3 MW) and Merino Hydro Power Plant (4 MW),7,2009,Bethlehem Hydro Proprietary Limited,Operational,,42,,,None,None,,,,,-28.217,28.36314,,NuPlanet Clean Energy,http://www.nuplanet.co.za/docs/Bethlehem%20Hydro%20Brochure%2011.pdf,REH-Renwable Energy Holdings,http://www.rehgroup.co.za/project/merino/,,,,,,,,,,South Africa,Same as English,WRI
1026017,Neusberg,Hydro,,Run of River,,12.57,,,Operational,,,,,,,,,,,-28.772,20.74305,,CDM,https://cdm.unfccc.int/filestorage/t/z/MGRXNJW6LIFP7TYHB3E8O9S4VQ12AC.pdf/Neusberg%20Grid%20Connected%20Hydroelectric%20Power%20Plant%2C%20South%20Africa.pdf?t=S0R8b2pkNm1ofDDHCciysjdEqJ9GrpoNRKeP,,,,,,,,,,,,South Africa,Same as English,WRI
1026015,Bisasar Road Landfill,Waste,,Internal Combustion Engine,The harvested gas is burnt in spark ignition gas engines driving generators to produce electricity which is then fed into the municipal grid.,6.5,2008,Ethekwini Municipality,Operational,,39,,,Not specified,None,,,,,-29.813,30.9821,,Ethekwini Municipality,http://www.cityenergy.org.za/uploads/resource_340.pdf,,,,,,,,,,,,South Africa,Same as English,WRI
1026020,Dundee Biogas,Waste,,Internal Combustion Engine,6 anaerobic digestors producing biogas,2.22,2016,Dundee Biogas Power,Operational,13 km north-east of Dundee in Kwazulu Natal province in South Africa,0.015823,,,dry air,none,0,"2,372",149908.3612,,-28.119,30.35841,,CDM,https://cdm.unfccc.int/filestorage/7/u/KG1M94TCPARQIYH3ZWD6J2LXOF8E0S.pdf/8047-PDD-6%20Nov%2012.pdf?t=YlJ8b2pkN2E0fDBhziM8O2VZh573GujB0TQQ,CDM,http://cdmloanscheme.org/sites/default/files/pdd_3_0.pdf,,,0.90,,,,,,,South Africa,Same as English,WRI
1026022,Samancor Middleburg Ferrochrome,Waste,,Internal Combustion Engine,20 1.698 MW,34,,Samancor Middelburg Ferrochrome,Under Development,"4.5 km southeast of the centre of Middelburg on the eastern bank of the Vaalbankspruit, and covers approximately 362 ha.",,2012,,,,,,,,-25.804,29.49459,,CDM,http://www.energy.gov.za/files/esources/kyoto/2012/10-06-2012_Clean_PDD_Middelburg%20(MFC).pdf,,,,0.7550,,,,,"1050, 2 Hektaar St, Industria, Middelburg - MP, 1050, South Africa",,1050,South Africa,Same as English,WRI
1061326,Kusile Power Station Units 2-6,Coal,,Super-critical Thermal,5 units,4000,2018-2022,Eskom,Under Development,,,,,Dry Cooling,,,,,,,,,Eskom,http://www.eskom.co.za/Whatweredoing/NewBuild/Pages/Kusile_Power_Station.aspx,,,,,,,,,,,,,,WRI
1061290,Tom Burke Solar Park,Solar,,PV,,66,2017,Enel Green Power,Operational,Limpopo Province,,2017,,,,,,,,-23.0748,27.9912,,Enel Green Power,https://www.enelgreenpower.com/media/news/d/2017/09/south-africa-tom-burke-solar-plant-key-to-security-of-supply-for-limpopo-province,,,,,,,,,,,,,,Industry About
1026045,Kalkbult Solar Power Plant,Solar,,PV,312504 PV Modules,75,2013/09,Scatec Solar,Operational,,,2017,,,,,,,,-31.727,23.19199,,Acciona,http://www.scatecsolar.com/Portfolio/South-Africa/Kalkbult-South-Africa-75-MW,,,,,,,,,,,,South Africa,Same as English,Industry About
1026044,Jasper Solar Power Plant,Solar,,PV,325360 solar panels,96,2014,Jasper Solar Park,Operational,,,2017,,,,,,,,-28.312,23.36727,,Solar Reserve,http://www.solarreserve.com/en/global-projects/pv/jasper,,,,,,,,,,,,South Africa,Same as English,Industry About
1026051,Letsatsi Solar Power Plant,Solar,,PV,277632 solar panels,75,2014,Letsatsi Solar Energy Limited,Operational,,,2017,,none,none,,,,,-28.915,25.91987,,Solar Reserve,http://www.solarreserve.com/en/global-projects/pv/letsatsi,,,,,,,,,,,,South Africa,Same as English,Industry About
1061292,Pulida Solar Park,Solar,,PV,,82.5,2017,Enel Green Power,Operational,Free State,,2017,,,,,,,,-29.038727,24.933172,,Enel Green Power,https://www.enelgreenpower.com/media/press/d/2017/02/enel-brings-two-new-south-african-pv-plants-into-operation--,,,,,,,,,,,,,,Industry About
1000133,Port Rex,Gas,Kerosene,OCGT,Three 57MW gas turbines,171,1976,Eskom,Operational,,0.041,2018,,,,770.9756098,99.465,,,-33.02739,27.88382,,Eskom,http://www.eskom.co.za/Whatweredoing/ElectricityGeneration/PowerStations/Pages/Port_Rex_Power_Station.aspx,Eskom,http://www.eskom.co.za/AboutElectricity/FactsFigures/Documents/GS_0001GasTurbineStationsAcaciaPortRexRev10.pdf,,,,98.73%,,,,,,South Africa,Same as English,WRI
1000136,Vanderkloof,Hydro,,Pumped Storage,Two 120MW units,240,1977,Eskom,Operational,located underground at the Vanderkloof Dam near Petrusville in the Northern Cape,932,2018,,none,none,0,0,0,,-29.99337,24.73384,,Eskom,http://www.eskom.co.za/sites/heritage/Pages/VANDERKLOOF-POWER-STATION.aspx,Global Energy Observatory,http://globalenergyobservatory.org/geoid/5911,,,,0.9741,,,,,,South Africa,Same as English,WRI
1061282,Loeriesfontein 2,Wind,,Onshore Wind,"61 turbines: Siemens SWT-2.3-108 (power 2 300 kW, diameter 108 m)",140,2017,Mainstream Renewable Power / Actis,Operational,Loeriesfontein (Northern Cape),,,,none,none,,,,,-30.403698,19.5891,,Loeriesfontein Wind Farm,https://loeriesfonteinwind.co.za/loeriesfontein-wind-farm/overview/,Energy Blog South Africa,http://www.energy.org.za/data-and-tools/project-database/loeriesfontein-2-wind-farm,,,,,,,,Hantan,,South Africa,,WRI [Colin]
1026048,Khi Solar Power Plant,Solar,,CSP,1482 acres,50,2016,Abengoa Solar,Operational,,180,2016,,,,,,,,-28.538,21.07766,,Abengoa Solar,http://www.abengoasolar.com/web/en/plantas_solares/,Concentrated Solar Power Projects,https://www.nrel.gov/csp/solarpaces/project_detail.cfm/projectID=244,,,,,,,,,,South Africa,Same as English,WRI [Colin]
1026055,RustMo1 Solar Power Plant,Solar,,PV,"11 inverters and 29 808 photovoltaic solar modules, with a step up transformer to connect to the 88kV substation",7,2013,Momentous Energy,Operational,east of the city of Rustenburg,,2015,,none,none,0,0,0,,-25.738,27.41814,,Juwi,http://www.juwi.co.za/projects/,DOE,http://www.energy.gov.za/files/WOESA/2015/northwest/Perspective-of-an-IPP-in-the-North-West-Province.pdf,,,,,,,,,,South Africa,Same as English,WRI [Colin]
1026058,Swartland Solar Power Plant,Solar,,PV,"Number of modules Ι Module type: 23,904 Ι BYD 250 P6-30",5,2015,SlimSun,Operational,"Malmesbury (Western Cape Province, South Africa)",,,,none,none,0,0,0,,-33.35,18.52983,,South Africa Renewable Energy Organization,http://energy.org.za/knowledge-tools/project-database/slimsun-swartland-solar-park,Juwi,http://www.juwi.co.za/fileadmin/user_upload/Swartland_Solar_Farm_Fact_Sheet.pdf,,,,,,,,,,South Africa,Same as English,WRI [Colin]
1026060,Upington Solar Power Plant,Solar,,PV,,8.9,2014,Enel Green Power S.p.a,Operational,located in the Northern Cape province,,2014,,none,none,0,0,0,,-28.419,21.2688,,South Africa Renewable Energy Organization,http://energy.org.za/knowledge-tools/project-database/upington-solar-pv,Enel,https://www.enelgreenpower.com/en/media/press/d201405-enel-green-power-first-photovoltaic-plant-in-south-africa-gets-go-ahead.html,,,,,,,,,,South Africa,Same as English,WRI [Colin]
1026061,Vredendal Solar Power Plant,Solar,,PV,35 000 x 300kW Renesola modules manufactured by Solaire Direct Technologies in Cape Town,10.5,2014,Solairedirect Southern Africa,Operational,town of Vredendal in the Western Cape,,2012,,none,none,0,0,0,,-31.634,18.50534,,Engie,http://uas.engie.com/content/uploads/sites/8/2016/07/20160602-Africa-Presentation-me%CC%81tiers.pdf,African Infrastructure Investment Managers,https://aiimafrica.com/funds/current_investments/vredendal-solar-park/,,,,,,,,Matzikama,,South Africa,Same as English,WRI [Colin]
1026063,Prieska Solar Plant,Solar,,PV,275000 modules,86,2016,Juwi Renewable Energies (Pty) Ltd,Operational,,,,,none,none,,,,,-30.022,22.35589,,Juwi,http://www.juwi.co.za/projects/detail/juwiarticle/artikel/detail//prieska-solar-plant/,,,,,,,,,,,,South Africa,Same as English,WRI [Colin]
1026056,Sishen Solar Power Plant,Solar,,PV,"319,600 photovoltaic panels",94.3,2014,"ACCIONA Energy (51%), Aveng (29%), Soul City (10%), Dibeng Community Solar Energy Trust (10%)",Operational,located at Dibeng (Northern Cape),,2015,,none,none,0,0,0,,-27.584,22.92754,,Acciona,http://accionaenergia.azurewebsites.net/areas-of-activity/photovoltaic/major-projects/sishen-photovoltaic-plant/,,,,,,,,,,,,South Africa,Same as English,WRI [Colin]
1000134,Sere,Wind,,Onshore Wind,46 turbines of 2.3 MW each,100,2015,Eskom,Operational,"located close to the town of Koekenaap and falls within the Matzikama Municipality, in the Western Cape, South Africa",,2018,,none,none,0,0,0,,-31.512805,18.091398,,Eskom,http://www.eskom.co.za/AboutElectricity/RenewableEnergy/Pages/SereWindFarm.aspx,Eskom,http://www.eskom.co.za/news/Documents/SereCommerciallyOperational.pdf,,,,,,,"Unnamed Rd, Olifants River Settlement, West Coast DC, South Africa",,,South Africa,Same as English,WRI [Colin]
1026018,Hopefield,Wind,,Onshore Wind,37 wind turbines,66.6,2014,Umoya Energy,Operational,,190,2014,,,,,,,,-33.093,18.39873,,CDM,https://cdm.unfccc.int/filestorage/l/u/F1A2TM3QHOKWNVLDE5JZGIRS98BUCX.pdf/PDD%20Hopefield.pdf?t=OTR8b2pkNngzfDDowoIvyI_mpurbcPT1SA-3,Renewables Now,https://renewablesnow.com/news/s-africas-67-mw-hopefield-wind-park-reaches-cod-409259/,,,,,,,,,,South Africa,Same as English,WRI
1026023,West Coast 1,Wind,,Onshore Wind,47 2-MW turbines,94,2015,"ENGIE (43%), Investec Bank Limited (34.5%) and KTH (20%)",Operational,located 130 km north of Cape Town,,2012,,none,none,0,0,0,,-32.834,18.00613,,Engie,http://www.engie.com/en/journalists/press-releases/inaugurates-wind-farm-south-africa/,DOE,http://www.energy.gov.za/files/esources/kyoto/2012/20120608_west%20coast%201%20PDD.pdf,,,,,,,,,,South Africa,Same as English,WRI
1026012,PetroSA Biogas Plant,Waste,,Internal Combustion Engine,"three GE Jenbacher reciprocating gas engine generator sets, each with a capability to generate a maximum of 1412kW",4.2,2007,The Petroleum Oil and Gas Corporation of South Africa,Operational,,,,,,,,,,,-34.145,22.10452,,CDM,https://cdm.unfccc.int/filestorage/M/V/B/MVB35TXGKH9S86MMWF1WMYV9LHQJC6.2/PetroSA%20biogas%20to%20energy%20project%20-%20PDD%20final.doc?t=bjh8b2pkNXBrfDCJrEDoqVQN88AILH3Ohy5c,Eskom,http://www.biothermenergy.com/blog/petrosa-biogas-project,,,,,,,,,,South Africa,Same as English,WRI
1026052,Linde Solar Power Plant,Solar,,PV,138000 Jinko Solar polycrystaline modules,40,2014,Scatec Solar,Operational,,,2017,,none,none,,,,,-31,24.65115,,Scatec Solar,http://www.scatecsolar.com/Portfolio/South-Africa/Linde-South-Africa-40-MW,,,,,,,,,,,,South Africa,Same as English,WRI [Colin]
1026047,KaXu Solar Power Plant,Solar,,CSP,"775 acres with 1,200 parabolic trough solar collector assemblies",100,2015,Abengoa Solar,Operational,,,2017,,,,,,,,-30.16,24.13646,,Abengoa Solar,http://www.abengoasolar.com/web/en/plantas_solares/,Power Technology,http://www.power-technology.com/projects/kaxu-solar-one-northern-cape/,,,,,132,,,"Pofadder, Northern Cape",,South Africa,Same as English,WRI [Colin]
1026050,Lesedi Solar Power Plant,Solar,,PV,277632 solar panels,75,2014,Lesedi Solar Park,Operational,,,2017,,,,,,,,-28.3153,23.3536,,Solar Reserve,http://www.solarreserve.com/en/global-projects/pv/lesedi,,,,,,,,,,,,South Africa,Same as English,WRI [Colin]
1061312,Dyason's Klip 1,Solar,,PV,Photovoltaic Crystalline- Single Axis; 278 polycrystalline PV,75,,,Under Development,,,,,,,,,,,,,,IPP Project South Africa,https://www.ipp-projects.co.za/ProjectDatabase,,,,,,,400 / 132,,,"Upington, Northern Cape",,South Africa,,Industry About
1061321,Ilanga CSP 1 / Karoshoek Solar One,Solar,,CSP,Concentrated Solar Power with storage (min 3 hrs per day),100,,Ilangalethu Solar Power,Under Development,,,,,,,,,,,,,,NERSA,http://www.nersa.org.za/Admin/Document/Editor/file/Consultations/Electricity/Presentations/Karoshoek%20Solar%20One%20(Pty)%20LTD.pdf,Sahra,http://www.sahra.org.za/sahris/sites/default/files/additionaldocs/12.%20Appendix%20J%20-%20Visual.pdf,,,,,400 / 132,,,"Upington, Northern Cape",,South Africa,,Industry About
1000129,Majuba power station,Coal,Syngas,ST,Units 1-3 657 MW (dry cooling); Units 4-6 712 MW (wet cooling),4110,1999,Eskom,Operational,,,2018,,Wet cooling (units 1-3); dry cooling (units 4-6),,,24050103,1.06,,-27.09555,29.77055, / GCPT_Plant_Units_Link: L103449=>G106600;G106601;G106602;G106603;G106604;G106605 / ,Eskom,http://www.eskom.co.za/OurCompany/PhotoGallery/Pages/Eskom_Power_Stations.aspx,,,,,,,,,,,,South Africa,Same as English,WRI
1000130,Matimba power station,Coal,,ST,6 665MW units,3990,1989,Eskom,Operational,,23789,2018,,Dry cooling,,,2.51E+07,0.89,0.35,-23.66777,27.61277,Coal from adjacent Grootegeluk colliery / GCPT_Plant_Units_Link: L103431=>G106720;G106721;G106722;G106723;G106724;G106725 / ,GCPT,https://endcoal.org/global-coal-plant-tracker/,,,,,,93.67,,,,,,South Africa,Same as English,WRI
1000127,Kriel power station,Coal,,ST,6 units,3000.0,1978,Eskom,Operational,,17880,2018,,,,,,,,-26.25404,29.18008, / GCPT_Plant_Units_Link: L103447=>G105964;G105965;G105966;G105967;G105968;G105969 / ,GCPT,https://endcoal.org/global-coal-plant-tracker/,,,,,,,,,,,,South Africa,Same as English,WRI
1000119,Duvha power station,Coal,,Sub-critical Thermal,Six 600MW units Installed capacity: 3 600MW- 2001 capacity: 3 450MW- Design efficiency at rated turbine MCR (%): 37.6%- Ramp rate: 40% per hour- Average availability over last 3 years: 89.85%,3600,1982,Eskom,Operational,Approximately 15 km east od Witbank in Mpumalanga,22.798,2018,,Recirculation Cooling Pond,,3622230164,22228.05,0.975,0.38,-25.95954,29.34094, / GCPT_Plant_Units_Link: L103440=>G102524;G102525;G102526;G102527;G102528;G102529 / ,GCPT,https://endcoal.org/global-coal-plant-tracker/,Eskom,http://www.eskom.co.za/Whatweredoing/ElectricityGeneration/PowerStations/Pages/Duvha_Power_Station.aspx,3450,,,89.85,400,,"Old Bethal Road, Emalahleni, 1034, África do Sul",Emalahleni,"PO Box 2199,Emalahleni,1035",South Africa,Same as English,WRI [Aaron]
1000124,Hendrina power station,Coal,,Sub-critical Thermal,10 200MW units,2000,1973,Eskom,Operational,"Pullens Hope, Nkangala District, Mpumalanga, South Africa",9546.28,2018,,Recirculation Cooling Pond,,,9907320.31,1.04,0.34,-26.03138,29.60138, / GCPT_Plant_Units_Link: L103442=>G103806;G103807;G103808;G103809;G103810;G103811;G103812;G103813;G103814;G103815 / ,GCPT,https://endcoal.org/global-coal-plant-tracker/,TUDelft,http://enipedia.tudelft.nl/wiki/Hendrina_Powerplant,,,,,400,,"Impala Street, Pullens Hope, 1096, África do Sul",Pullens Hope,1096,South Africa,Same as English,WRI
1000123,Grootvlei power station,Coal,,Sub-critical Thermal,Six 200MW units,1190.0,1972,Eskom,Operational,close to the town of Balfour in Mpumalanga,,2018,,Dry Air,none,,,,0.33,-26.76955,28.49951, / GCPT_Plant_Units_Link: L103441=>G103136;G103137;G103138;G103139;G103140;G103141 / ,GCPT,https://endcoal.org/global-coal-plant-tracker/,Source Watch,https://www.sourcewatch.org/index.php/Grootvlei_Power_Station,1130,,,,,,,,,South Africa,Same as English,WRI [Colin]
1000126,Komati Power Station,Coal,,Sub-critical Thermal,9 units,1000,1963,Eskom,Operational,,,2018,,,,,,,,-26.089861,29.472455, / GCPT_Plant_Units_Link: L103446=>G105828;G105829;G105830;G105831;G105832;G105833;G105834;G105835;G105836 / ,GCPT,https://endcoal.org/global-coal-plant-tracker/,,,,,,,,,,,,South Africa,Same as English,WRI
1000117,Arnot power station,Coal,,Sub-critical Thermal,Six 350 MW units,2352.0,1973,Eskom,Operational,,9675,2018,,Natural Recirculating Tower,None,,,,,-25.94444,29.79166, / GCPT_Plant_Units_Link: L103438=>G100348;G100349;G100350;G100351;G100352;G100353 / ,GCPT,https://endcoal.org/global-coal-plant-tracker/,,,,,,,,,,,,South Africa,Same as English,WRI
1000118,Camden power station,Coal,,Sub-critical Thermal,The plant consists of eight 200 MW units,1600,1968,Eskom,Operational,,7472.1,2018,,Natural Recirculating Tower,Jericho Dam,,,,,-26.62007,30.09113, / GCPT_Plant_Units_Link: L103439=>G101168;G101169;G101170;G101171;G101172;G101173;G101174;G101175 / ,GCPT,https://endcoal.org/global-coal-plant-tracker/,CARMA,http://carma.org/plant/detail/6796,,,,,,,,,,South Africa,Same as English,WRI
1000125,Kendal power station,Coal,,Sub-critical Thermal,6 units,4116,1990,Eskom,Operational,,13000,2018,,,,,,,,-26.08805,28.96888, / GCPT_Plant_Units_Link: L103443=>G105663;G105664;G105665;G105666;G105667;G105668 / ,GCPT,https://endcoal.org/global-coal-plant-tracker/,,,,,,,,,,,,South Africa,Same as English,WRI
1000128,Lethabo power station,Coal,,Sub-critical Thermal,6 units,3708,1987,Eskom,Operational,,,2018,,,,,,,,-26.74027,27.975, / GCPT_Plant_Units_Link: L103423=>G106240;G106241;G106242;G106243;G106244;G106245 / ,GCPT,https://endcoal.org/global-coal-plant-tracker/,,,,,,,275,,,,,South Africa,Same as English,WRI
1000131,Matla power station,Coal,,Sub-critical Thermal,6 600MW units,3600,1981,Eskom,Operational,,25199,2018,,Wet cooling,Grootdraai Dam,,22820000,1.06,0.38,-26.28036,29.14229, / GCPT_Plant_Units_Link: L103450=>G106726;G106727;G106728;G106729;G106730;G106731 / ,GCPT,https://endcoal.org/global-coal-plant-tracker/,,,,,,93.84,,,,,,South Africa,Same as English,WRI
1061281,Kusile Power Station,Coal,,Super-critical Thermal,1 unit,794.0,2018,Eskom,Operational,,,2018,,Dry Cooling,,,,,,-25.919423,28.915617, / GCPT_Plant_Units_Link: L103448=>G106039;G106040;G106041;G106042;G106043;G106044 / ,GCPT,https://endcoal.org/global-coal-plant-tracker/,,,,,,,,,,,,South Africa,,WRI
1000135,Tutuka power station,Coal,,ST,6 609MW units,3654,1987,Eskom,Operational,"located at Between Standerton and Bethal, approximately 25 km from Standerton in Mpumalanga, SA",19764,2018,,natural draft cooling tower,Grootdraai dam,,,,,-26.776657,29.352718,fuel: bituminous coal / GCPT_Plant_Units_Link: L103452=>G110396;G110397;G110398;G110399;G110400;G110401 / ,GCPT,https://endcoal.org/global-coal-plant-tracker/,Global Energy Observatory,http://globalenergyobservatory.org/geoid/5813,,,,0.7948,765,,"Thuthukani, Standerton, 2430, South Africa",,,South Africa,Same as English,WRI
1075860,Kelvin power station,Coal,,,,600.0,1964,Aldwych International Ltd,,,,2018,,,,,,,,-26.1157758,28.194019, / GCPT_Plant_Units_Link: L103425=>G105640;G105641;G105642;G105643;G105644;G105645;G105646;G105647;G105648;G105649;G105650;G105651;G105652 / ,GCPT,https://endcoal.org/global-coal-plant-tracker/,,,,,,,,,,,,South Africa,,GCPT
1075861,Pretoria West power station,Coal,,,,180.0,1952,,,,,2018,,,,,,,,-25.75839,28.14667, / GCPT_Plant_Units_Link: L104372=>G113799;G113800;G113801;G113802;G113803;G113804 / ,GCPT,https://endcoal.org/global-coal-plant-tracker/,,,,,,,,,,,,South Africa,,GCPT
1075862,Rooiwal power station,Coal,,,,300.0,1966,Tshwane Electricity Division,,,,2018,,,,,,,,-25.555010100000004,28.237573200000003, / GCPT_Plant_Units_Link: L103426=>G108622;G108623;G108624;G108625;G108626 / ,GCPT,https://endcoal.org/global-coal-plant-tracker/,,,,,,,,,,,,South Africa,,GCPT
