country,country_long,name,gppd_idnr,capacity_mw,latitude,longitude,fuel1,fuel2,fuel3,fuel4,commissioning_year,owner,source,url,geolocation_source,year_of_capacity_data,generation_gwh_2013,generation_gwh_2014,generation_gwh_2015,generation_gwh_2016,estimated_generation_gwh
FIN,Finland,,FIN0000087,16.0,,,Oil,Nuclear,Gas,Biomass,,Outokumpu Stainless Oy,Energiavirasto,http://www.energiavirasto.fi/documents/10191/0/Energiaviraston+Voimalaitosrekisteri+010117.xlsx/fa2c9bd2-e436-4dbb-a2e5-074ecbf11d23,,2017.0,,,,,
FIN,Finland,,FIN0000086,20.0,,,Oil,Nuclear,Gas,Biomass,,Hämeenkyrön voima Oy,Energiavirasto,http://www.energiavirasto.fi/documents/10191/0/Energiaviraston+Voimalaitosrekisteri+010117.xlsx/fa2c9bd2-e436-4dbb-a2e5-074ecbf11d23,,2017.0,,,,,
FIN,Finland,,FIN0000085,12.9,,,Hydro,,,,,KYRÖSKOSKEN VOIMA OY,Energiavirasto,http://www.energiavirasto.fi/documents/10191/0/Energiaviraston+Voimalaitosrekisteri+010117.xlsx/fa2c9bd2-e436-4dbb-a2e5-074ecbf11d23,,2017.0,,,,,
FIN,Finland,,FIN0000084,65.0,,,Oil,Nuclear,Gas,Biomass,,Elenia Lämpö Oy,Energiavirasto,http://www.energiavirasto.fi/documents/10191/0/Energiaviraston+Voimalaitosrekisteri+010117.xlsx/fa2c9bd2-e436-4dbb-a2e5-074ecbf11d23,,2017.0,,,,,
FIN,Finland,,FIN0000083,2.0,,,Hydro,,,,,Killin Voima Oy,Energiavirasto,http://www.energiavirasto.fi/documents/10191/0/Energiaviraston+Voimalaitosrekisteri+010117.xlsx/fa2c9bd2-e436-4dbb-a2e5-074ecbf11d23,,2017.0,,,,,
FIN,Finland,,FIN0000082,7.8,,,Hydro,,,,,Seinäjoen Energia Oy,Energiavirasto,http://www.energiavirasto.fi/documents/10191/0/Energiaviraston+Voimalaitosrekisteri+010117.xlsx/fa2c9bd2-e436-4dbb-a2e5-074ecbf11d23,,2017.0,,,,,
FIN,Finland,,FIN0000081,195.0,,,Oil,Nuclear,Gas,Biomass,,Lahti Energia Oy,Energiavirasto,http://www.energiavirasto.fi/documents/10191/0/Energiaviraston+Voimalaitosrekisteri+010117.xlsx/fa2c9bd2-e436-4dbb-a2e5-074ecbf11d23,,2017.0,,,,,
FIN,Finland,,FIN0000080,27.6,,,Wind,,,,,Puhuri Oy,Energiavirasto,http://www.energiavirasto.fi/documents/10191/0/Energiaviraston+Voimalaitosrekisteri+010117.xlsx/fa2c9bd2-e436-4dbb-a2e5-074ecbf11d23,,2017.0,,,,,
FIN,Finland,,FIN0000089,9.0,,,Wind,,,,,Tuuliwatti Oy,Energiavirasto,http://www.energiavirasto.fi/documents/10191/0/Energiaviraston+Voimalaitosrekisteri+010117.xlsx/fa2c9bd2-e436-4dbb-a2e5-074ecbf11d23,,2017.0,,,,,
FIN,Finland,,FIN0000088,125.0,,,Oil,Nuclear,Gas,Biomass,,Vaskiluodon Voima Oy,Energiavirasto,http://www.energiavirasto.fi/documents/10191/0/Energiaviraston+Voimalaitosrekisteri+010117.xlsx/fa2c9bd2-e436-4dbb-a2e5-074ecbf11d23,,2017.0,,,,,
FIN,Finland,,FIN0000069,5.4,,,Oil,Nuclear,Gas,Biomass,,Keravan Energia Oy,Energiavirasto,http://www.energiavirasto.fi/documents/10191/0/Energiaviraston+Voimalaitosrekisteri+010117.xlsx/fa2c9bd2-e436-4dbb-a2e5-074ecbf11d23,,2017.0,,,,,
FIN,Finland,,FIN0000068,20.0,,,Oil,Nuclear,Gas,Biomass,,Kemijärven Lämpö ja Vesi Oy,Energiavirasto,http://www.energiavirasto.fi/documents/10191/0/Energiaviraston+Voimalaitosrekisteri+010117.xlsx/fa2c9bd2-e436-4dbb-a2e5-074ecbf11d23,,2017.0,,,,,
FIN,Finland,,FIN0000061,1.57,,,Hydro,,,,,Kainuun Voima Oy,Energiavirasto,http://www.energiavirasto.fi/documents/10191/0/Energiaviraston+Voimalaitosrekisteri+010117.xlsx/fa2c9bd2-e436-4dbb-a2e5-074ecbf11d23,,2017.0,,,,,
FIN,Finland,,FIN0000060,14.0,,,Hydro,,,,,Fortum Power & Heat   Generation,Energiavirasto,http://www.energiavirasto.fi/documents/10191/0/Energiaviraston+Voimalaitosrekisteri+010117.xlsx/fa2c9bd2-e436-4dbb-a2e5-074ecbf11d23,,2017.0,,,,,
FIN,Finland,,FIN0000063,35.0,,,Oil,Nuclear,Gas,Biomass,,Äänevoima Oy,Energiavirasto,http://www.energiavirasto.fi/documents/10191/0/Energiaviraston+Voimalaitosrekisteri+010117.xlsx/fa2c9bd2-e436-4dbb-a2e5-074ecbf11d23,,2017.0,,,,,
FIN,Finland,,FIN0000062,48.0,,,Oil,Nuclear,Gas,Biomass,,Metsä Fibre Oy,Energiavirasto,http://www.energiavirasto.fi/documents/10191/0/Energiaviraston+Voimalaitosrekisteri+010117.xlsx/fa2c9bd2-e436-4dbb-a2e5-074ecbf11d23,,2017.0,,,,,
FIN,Finland,,FIN0000065,1.8,,,Hydro,,,,,Koskienergia Koskivoima Oy,Energiavirasto,http://www.energiavirasto.fi/documents/10191/0/Energiaviraston+Voimalaitosrekisteri+010117.xlsx/fa2c9bd2-e436-4dbb-a2e5-074ecbf11d23,,2017.0,,,,,
FIN,Finland,,FIN0000064,3.7,,,Oil,Nuclear,Gas,Biomass,,Raseborgs stad / Ekenäs Energi,Energiavirasto,http://www.energiavirasto.fi/documents/10191/0/Energiaviraston+Voimalaitosrekisteri+010117.xlsx/fa2c9bd2-e436-4dbb-a2e5-074ecbf11d23,,2017.0,,,,,
FIN,Finland,,FIN0000067,51.0,,,Wind,,,,,Kuolavaara-Keulakkopään Tuulipuisto Oy,Energiavirasto,http://www.energiavirasto.fi/documents/10191/0/Energiaviraston+Voimalaitosrekisteri+010117.xlsx/fa2c9bd2-e436-4dbb-a2e5-074ecbf11d23,,2017.0,,,,,
FIN,Finland,,FIN0000066,1.2,,,Hydro,,,,,Oy HERRFORS Ab,Energiavirasto,http://www.energiavirasto.fi/documents/10191/0/Energiaviraston+Voimalaitosrekisteri+010117.xlsx/fa2c9bd2-e436-4dbb-a2e5-074ecbf11d23,,2017.0,,,,,
FIN,Finland,,FIN0000025,7.5,,,Wind,,,,,SPC1- Kankaanpäänmäki Oy,Energiavirasto,http://www.energiavirasto.fi/documents/10191/0/Energiaviraston+Voimalaitosrekisteri+010117.xlsx/fa2c9bd2-e436-4dbb-a2e5-074ecbf11d23,,2017.0,,,,,
FIN,Finland,,FIN0000024,134.0,,,Oil,Nuclear,Gas,Biomass,,Stora Enso Oyj,Energiavirasto,http://www.energiavirasto.fi/documents/10191/0/Energiaviraston+Voimalaitosrekisteri+010117.xlsx/fa2c9bd2-e436-4dbb-a2e5-074ecbf11d23,,2017.0,,,,,
FIN,Finland,,FIN0000027,5.0,,,Oil,Nuclear,Gas,Biomass,,Köyliön - Säkylän Sähkö Oy,Energiavirasto,http://www.energiavirasto.fi/documents/10191/0/Energiaviraston+Voimalaitosrekisteri+010117.xlsx/fa2c9bd2-e436-4dbb-a2e5-074ecbf11d23,,2017.0,,,,,
FIN,Finland,,FIN0000026,40.0,,,Oil,Nuclear,Gas,Biomass,,Lahti Energia Oy,Energiavirasto,http://www.energiavirasto.fi/documents/10191/0/Energiaviraston+Voimalaitosrekisteri+010117.xlsx/fa2c9bd2-e436-4dbb-a2e5-074ecbf11d23,,2017.0,,,,,
FIN,Finland,,FIN0000021,1.5,,,Oil,Nuclear,Gas,Biomass,,Puolustushallinnon rakennuslaitos,Energiavirasto,http://www.energiavirasto.fi/documents/10191/0/Energiaviraston+Voimalaitosrekisteri+010117.xlsx/fa2c9bd2-e436-4dbb-a2e5-074ecbf11d23,,2017.0,,,,,
FIN,Finland,,FIN0000020,1.3,,,Oil,Nuclear,Gas,Biomass,,Verkko Korpela Oy,Energiavirasto,http://www.energiavirasto.fi/documents/10191/0/Energiaviraston+Voimalaitosrekisteri+010117.xlsx/fa2c9bd2-e436-4dbb-a2e5-074ecbf11d23,,2017.0,,,,,
FIN,Finland,,FIN0000023,1.2,,,Hydro,,,,,Oy HERRFORS Ab,Energiavirasto,http://www.energiavirasto.fi/documents/10191/0/Energiaviraston+Voimalaitosrekisteri+010117.xlsx/fa2c9bd2-e436-4dbb-a2e5-074ecbf11d23,,2017.0,,,,,
FIN,Finland,,FIN0000022,45.0,,,Oil,Nuclear,Gas,Biomass,,KSS Energia Oy,Energiavirasto,http://www.energiavirasto.fi/documents/10191/0/Energiaviraston+Voimalaitosrekisteri+010117.xlsx/fa2c9bd2-e436-4dbb-a2e5-074ecbf11d23,,2017.0,,,,,
FIN,Finland,,FIN0000029,2.1,,,Oil,Nuclear,Gas,Biomass,,Alajärven Sähkö Oy,Energiavirasto,http://www.energiavirasto.fi/documents/10191/0/Energiaviraston+Voimalaitosrekisteri+010117.xlsx/fa2c9bd2-e436-4dbb-a2e5-074ecbf11d23,,2017.0,,,,,
FIN,Finland,,FIN0000028,8.8,,,Oil,Nuclear,Gas,Biomass,,Voimavasu Oy,Energiavirasto,http://www.energiavirasto.fi/documents/10191/0/Energiaviraston+Voimalaitosrekisteri+010117.xlsx/fa2c9bd2-e436-4dbb-a2e5-074ecbf11d23,,2017.0,,,,,
FIN,Finland,,FIN0000059,7.0,,,Oil,Nuclear,Gas,Biomass,,Kotkan Energia Oy,Energiavirasto,http://www.energiavirasto.fi/documents/10191/0/Energiaviraston+Voimalaitosrekisteri+010117.xlsx/fa2c9bd2-e436-4dbb-a2e5-074ecbf11d23,,2017.0,,,,,
FIN,Finland,,FIN0000050,13.2,,,Wind,,,,,CHORUS Wind Pyhänkoski Oy,Energiavirasto,http://www.energiavirasto.fi/documents/10191/0/Energiaviraston+Voimalaitosrekisteri+010117.xlsx/fa2c9bd2-e436-4dbb-a2e5-074ecbf11d23,,2017.0,,,,,
FIN,Finland,,FIN0000051,51.8,,,Oil,Nuclear,Gas,Biomass,,Stora Enso Oyj,Energiavirasto,http://www.energiavirasto.fi/documents/10191/0/Energiaviraston+Voimalaitosrekisteri+010117.xlsx/fa2c9bd2-e436-4dbb-a2e5-074ecbf11d23,,2017.0,,,,,
FIN,Finland,,FIN0000058,6.0,,,Hydro,,,,,Metsä Board Oyj,Energiavirasto,http://www.energiavirasto.fi/documents/10191/0/Energiaviraston+Voimalaitosrekisteri+010117.xlsx/fa2c9bd2-e436-4dbb-a2e5-074ecbf11d23,,2017.0,,,,,
FIN,Finland,,FIN0000054,18.0,,,Wind,,,,,Ilmatar Luhanka Oy,Energiavirasto,http://www.energiavirasto.fi/documents/10191/0/Energiaviraston+Voimalaitosrekisteri+010117.xlsx/fa2c9bd2-e436-4dbb-a2e5-074ecbf11d23,,2017.0,,,,,
FIN,Finland,,FIN0000055,4.0,,,Oil,Nuclear,Gas,Biomass,,Kuhmon Lämpö Oy,Energiavirasto,http://www.energiavirasto.fi/documents/10191/0/Energiaviraston+Voimalaitosrekisteri+010117.xlsx/fa2c9bd2-e436-4dbb-a2e5-074ecbf11d23,,2017.0,,,,,
FIN,Finland,,FIN0000056,25.1,,,Oil,Nuclear,Gas,Biomass,,Kemphos Oy,Energiavirasto,http://www.energiavirasto.fi/documents/10191/0/Energiaviraston+Voimalaitosrekisteri+010117.xlsx/fa2c9bd2-e436-4dbb-a2e5-074ecbf11d23,,2017.0,,,,,
FIN,Finland,,FIN0000057,0.9,,,Oil,Nuclear,Gas,Biomass,,Puolustushallinnon rakennuslaitos,Energiavirasto,http://www.energiavirasto.fi/documents/10191/0/Energiaviraston+Voimalaitosrekisteri+010117.xlsx/fa2c9bd2-e436-4dbb-a2e5-074ecbf11d23,,2017.0,,,,,
FIN,Finland,,FIN0000052,182.0,,,Hydro,,,,,Kemijoki Oy,Energiavirasto,http://www.energiavirasto.fi/documents/10191/0/Energiaviraston+Voimalaitosrekisteri+010117.xlsx/fa2c9bd2-e436-4dbb-a2e5-074ecbf11d23,,2017.0,,,,,
FIN,Finland,,FIN0000053,10.0,,,Oil,Nuclear,Gas,Biomass,,Savon Voima Oyj,Energiavirasto,http://www.energiavirasto.fi/documents/10191/0/Energiaviraston+Voimalaitosrekisteri+010117.xlsx/fa2c9bd2-e436-4dbb-a2e5-074ecbf11d23,,2017.0,,,,,
FIN,Finland,,FIN0000018,2.0,,,Wind,,,,,Saba Wind Oy Ab,Energiavirasto,http://www.energiavirasto.fi/documents/10191/0/Energiaviraston+Voimalaitosrekisteri+010117.xlsx/fa2c9bd2-e436-4dbb-a2e5-074ecbf11d23,,2017.0,,,,,
FIN,Finland,,FIN0000019,7.0,,,Oil,Nuclear,Gas,Biomass,,Vapo Oy,Energiavirasto,http://www.energiavirasto.fi/documents/10191/0/Energiaviraston+Voimalaitosrekisteri+010117.xlsx/fa2c9bd2-e436-4dbb-a2e5-074ecbf11d23,,2017.0,,,,,
FIN,Finland,,FIN0000010,26.4,,,Wind,,,,,Tuulipuisto Oy Pyhäjoki,Energiavirasto,http://www.energiavirasto.fi/documents/10191/0/Energiaviraston+Voimalaitosrekisteri+010117.xlsx/fa2c9bd2-e436-4dbb-a2e5-074ecbf11d23,,2017.0,,,,,
FIN,Finland,,FIN0000011,3.3,,,Wind,,,,,Tuulipuisto Oy Etelänkylä,Energiavirasto,http://www.energiavirasto.fi/documents/10191/0/Energiaviraston+Voimalaitosrekisteri+010117.xlsx/fa2c9bd2-e436-4dbb-a2e5-074ecbf11d23,,2017.0,,,,,
FIN,Finland,,FIN0000012,3.3,,,Wind,,,,,Tuulipuisto Oy Etelänkylä,Energiavirasto,http://www.energiavirasto.fi/documents/10191/0/Energiaviraston+Voimalaitosrekisteri+010117.xlsx/fa2c9bd2-e436-4dbb-a2e5-074ecbf11d23,,2017.0,,,,,
FIN,Finland,,FIN0000013,12.36,,,Wind,,,,,Tuulivoimapuisto Tyrinselkä Oy,Energiavirasto,http://www.energiavirasto.fi/documents/10191/0/Energiaviraston+Voimalaitosrekisteri+010117.xlsx/fa2c9bd2-e436-4dbb-a2e5-074ecbf11d23,,2017.0,,,,,
FIN,Finland,,FIN0000014,8.0,,,Wind,,,,,Suomen Voima Oy,Energiavirasto,http://www.energiavirasto.fi/documents/10191/0/Energiaviraston+Voimalaitosrekisteri+010117.xlsx/fa2c9bd2-e436-4dbb-a2e5-074ecbf11d23,,2017.0,,,,,
FIN,Finland,,FIN0000015,6.0,,,Wind,,,,,Via Wind Oy Ltd,Energiavirasto,http://www.energiavirasto.fi/documents/10191/0/Energiaviraston+Voimalaitosrekisteri+010117.xlsx/fa2c9bd2-e436-4dbb-a2e5-074ecbf11d23,,2017.0,,,,,
FIN,Finland,,FIN0000016,2.7,,,Oil,Nuclear,Gas,Biomass,,Helsingin Vesi,Energiavirasto,http://www.energiavirasto.fi/documents/10191/0/Energiaviraston+Voimalaitosrekisteri+010117.xlsx/fa2c9bd2-e436-4dbb-a2e5-074ecbf11d23,,2017.0,,,,,
FIN,Finland,,FIN0000017,8.0,,,Wind,,,,,Saba Wind Oy Ab,Energiavirasto,http://www.energiavirasto.fi/documents/10191/0/Energiaviraston+Voimalaitosrekisteri+010117.xlsx/fa2c9bd2-e436-4dbb-a2e5-074ecbf11d23,,2017.0,,,,,
FIN,Finland,,FIN0000043,1.5,,,Oil,Nuclear,Gas,Biomass,,Haminan Energia Oy,Energiavirasto,http://www.energiavirasto.fi/documents/10191/0/Energiaviraston+Voimalaitosrekisteri+010117.xlsx/fa2c9bd2-e436-4dbb-a2e5-074ecbf11d23,,2017.0,,,,,
FIN,Finland,,FIN0000042,36.0,,,Wind,,,,,Tuuliwatti Oy,Energiavirasto,http://www.energiavirasto.fi/documents/10191/0/Energiaviraston+Voimalaitosrekisteri+010117.xlsx/fa2c9bd2-e436-4dbb-a2e5-074ecbf11d23,,2017.0,,,,,
FIN,Finland,,FIN0000041,10.0,,,Wind,,,,,Tuuliwatti Oy,Energiavirasto,http://www.energiavirasto.fi/documents/10191/0/Energiaviraston+Voimalaitosrekisteri+010117.xlsx/fa2c9bd2-e436-4dbb-a2e5-074ecbf11d23,,2017.0,,,,,
FIN,Finland,,FIN0000040,26.4,,,Wind,,,,,Tuuliwatti Oy,Energiavirasto,http://www.energiavirasto.fi/documents/10191/0/Energiaviraston+Voimalaitosrekisteri+010117.xlsx/fa2c9bd2-e436-4dbb-a2e5-074ecbf11d23,,2017.0,,,,,
FIN,Finland,,FIN0000047,1.0,,,Oil,Nuclear,Gas,Biomass,,Vaasan Sähköverkko Oy,Energiavirasto,http://www.energiavirasto.fi/documents/10191/0/Energiaviraston+Voimalaitosrekisteri+010117.xlsx/fa2c9bd2-e436-4dbb-a2e5-074ecbf11d23,,2017.0,,,,,
FIN,Finland,,FIN0000046,23.8,,,Oil,Nuclear,Gas,Biomass,,Fortum Power and Heat Oy,Energiavirasto,http://www.energiavirasto.fi/documents/10191/0/Energiaviraston+Voimalaitosrekisteri+010117.xlsx/fa2c9bd2-e436-4dbb-a2e5-074ecbf11d23,,2017.0,,,,,
FIN,Finland,,FIN0000045,12.0,,,Oil,Nuclear,Gas,Biomass,,Mäntän Energia Oy,Energiavirasto,http://www.energiavirasto.fi/documents/10191/0/Energiaviraston+Voimalaitosrekisteri+010117.xlsx/fa2c9bd2-e436-4dbb-a2e5-074ecbf11d23,,2017.0,,,,,
FIN,Finland,,FIN0000044,1.5,,,Hydro,,,,,Mäntän Energia Oy,Energiavirasto,http://www.energiavirasto.fi/documents/10191/0/Energiaviraston+Voimalaitosrekisteri+010117.xlsx/fa2c9bd2-e436-4dbb-a2e5-074ecbf11d23,,2017.0,,,,,
FIN,Finland,,FIN0000049,6.6,,,Wind,,,,,Haapajärvi Sauviinmäki Tuulivoima Oy,Energiavirasto,http://www.energiavirasto.fi/documents/10191/0/Energiaviraston+Voimalaitosrekisteri+010117.xlsx/fa2c9bd2-e436-4dbb-a2e5-074ecbf11d23,,2017.0,,,,,
FIN,Finland,,FIN0000048,19.8,,,Wind,,,,,Kytölän Tuulipuisto Ky,Energiavirasto,http://www.energiavirasto.fi/documents/10191/0/Energiaviraston+Voimalaitosrekisteri+010117.xlsx/fa2c9bd2-e436-4dbb-a2e5-074ecbf11d23,,2017.0,,,,,
FIN,Finland,,FIN0000009,45.5,,,Wind,,,,,Tuuliwatti Oy,Energiavirasto,http://www.energiavirasto.fi/documents/10191/0/Energiaviraston+Voimalaitosrekisteri+010117.xlsx/fa2c9bd2-e436-4dbb-a2e5-074ecbf11d23,,2017.0,,,,,
FIN,Finland,,FIN0000008,3.13,,,Oil,Nuclear,Gas,Biomass,,Helsingin seudun ympäristöpalvelut -kuntayhtymä (HSY),Energiavirasto,http://www.energiavirasto.fi/documents/10191/0/Energiaviraston+Voimalaitosrekisteri+010117.xlsx/fa2c9bd2-e436-4dbb-a2e5-074ecbf11d23,,2017.0,,,,,
FIN,Finland,,FIN0000007,19.6,,,Oil,Nuclear,Gas,Biomass,,EKOKEM OY AB,Energiavirasto,http://www.energiavirasto.fi/documents/10191/0/Energiaviraston+Voimalaitosrekisteri+010117.xlsx/fa2c9bd2-e436-4dbb-a2e5-074ecbf11d23,,2017.0,,,,,
FIN,Finland,,FIN0000006,27.0,,,Wind,,,,,Joukhaisselän Tuulipuisto Oy,Energiavirasto,http://www.energiavirasto.fi/documents/10191/0/Energiaviraston+Voimalaitosrekisteri+010117.xlsx/fa2c9bd2-e436-4dbb-a2e5-074ecbf11d23,,2017.0,,,,,
FIN,Finland,,FIN0000005,2.5,,,Wind,,,,,Tuuliveikot Oy,Energiavirasto,http://www.energiavirasto.fi/documents/10191/0/Energiaviraston+Voimalaitosrekisteri+010117.xlsx/fa2c9bd2-e436-4dbb-a2e5-074ecbf11d23,,2017.0,,,,,
FIN,Finland,,FIN0000004,33.0,,,Wind,,,,,wpd Mäkikankaan tuulipuisto Oy,Energiavirasto,http://www.energiavirasto.fi/documents/10191/0/Energiaviraston+Voimalaitosrekisteri+010117.xlsx/fa2c9bd2-e436-4dbb-a2e5-074ecbf11d23,,2017.0,,,,,
FIN,Finland,,FIN0000003,1.6,,,Wind,,,,,Lumituuli Oy,Energiavirasto,http://www.energiavirasto.fi/documents/10191/0/Energiaviraston+Voimalaitosrekisteri+010117.xlsx/fa2c9bd2-e436-4dbb-a2e5-074ecbf11d23,,2017.0,,,,,
FIN,Finland,,FIN0000002,1.8,,,Hydro,,,,,Seinäjoen Energia Oy,Energiavirasto,http://www.energiavirasto.fi/documents/10191/0/Energiaviraston+Voimalaitosrekisteri+010117.xlsx/fa2c9bd2-e436-4dbb-a2e5-074ecbf11d23,,2017.0,,,,,
FIN,Finland,,FIN0000001,7.0,,,Oil,Nuclear,Gas,Biomass,,Vatajankosken Sähkö Oy,Energiavirasto,http://www.energiavirasto.fi/documents/10191/0/Energiaviraston+Voimalaitosrekisteri+010117.xlsx/fa2c9bd2-e436-4dbb-a2e5-074ecbf11d23,,2017.0,,,,,
FIN,Finland,,FIN0000090,4.5,,,Hydro,,,,,Oy Mankala Ab,Energiavirasto,http://www.energiavirasto.fi/documents/10191/0/Energiaviraston+Voimalaitosrekisteri+010117.xlsx/fa2c9bd2-e436-4dbb-a2e5-074ecbf11d23,,2017.0,,,,,
FIN,Finland,,FIN0000091,15.65,,,Oil,Nuclear,Gas,Biomass,,Helsingin seudun ympäristöpalvelut -kuntayhtymä (HSY),Energiavirasto,http://www.energiavirasto.fi/documents/10191/0/Energiaviraston+Voimalaitosrekisteri+010117.xlsx/fa2c9bd2-e436-4dbb-a2e5-074ecbf11d23,,2017.0,,,,,
FIN,Finland,,FIN0000092,11.4,,,Oil,Nuclear,Gas,Biomass,,Tervakoski Oy,Energiavirasto,http://www.energiavirasto.fi/documents/10191/0/Energiaviraston+Voimalaitosrekisteri+010117.xlsx/fa2c9bd2-e436-4dbb-a2e5-074ecbf11d23,,2017.0,,,,,
FIN,Finland,,FIN0000093,41.0,,,Oil,Nuclear,Gas,Biomass,,UPM-Kymmene Oyj,Energiavirasto,http://www.energiavirasto.fi/documents/10191/0/Energiaviraston+Voimalaitosrekisteri+010117.xlsx/fa2c9bd2-e436-4dbb-a2e5-074ecbf11d23,,2017.0,,,,,
FIN,Finland,,FIN0000094,4.8,,,Oil,Nuclear,Gas,Biomass,,Lahti Energia Oy,Energiavirasto,http://www.energiavirasto.fi/documents/10191/0/Energiaviraston+Voimalaitosrekisteri+010117.xlsx/fa2c9bd2-e436-4dbb-a2e5-074ecbf11d23,,2017.0,,,,,
FIN,Finland,,FIN0000078,1.0,,,Hydro,,,,,Koskienergia Koskivoima Oy,Energiavirasto,http://www.energiavirasto.fi/documents/10191/0/Energiaviraston+Voimalaitosrekisteri+010117.xlsx/fa2c9bd2-e436-4dbb-a2e5-074ecbf11d23,,2017.0,,,,,
FIN,Finland,,FIN0000079,19.7,,,Hydro,,,,,UPM Energy Oy,Energiavirasto,http://www.energiavirasto.fi/documents/10191/0/Energiaviraston+Voimalaitosrekisteri+010117.xlsx/fa2c9bd2-e436-4dbb-a2e5-074ecbf11d23,,2017.0,,,,,
FIN,Finland,,FIN0000072,13.5,,,Hydro,,,,,UPM Energy Oy,Energiavirasto,http://www.energiavirasto.fi/documents/10191/0/Energiaviraston+Voimalaitosrekisteri+010117.xlsx/fa2c9bd2-e436-4dbb-a2e5-074ecbf11d23,,2017.0,,,,,
FIN,Finland,,FIN0000073,1.0,,,Hydro,,,,,Inergia Oy,Energiavirasto,http://www.energiavirasto.fi/documents/10191/0/Energiaviraston+Voimalaitosrekisteri+010117.xlsx/fa2c9bd2-e436-4dbb-a2e5-074ecbf11d23,,2017.0,,,,,
FIN,Finland,,FIN0000070,2.5,,,Wind,,,,,Pettumäen Mylly oy,Energiavirasto,http://www.energiavirasto.fi/documents/10191/0/Energiaviraston+Voimalaitosrekisteri+010117.xlsx/fa2c9bd2-e436-4dbb-a2e5-074ecbf11d23,,2017.0,,,,,
FIN,Finland,,FIN0000071,13.2,,,Oil,Nuclear,Gas,Biomass,,Vaasan Sähkö Oy (Westenergy Oy Ab),Energiavirasto,http://www.energiavirasto.fi/documents/10191/0/Energiaviraston+Voimalaitosrekisteri+010117.xlsx/fa2c9bd2-e436-4dbb-a2e5-074ecbf11d23,,2017.0,,,,,
FIN,Finland,,FIN0000076,1.2,,,Hydro,,,,,Esse Elektro-Kraft Ab,Energiavirasto,http://www.energiavirasto.fi/documents/10191/0/Energiaviraston+Voimalaitosrekisteri+010117.xlsx/fa2c9bd2-e436-4dbb-a2e5-074ecbf11d23,,2017.0,,,,,
FIN,Finland,,FIN0000077,1.8,,,Hydro,,,,,Pohjois-Karjalan Sähkö Oy,Energiavirasto,http://www.energiavirasto.fi/documents/10191/0/Energiaviraston+Voimalaitosrekisteri+010117.xlsx/fa2c9bd2-e436-4dbb-a2e5-074ecbf11d23,,2017.0,,,,,
FIN,Finland,,FIN0000074,6.3,,,Hydro,,,,,Koskienergia Koskivoima Oy,Energiavirasto,http://www.energiavirasto.fi/documents/10191/0/Energiaviraston+Voimalaitosrekisteri+010117.xlsx/fa2c9bd2-e436-4dbb-a2e5-074ecbf11d23,,2017.0,,,,,
FIN,Finland,,FIN0000075,10.4,,,Oil,Nuclear,Gas,Biomass,,Wärtsilä Finland Oy,Energiavirasto,http://www.energiavirasto.fi/documents/10191/0/Energiaviraston+Voimalaitosrekisteri+010117.xlsx/fa2c9bd2-e436-4dbb-a2e5-074ecbf11d23,,2017.0,,,,,
FIN,Finland,,FIN0000036,50.7,,,Hydro,,,,,Fortum Power & Heat   Generation,Energiavirasto,http://www.energiavirasto.fi/documents/10191/0/Energiaviraston+Voimalaitosrekisteri+010117.xlsx/fa2c9bd2-e436-4dbb-a2e5-074ecbf11d23,,2017.0,,,,,
FIN,Finland,,FIN0000037,2.9,,,Hydro,,,,,Kainuun Energia Oy,Energiavirasto,http://www.energiavirasto.fi/documents/10191/0/Energiaviraston+Voimalaitosrekisteri+010117.xlsx/fa2c9bd2-e436-4dbb-a2e5-074ecbf11d23,,2017.0,,,,,
FIN,Finland,,FIN0000034,1.6,,,Oil,Nuclear,Gas,Biomass,,Koskipower Oy,Energiavirasto,http://www.energiavirasto.fi/documents/10191/0/Energiaviraston+Voimalaitosrekisteri+010117.xlsx/fa2c9bd2-e436-4dbb-a2e5-074ecbf11d23,,2017.0,,,,,
FIN,Finland,,FIN0000035,146.0,,,Hydro,,,,,Fortum Power & Heat   Generation,Energiavirasto,http://www.energiavirasto.fi/documents/10191/0/Energiaviraston+Voimalaitosrekisteri+010117.xlsx/fa2c9bd2-e436-4dbb-a2e5-074ecbf11d23,,2017.0,,,,,
FIN,Finland,,FIN0000032,43.0,,,Oil,Nuclear,Gas,Biomass,,UPM-Kymmene Oyj,Energiavirasto,http://www.energiavirasto.fi/documents/10191/0/Energiaviraston+Voimalaitosrekisteri+010117.xlsx/fa2c9bd2-e436-4dbb-a2e5-074ecbf11d23,,2017.0,,,,,
FIN,Finland,,FIN0000033,55.0,,,Hydro,,,,,Fortum Power & Heat   Generation,Energiavirasto,http://www.energiavirasto.fi/documents/10191/0/Energiaviraston+Voimalaitosrekisteri+010117.xlsx/fa2c9bd2-e436-4dbb-a2e5-074ecbf11d23,,2017.0,,,,,
FIN,Finland,,FIN0000030,3.0,,,Hydro,,,,,Savon Voima Oyj,Energiavirasto,http://www.energiavirasto.fi/documents/10191/0/Energiaviraston+Voimalaitosrekisteri+010117.xlsx/fa2c9bd2-e436-4dbb-a2e5-074ecbf11d23,,2017.0,,,,,
FIN,Finland,,FIN0000031,29.7,,,Wind,,,,,Saarenkylä Tuulipuisto Oy,Energiavirasto,http://www.energiavirasto.fi/documents/10191/0/Energiaviraston+Voimalaitosrekisteri+010117.xlsx/fa2c9bd2-e436-4dbb-a2e5-074ecbf11d23,,2017.0,,,,,
FIN,Finland,,FIN0000038,81.4,,,Oil,Nuclear,Gas,Biomass,,Vantaan Energia Oy,Energiavirasto,http://www.energiavirasto.fi/documents/10191/0/Energiaviraston+Voimalaitosrekisteri+010117.xlsx/fa2c9bd2-e436-4dbb-a2e5-074ecbf11d23,,2017.0,,,,,
FIN,Finland,,FIN0000039,18.0,,,Wind,,,,,Tuuliwatti Oy,Energiavirasto,http://www.energiavirasto.fi/documents/10191/0/Energiaviraston+Voimalaitosrekisteri+010117.xlsx/fa2c9bd2-e436-4dbb-a2e5-074ecbf11d23,,2017.0,,,,,
FIN,Finland,Ahvenkoski,FIN0000095,24.0,,,Hydro,,,,,Oy Mankala Ab,Energiavirasto,http://www.energiavirasto.fi/documents/10191/0/Energiaviraston+Voimalaitosrekisteri+010117.xlsx/fa2c9bd2-e436-4dbb-a2e5-074ecbf11d23,,2017.0,,,,,
FIN,Finland,Aittaluoto'',FIN0000096,56.8,,,Waste,Petcoke,Oil,Nuclear,,Pori Energia Oy,Energiavirasto,http://www.energiavirasto.fi/documents/10191/0/Energiaviraston+Voimalaitosrekisteri+010117.xlsx/fa2c9bd2-e436-4dbb-a2e5-074ecbf11d23,,2017.0,,,,,
FIN,Finland,Aittokoski,FIN0000097,44.8,,,Hydro,,,,,Fortum Power & Heat   Generation,Energiavirasto,http://www.energiavirasto.fi/documents/10191/0/Energiaviraston+Voimalaitosrekisteri+010117.xlsx/fa2c9bd2-e436-4dbb-a2e5-074ecbf11d23,,2017.0,,,,,
FIN,Finland,Ajos retrofit,FIN0000098,10.2,,,Wind,,,,,Ajos Wind Oy,Energiavirasto,http://www.energiavirasto.fi/documents/10191/0/Energiaviraston+Voimalaitosrekisteri+010117.xlsx/fa2c9bd2-e436-4dbb-a2e5-074ecbf11d23,,2017.0,,,,,
FIN,Finland,Alakoski,FIN0000099,4.6,,,Hydro,,,,,Alakoski Oy,Energiavirasto,http://www.energiavirasto.fi/documents/10191/0/Energiaviraston+Voimalaitosrekisteri+010117.xlsx/fa2c9bd2-e436-4dbb-a2e5-074ecbf11d23,,2017.0,,,,,
FIN,Finland,Alholma AK'',FIN0000100,270.0,,,Waste,Petcoke,Oil,Nuclear,,Oy Alholmens Kraft Ab,Energiavirasto,http://www.energiavirasto.fi/documents/10191/0/Energiaviraston+Voimalaitosrekisteri+010117.xlsx/fa2c9bd2-e436-4dbb-a2e5-074ecbf11d23,,2017.0,,,,,
FIN,Finland,Anjalankoski,FIN0000101,160.5,,,Oil,Nuclear,Gas,Biomass,,Stora Enso Publication Papers Oy Ltd,Energiavirasto,http://www.energiavirasto.fi/documents/10191/0/Energiaviraston+Voimalaitosrekisteri+010117.xlsx/fa2c9bd2-e436-4dbb-a2e5-074ecbf11d23,,2017.0,,,,,
FIN,Finland,Anjalankoski  G1,FIN0000102,20.0,,,Hydro,,,,,Kemijoki Oy,Energiavirasto,http://www.energiavirasto.fi/documents/10191/0/Energiaviraston+Voimalaitosrekisteri+010117.xlsx/fa2c9bd2-e436-4dbb-a2e5-074ecbf11d23,,2017.0,,,,,
FIN,Finland,Askala,FIN0000103,1.3,,,Hydro,,,,,Koskienergia Koskivoima Oy,Energiavirasto,http://www.energiavirasto.fi/documents/10191/0/Energiaviraston+Voimalaitosrekisteri+010117.xlsx/fa2c9bd2-e436-4dbb-a2e5-074ecbf11d23,,2017.0,,,,,
FIN,Finland,Atro,FIN0000104,6.5,,,Hydro,,,,,Savon Voima Oyj,Energiavirasto,http://www.energiavirasto.fi/documents/10191/0/Energiaviraston+Voimalaitosrekisteri+010117.xlsx/fa2c9bd2-e436-4dbb-a2e5-074ecbf11d23,,2017.0,,,,,
FIN,Finland,Elkko,FIN0000105,6.0,,,Wind,,,,,Raahen Tuulienergia Oy,Energiavirasto,http://www.energiavirasto.fi/documents/10191/0/Energiaviraston+Voimalaitosrekisteri+010117.xlsx/fa2c9bd2-e436-4dbb-a2e5-074ecbf11d23,,2017.0,,,,,
FIN,Finland,Energia-Tietola,FIN0000106,11.6,,,Oil,Nuclear,Gas,Biomass,,Valkeakosken Energia Oy,Energiavirasto,http://www.energiavirasto.fi/documents/10191/0/Energiaviraston+Voimalaitosrekisteri+010117.xlsx/fa2c9bd2-e436-4dbb-a2e5-074ecbf11d23,,2017.0,,,,,
FIN,Finland,Finlayson ve,FIN0000107,4.19,,,Hydro,,,,,Tampereen Sähkölaitos,Energiavirasto,http://www.energiavirasto.fi/documents/10191/0/Energiaviraston+Voimalaitosrekisteri+010117.xlsx/fa2c9bd2-e436-4dbb-a2e5-074ecbf11d23,,2017.0,,,,,
FIN,Finland,Forssa kt,FIN0000108,332.6,,,Oil,Nuclear,Gas,Biomass,,Fingrid Oyj,Energiavirasto,http://www.energiavirasto.fi/documents/10191/0/Energiaviraston+Voimalaitosrekisteri+010117.xlsx/fa2c9bd2-e436-4dbb-a2e5-074ecbf11d23,,2017.0,,,,,
FIN,Finland,Haapakoski,FIN0000109,32.5,,,Hydro,,,,,PVO Vesivoima Oy,Energiavirasto,http://www.energiavirasto.fi/documents/10191/0/Energiaviraston+Voimalaitosrekisteri+010117.xlsx/fa2c9bd2-e436-4dbb-a2e5-074ecbf11d23,,2017.0,,,,,
FIN,Finland,Haapaniemi,FIN0000110,118.1,,,Oil,Nuclear,Gas,Biomass,,Kuopion Energia Oy,Energiavirasto,http://www.energiavirasto.fi/documents/10191/0/Energiaviraston+Voimalaitosrekisteri+010117.xlsx/fa2c9bd2-e436-4dbb-a2e5-074ecbf11d23,,2017.0,,,,,
FIN,Finland,Haapavesi,FIN0000111,154.0,,,Oil,Nuclear,Gas,Biomass,,Kanteleen Voima Oy,Energiavirasto,http://www.energiavirasto.fi/documents/10191/0/Energiaviraston+Voimalaitosrekisteri+010117.xlsx/fa2c9bd2-e436-4dbb-a2e5-074ecbf11d23,,2017.0,,,,,
FIN,Finland,Haapavesi,FIN0000112,2.7,,,Oil,Nuclear,Gas,Biomass,,Vapo Oy,Energiavirasto,http://www.energiavirasto.fi/documents/10191/0/Energiaviraston+Voimalaitosrekisteri+010117.xlsx/fa2c9bd2-e436-4dbb-a2e5-074ecbf11d23,,2017.0,,,,,
FIN,Finland,Hailikari,FIN0000113,3.1,,,Wind,,,,,Haminan Energia Oy,Energiavirasto,http://www.energiavirasto.fi/documents/10191/0/Energiaviraston+Voimalaitosrekisteri+010117.xlsx/fa2c9bd2-e436-4dbb-a2e5-074ecbf11d23,,2017.0,,,,,
FIN,Finland,Halmekangas,FIN0000114,38.5,,,Wind,,,,,Tuuliwatti Oy,Energiavirasto,http://www.energiavirasto.fi/documents/10191/0/Energiaviraston+Voimalaitosrekisteri+010117.xlsx/fa2c9bd2-e436-4dbb-a2e5-074ecbf11d23,,2017.0,,,,,
FIN,Finland,Hamari,FIN0000115,2.5,,,Hydro,,,,,Korpelan Voima kuntayhtymä,Energiavirasto,http://www.energiavirasto.fi/documents/10191/0/Energiaviraston+Voimalaitosrekisteri+010117.xlsx/fa2c9bd2-e436-4dbb-a2e5-074ecbf11d23,,2017.0,,,,,
FIN,Finland,Hanasaari B,FIN0000116,212.0,,,Oil,Nuclear,Gas,Biomass,,Helsingin Energia,Energiavirasto,http://www.energiavirasto.fi/documents/10191/0/Energiaviraston+Voimalaitosrekisteri+010117.xlsx/fa2c9bd2-e436-4dbb-a2e5-074ecbf11d23,,2017.0,,,,,
FIN,Finland,Hanhikoski,FIN0000117,1.5,,,Hydro,,,,,Vattenfall Sähköntuotanto oy,Energiavirasto,http://www.energiavirasto.fi/documents/10191/0/Energiaviraston+Voimalaitosrekisteri+010117.xlsx/fa2c9bd2-e436-4dbb-a2e5-074ecbf11d23,,2017.0,,,,,
FIN,Finland,Hankosaari 1-2 tv,FIN0000118,2.6,,,Wind,,,,,Propel Voima Oy,Energiavirasto,http://www.energiavirasto.fi/documents/10191/0/Energiaviraston+Voimalaitosrekisteri+010117.xlsx/fa2c9bd2-e436-4dbb-a2e5-074ecbf11d23,,2017.0,,,,,
FIN,Finland,Harabacka,FIN0000119,9.6,,,Oil,Nuclear,Gas,Biomass,,,Energiavirasto,http://www.energiavirasto.fi/documents/10191/0/Energiaviraston+Voimalaitosrekisteri+010117.xlsx/fa2c9bd2-e436-4dbb-a2e5-074ecbf11d23,,2017.0,,,,,
FIN,Finland,Harjavalta,FIN0000120,6.3,,,Oil,Nuclear,Gas,Biomass,,Suomen Teollisuuden Energiapalvelut - STEP Oy,Energiavirasto,http://www.energiavirasto.fi/documents/10191/0/Energiaviraston+Voimalaitosrekisteri+010117.xlsx/fa2c9bd2-e436-4dbb-a2e5-074ecbf11d23,,2017.0,,,,,
FIN,Finland,Harjavalta,FIN0000121,72.0,,,Hydro,,,,,Länsi-Suomen Voima Oy,Energiavirasto,http://www.energiavirasto.fi/documents/10191/0/Energiaviraston+Voimalaitosrekisteri+010117.xlsx/fa2c9bd2-e436-4dbb-a2e5-074ecbf11d23,,2017.0,,,,,
FIN,Finland,Hattarfors,FIN0000122,1.1,,,Hydro,,,,,Esse Elektro-Kraft Ab,Energiavirasto,http://www.energiavirasto.fi/documents/10191/0/Energiaviraston+Voimalaitosrekisteri+010117.xlsx/fa2c9bd2-e436-4dbb-a2e5-074ecbf11d23,,2017.0,,,,,
FIN,Finland,Heinola,FIN0000123,0.0,,,Oil,Nuclear,Gas,Biomass,,Adven Oy,Energiavirasto,http://www.energiavirasto.fi/documents/10191/0/Energiaviraston+Voimalaitosrekisteri+010117.xlsx/fa2c9bd2-e436-4dbb-a2e5-074ecbf11d23,,2017.0,,,,,
FIN,Finland,Heinola vp,FIN0000124,19.0,,,Oil,Nuclear,Gas,Biomass,,Stora Enso Oyj Heinolan Flutingtehdas,Energiavirasto,http://www.energiavirasto.fi/documents/10191/0/Energiaviraston+Voimalaitosrekisteri+010117.xlsx/fa2c9bd2-e436-4dbb-a2e5-074ecbf11d23,,2017.0,,,,,
FIN,Finland,Hietamankoski,FIN0000125,6.7,,,Hydro,,,,,Vattenfall Sähköntuotanto oy,Energiavirasto,http://www.energiavirasto.fi/documents/10191/0/Energiaviraston+Voimalaitosrekisteri+010117.xlsx/fa2c9bd2-e436-4dbb-a2e5-074ecbf11d23,,2017.0,,,,,
FIN,Finland,Hilmonkoski,FIN0000126,6.8,,,Hydro,,,,,Vattenfall Sähköntuotanto oy,Energiavirasto,http://www.energiavirasto.fi/documents/10191/0/Energiaviraston+Voimalaitosrekisteri+010117.xlsx/fa2c9bd2-e436-4dbb-a2e5-074ecbf11d23,,2017.0,,,,,
FIN,Finland,Hilskansaari,FIN0000128,2.0,,,Wind,,,,,Pohjantuulen Voima Oy,Energiavirasto,http://www.energiavirasto.fi/documents/10191/0/Energiaviraston+Voimalaitosrekisteri+010117.xlsx/fa2c9bd2-e436-4dbb-a2e5-074ecbf11d23,,2017.0,,,,,
FIN,Finland,Hilskansaari,FIN0000127,1.0,,,Wind,,,,,Kansallistuuli Oy,Energiavirasto,http://www.energiavirasto.fi/documents/10191/0/Energiaviraston+Voimalaitosrekisteri+010117.xlsx/fa2c9bd2-e436-4dbb-a2e5-074ecbf11d23,,2017.0,,,,,
FIN,Finland,Hinkua,FIN0000129,6.3,,,Hydro,,,,,Vattenfall Sähköntuotanto oy,Energiavirasto,http://www.energiavirasto.fi/documents/10191/0/Energiaviraston+Voimalaitosrekisteri+010117.xlsx/fa2c9bd2-e436-4dbb-a2e5-074ecbf11d23,,2017.0,,,,,
FIN,Finland,Hirvikoski,FIN0000130,8.5,,,Hydro,,,,,Vattenfall Sähköntuotanto oy,Energiavirasto,http://www.energiavirasto.fi/documents/10191/0/Energiaviraston+Voimalaitosrekisteri+010117.xlsx/fa2c9bd2-e436-4dbb-a2e5-074ecbf11d23,,2017.0,,,,,
FIN,Finland,Hovinsaari,FIN0000131,51.0,,,Oil,Nuclear,Gas,Biomass,,Kotkan Energia Oy,Energiavirasto,http://www.energiavirasto.fi/documents/10191/0/Energiaviraston+Voimalaitosrekisteri+010117.xlsx/fa2c9bd2-e436-4dbb-a2e5-074ecbf11d23,,2017.0,,,,,
FIN,Finland,Huikku Hailuoto,FIN0000132,2.0,,,Wind,,,,,Huikku Tuulivoima Oy,Energiavirasto,http://www.energiavirasto.fi/documents/10191/0/Energiaviraston+Voimalaitosrekisteri+010117.xlsx/fa2c9bd2-e436-4dbb-a2e5-074ecbf11d23,,2017.0,,,,,
FIN,Finland,Huittinen  Pahkionvuori tv,FIN0000133,3.6,,,Wind,,,,,Lännen Lintu Oy,Energiavirasto,http://www.energiavirasto.fi/documents/10191/0/Energiaviraston+Voimalaitosrekisteri+010117.xlsx/fa2c9bd2-e436-4dbb-a2e5-074ecbf11d23,,2017.0,,,,,
FIN,Finland,Huutokoski kt,FIN0000134,180.0,,,Oil,Nuclear,Gas,Biomass,,Fingrid Oyj,Energiavirasto,http://www.energiavirasto.fi/documents/10191/0/Energiaviraston+Voimalaitosrekisteri+010117.xlsx/fa2c9bd2-e436-4dbb-a2e5-074ecbf11d23,,2017.0,,,,,
FIN,Finland,Ii  Kuivaniemi tv,FIN0000135,7.0,,,Wind,,,,,Vapo Oy,Energiavirasto,http://www.energiavirasto.fi/documents/10191/0/Energiaviraston+Voimalaitosrekisteri+010117.xlsx/fa2c9bd2-e436-4dbb-a2e5-074ecbf11d23,,2017.0,,,,,
FIN,Finland,Ii  Olhava tv,FIN0000136,33.9,,,Wind,,,,,Tuuliwatti Oy,Energiavirasto,http://www.energiavirasto.fi/documents/10191/0/Energiaviraston+Voimalaitosrekisteri+010117.xlsx/fa2c9bd2-e436-4dbb-a2e5-074ecbf11d23,,2017.0,,,,,
FIN,Finland,Iisalmi,FIN0000137,15.0,,,Oil,Nuclear,Gas,Biomass,,Savon Voima Oyj,Energiavirasto,http://www.energiavirasto.fi/documents/10191/0/Energiaviraston+Voimalaitosrekisteri+010117.xlsx/fa2c9bd2-e436-4dbb-a2e5-074ecbf11d23,,2017.0,,,,,
FIN,Finland,Ikaalinen,FIN0000138,6.0,,,Oil,Nuclear,Gas,Biomass,,Leppäkosken Sähkö Oy,Energiavirasto,http://www.energiavirasto.fi/documents/10191/0/Energiaviraston+Voimalaitosrekisteri+010117.xlsx/fa2c9bd2-e436-4dbb-a2e5-074ecbf11d23,,2017.0,,,,,
FIN,Finland,Ilomantsin pellettitehdas,FIN0000139,2.8,,,Oil,Nuclear,Gas,Biomass,,Vapo Oy,Energiavirasto,http://www.energiavirasto.fi/documents/10191/0/Energiaviraston+Voimalaitosrekisteri+010117.xlsx/fa2c9bd2-e436-4dbb-a2e5-074ecbf11d23,,2017.0,,,,,
FIN,Finland,Imatra,FIN0000140,192.0,,,Hydro,,,,,Fortum Power & Heat OY,Energiavirasto,http://www.energiavirasto.fi/documents/10191/0/Energiaviraston+Voimalaitosrekisteri+010117.xlsx/fa2c9bd2-e436-4dbb-a2e5-074ecbf11d23,,2017.0,,,,,
FIN,Finland,Imatran Energia,FIN0000141,10.0,,,Oil,Nuclear,Gas,Biomass,,Imatran Energia Oy,Energiavirasto,http://www.energiavirasto.fi/documents/10191/0/Energiaviraston+Voimalaitosrekisteri+010117.xlsx/fa2c9bd2-e436-4dbb-a2e5-074ecbf11d23,,2017.0,,,,,
FIN,Finland,Inkeroinen ve,FIN0000142,17.0,,,Hydro,,,,,Kemijoki Oy,Energiavirasto,http://www.energiavirasto.fi/documents/10191/0/Energiaviraston+Voimalaitosrekisteri+010117.xlsx/fa2c9bd2-e436-4dbb-a2e5-074ecbf11d23,,2017.0,,,,,
FIN,Finland,Inkoo,FIN0000143,0.0,,,Oil,Nuclear,Gas,Biomass,,Fortum Power & Heat   Generation,Energiavirasto,http://www.energiavirasto.fi/documents/10191/0/Energiaviraston+Voimalaitosrekisteri+010117.xlsx/fa2c9bd2-e436-4dbb-a2e5-074ecbf11d23,,2017.0,,,,,
FIN,Finland,Isohaara,FIN0000144,106.0,,,Hydro,,,,,PVO Vesivoima Oy,Energiavirasto,http://www.energiavirasto.fi/documents/10191/0/Energiaviraston+Voimalaitosrekisteri+010117.xlsx/fa2c9bd2-e436-4dbb-a2e5-074ecbf11d23,,2017.0,,,,,
FIN,Finland,Jalasjoki/Niiles,FIN0000145,1.0,,,Hydro,,,,,Koskienergia Koskivoima Oy,Energiavirasto,http://www.energiavirasto.fi/documents/10191/0/Energiaviraston+Voimalaitosrekisteri+010117.xlsx/fa2c9bd2-e436-4dbb-a2e5-074ecbf11d23,,2017.0,,,,,
FIN,Finland,Joensuu,FIN0000146,2.8,,,Oil,Nuclear,Gas,Biomass,,UPM-Kymmene Oyj,Energiavirasto,http://www.energiavirasto.fi/documents/10191/0/Energiaviraston+Voimalaitosrekisteri+010117.xlsx/fa2c9bd2-e436-4dbb-a2e5-074ecbf11d23,,2017.0,,,,,
FIN,Finland,Joensuu,FIN0000147,68.0,,,Oil,Nuclear,Gas,Biomass,,Fortum Power and Heat Oy,Energiavirasto,http://www.energiavirasto.fi/documents/10191/0/Energiaviraston+Voimalaitosrekisteri+010117.xlsx/fa2c9bd2-e436-4dbb-a2e5-074ecbf11d23,,2017.0,,,,,
FIN,Finland,Jokelan tuulipuisto'',FIN0000148,36.0,,,Wind,,,,,wpd Jokelan Tuulipuisto Oy,Energiavirasto,http://www.energiavirasto.fi/documents/10191/0/Energiaviraston+Voimalaitosrekisteri+010117.xlsx/fa2c9bd2-e436-4dbb-a2e5-074ecbf11d23,,2017.0,,,,,
FIN,Finland,Joutseno,FIN0000150,3.9,,,Oil,Nuclear,Gas,Biomass,,FC Power,Energiavirasto,http://www.energiavirasto.fi/documents/10191/0/Energiaviraston+Voimalaitosrekisteri+010117.xlsx/fa2c9bd2-e436-4dbb-a2e5-074ecbf11d23,,2017.0,,,,,
FIN,Finland,Joutseno,FIN0000149,85.0,,,Oil,Nuclear,Gas,Biomass,,Metsä Fibre Oy,Energiavirasto,http://www.energiavirasto.fi/documents/10191/0/Energiaviraston+Voimalaitosrekisteri+010117.xlsx/fa2c9bd2-e436-4dbb-a2e5-074ecbf11d23,,2017.0,,,,,
FIN,Finland,Jouttikallio,FIN0000151,3.1,,,Oil,Nuclear,Gas,Biomass,,Vattenfall Sähköntuotanto oy,Energiavirasto,http://www.energiavirasto.fi/documents/10191/0/Energiaviraston+Voimalaitosrekisteri+010117.xlsx/fa2c9bd2-e436-4dbb-a2e5-074ecbf11d23,,2017.0,,,,,
FIN,Finland,Juankoski,FIN0000152,5.5,,,Hydro,,,,,Savon Voima Oyj,Energiavirasto,http://www.energiavirasto.fi/documents/10191/0/Energiaviraston+Voimalaitosrekisteri+010117.xlsx/fa2c9bd2-e436-4dbb-a2e5-074ecbf11d23,,2017.0,,,,,
FIN,Finland,Jumisko,FIN0000153,26.0,,,Hydro,,,,,PVO Vesivoima Oy,Energiavirasto,http://www.energiavirasto.fi/documents/10191/0/Energiaviraston+Voimalaitosrekisteri+010117.xlsx/fa2c9bd2-e436-4dbb-a2e5-074ecbf11d23,,2017.0,,,,,
FIN,Finland,Juntola,FIN0000154,1.8,,,Hydro,,,,,Koskienergia Koskivoima Oy,Energiavirasto,http://www.energiavirasto.fi/documents/10191/0/Energiaviraston+Voimalaitosrekisteri+010117.xlsx/fa2c9bd2-e436-4dbb-a2e5-074ecbf11d23,,2017.0,,,,,
FIN,Finland,Juotas,FIN0000155,3.7,,,Hydro,,,,,Keski-Lapin voima Oy,Energiavirasto,http://www.energiavirasto.fi/documents/10191/0/Energiaviraston+Voimalaitosrekisteri+010117.xlsx/fa2c9bd2-e436-4dbb-a2e5-074ecbf11d23,,2017.0,,,,,
FIN,Finland,Juva,FIN0000156,1.4,,,Hydro,,,,,Koskienergia Koskivoima Oy,Energiavirasto,http://www.energiavirasto.fi/documents/10191/0/Energiaviraston+Voimalaitosrekisteri+010117.xlsx/fa2c9bd2-e436-4dbb-a2e5-074ecbf11d23,,2017.0,,,,,
FIN,Finland,Kaaranneskoski,FIN0000157,2.8,,,Hydro,,,,,Tornionlaakson Voima Oy-,Energiavirasto,http://www.energiavirasto.fi/documents/10191/0/Energiaviraston+Voimalaitosrekisteri+010117.xlsx/fa2c9bd2-e436-4dbb-a2e5-074ecbf11d23,,2017.0,,,,,
FIN,Finland,Kaarni,FIN0000158,1.2,,,Hydro,,,,,Rovakairan Tuotanto Oy,Energiavirasto,http://www.energiavirasto.fi/documents/10191/0/Energiaviraston+Voimalaitosrekisteri+010117.xlsx/fa2c9bd2-e436-4dbb-a2e5-074ecbf11d23,,2017.0,,,,,
FIN,Finland,Kaihua,FIN0000159,5.4,,,Hydro,,,,,Rovakairan Tuotanto Oy,Energiavirasto,http://www.energiavirasto.fi/documents/10191/0/Energiaviraston+Voimalaitosrekisteri+010117.xlsx/fa2c9bd2-e436-4dbb-a2e5-074ecbf11d23,,2017.0,,,,,
FIN,Finland,Kaipola,FIN0000160,25.0,,,Oil,Nuclear,Gas,Biomass,,UPM-Kymmene Oyj,Energiavirasto,http://www.energiavirasto.fi/documents/10191/0/Energiaviraston+Voimalaitosrekisteri+010117.xlsx/fa2c9bd2-e436-4dbb-a2e5-074ecbf11d23,,2017.0,,,,,
FIN,Finland,Kaitfors,FIN0000161,7.6,,,Hydro,,,,,Oy Perhonjoki Ab,Energiavirasto,http://www.energiavirasto.fi/documents/10191/0/Energiaviraston+Voimalaitosrekisteri+010117.xlsx/fa2c9bd2-e436-4dbb-a2e5-074ecbf11d23,,2017.0,,,,,
FIN,Finland,Kallioinen,FIN0000162,12.0,,,Hydro,,,,,UPM Energy Oy,Energiavirasto,http://www.energiavirasto.fi/documents/10191/0/Energiaviraston+Voimalaitosrekisteri+010117.xlsx/fa2c9bd2-e436-4dbb-a2e5-074ecbf11d23,,2017.0,,,,,
FIN,Finland,Kaltimo,FIN0000163,32.0,,,Hydro,,,,,UPM Energy Oy,Energiavirasto,http://www.energiavirasto.fi/documents/10191/0/Energiaviraston+Voimalaitosrekisteri+010117.xlsx/fa2c9bd2-e436-4dbb-a2e5-074ecbf11d23,,2017.0,,,,,
FIN,Finland,Kantti,FIN0000164,24.0,,,Wind,,,,,Kantin Tuulipuisto Ky,Energiavirasto,http://www.energiavirasto.fi/documents/10191/0/Energiaviraston+Voimalaitosrekisteri+010117.xlsx/fa2c9bd2-e436-4dbb-a2e5-074ecbf11d23,,2017.0,,,,,
FIN,Finland,Kantvik,FIN0000165,4.2,,,Oil,Nuclear,Gas,Biomass,,Voimavasu Oy,Energiavirasto,http://www.energiavirasto.fi/documents/10191/0/Energiaviraston+Voimalaitosrekisteri+010117.xlsx/fa2c9bd2-e436-4dbb-a2e5-074ecbf11d23,,2017.0,,,,,
FIN,Finland,Karjalankoski,FIN0000166,4.5,,,Hydro,,,,,Savon Voima Oyj,Energiavirasto,http://www.energiavirasto.fi/documents/10191/0/Energiaviraston+Voimalaitosrekisteri+010117.xlsx/fa2c9bd2-e436-4dbb-a2e5-074ecbf11d23,,2017.0,,,,,
FIN,Finland,Karvetti,FIN0000167,1.1,,,Oil,Nuclear,Gas,Biomass,,Naantalin Energia Oy,Energiavirasto,http://www.energiavirasto.fi/documents/10191/0/Energiaviraston+Voimalaitosrekisteri+010117.xlsx/fa2c9bd2-e436-4dbb-a2e5-074ecbf11d23,,2017.0,,,,,
FIN,Finland,Kaskinen lv ja vp,FIN0000168,0.0,,,Oil,Nuclear,Gas,Biomass,,Metsä Fibre Oy,Energiavirasto,http://www.energiavirasto.fi/documents/10191/0/Energiaviraston+Voimalaitosrekisteri+010117.xlsx/fa2c9bd2-e436-4dbb-a2e5-074ecbf11d23,,2017.0,,,,,
FIN,Finland,Katerma,FIN0000169,11.5,,,Hydro,,,,,UPM Energy Oy,Energiavirasto,http://www.energiavirasto.fi/documents/10191/0/Energiaviraston+Voimalaitosrekisteri+010117.xlsx/fa2c9bd2-e436-4dbb-a2e5-074ecbf11d23,,2017.0,,,,,
FIN,Finland,Kattilakoski,FIN0000170,2.1,,,Hydro,,,,,Oy HERRFORS Ab,Energiavirasto,http://www.energiavirasto.fi/documents/10191/0/Energiaviraston+Voimalaitosrekisteri+010117.xlsx/fa2c9bd2-e436-4dbb-a2e5-074ecbf11d23,,2017.0,,,,,
FIN,Finland,Kauttua,FIN0000171,19.0,,,Oil,Nuclear,Gas,Biomass,,Adven Oy,Energiavirasto,http://www.energiavirasto.fi/documents/10191/0/Energiaviraston+Voimalaitosrekisteri+010117.xlsx/fa2c9bd2-e436-4dbb-a2e5-074ecbf11d23,,2017.0,,,,,
FIN,Finland,Kavo,FIN0000172,79.2,,,Oil,Nuclear,Gas,Biomass,,Kainuun Voima Oy,Energiavirasto,http://www.energiavirasto.fi/documents/10191/0/Energiaviraston+Voimalaitosrekisteri+010117.xlsx/fa2c9bd2-e436-4dbb-a2e5-074ecbf11d23,,2017.0,,,,,
FIN,Finland,Keljonlahti,FIN0000173,190.0,,,Oil,Nuclear,Gas,Biomass,,Jyväskylän Voima Oy,Energiavirasto,http://www.energiavirasto.fi/documents/10191/0/Energiaviraston+Voimalaitosrekisteri+010117.xlsx/fa2c9bd2-e436-4dbb-a2e5-074ecbf11d23,,2017.0,,,,,
FIN,Finland,Kellosaari,FIN0000174,118.0,,,Oil,Nuclear,Gas,Biomass,,Helsingin Energia,Energiavirasto,http://www.energiavirasto.fi/documents/10191/0/Energiaviraston+Voimalaitosrekisteri+010117.xlsx/fa2c9bd2-e436-4dbb-a2e5-074ecbf11d23,,2017.0,,,,,
FIN,Finland,Keltti,FIN0000175,19.1,,,Hydro,,,,,UPM Energy Oy,Energiavirasto,http://www.energiavirasto.fi/documents/10191/0/Energiaviraston+Voimalaitosrekisteri+010117.xlsx/fa2c9bd2-e436-4dbb-a2e5-074ecbf11d23,,2017.0,,,,,
FIN,Finland,Kelukoski,FIN0000176,9.8,,,Hydro,,,,,Kemijoki Oy,Energiavirasto,http://www.energiavirasto.fi/documents/10191/0/Energiaviraston+Voimalaitosrekisteri+010117.xlsx/fa2c9bd2-e436-4dbb-a2e5-074ecbf11d23,,2017.0,,,,,
FIN,Finland,Kemi,FIN0000177,75.0,,,Oil,Nuclear,Gas,Biomass,,Metsä Fibre Oy,Energiavirasto,http://www.energiavirasto.fi/documents/10191/0/Energiaviraston+Voimalaitosrekisteri+010117.xlsx/fa2c9bd2-e436-4dbb-a2e5-074ecbf11d23,,2017.0,,,,,
FIN,Finland,Kemi Ajos,FIN0000178,3.0,,,Wind,,,,,Haminan Energia Oy,Energiavirasto,http://www.energiavirasto.fi/documents/10191/0/Energiaviraston+Voimalaitosrekisteri+010117.xlsx/fa2c9bd2-e436-4dbb-a2e5-074ecbf11d23,,2017.0,,,,,
FIN,Finland,Kemi Ajos  Sumituuli,FIN0000179,2.0,,,Wind,,,,,Sumituuli Oy,Energiavirasto,http://www.energiavirasto.fi/documents/10191/0/Energiaviraston+Voimalaitosrekisteri+010117.xlsx/fa2c9bd2-e436-4dbb-a2e5-074ecbf11d23,,2017.0,,,,,
FIN,Finland,Kemi Ajos Innopower,FIN0000180,30.0,,,Wind,,,,,Innopower Oy,Energiavirasto,http://www.energiavirasto.fi/documents/10191/0/Energiaviraston+Voimalaitosrekisteri+010117.xlsx/fa2c9bd2-e436-4dbb-a2e5-074ecbf11d23,,2017.0,,,,,
FIN,Finland,Kerava,FIN0000182,19.04,,,Oil,Nuclear,Gas,Biomass,,Keravan Lämpövoima Oy,Energiavirasto,http://www.energiavirasto.fi/documents/10191/0/Energiaviraston+Voimalaitosrekisteri+010117.xlsx/fa2c9bd2-e436-4dbb-a2e5-074ecbf11d23,,2017.0,,,,,
FIN,Finland,Kerava,FIN0000181,3.7,,,Oil,Nuclear,Gas,Biomass,,Keravan Energia Oy,Energiavirasto,http://www.energiavirasto.fi/documents/10191/0/Energiaviraston+Voimalaitosrekisteri+010117.xlsx/fa2c9bd2-e436-4dbb-a2e5-074ecbf11d23,,2017.0,,,,,
FIN,Finland,Kierikki,FIN0000183,38.0,,,Hydro,,,,,PVO Vesivoima Oy,Energiavirasto,http://www.energiavirasto.fi/documents/10191/0/Energiaviraston+Voimalaitosrekisteri+010117.xlsx/fa2c9bd2-e436-4dbb-a2e5-074ecbf11d23,,2017.0,,,,,
FIN,Finland,Kiimassuo,FIN0000184,13.5,,,Oil,Nuclear,Gas,Biomass,,Vapo Oy,Energiavirasto,http://www.energiavirasto.fi/documents/10191/0/Energiaviraston+Voimalaitosrekisteri+010117.xlsx/fa2c9bd2-e436-4dbb-a2e5-074ecbf11d23,,2017.0,,,,,
FIN,Finland,Killinkoski,FIN0000185,4.5,,,Hydro,,,,,Killin Voima Oy,Energiavirasto,http://www.energiavirasto.fi/documents/10191/0/Energiaviraston+Voimalaitosrekisteri+010117.xlsx/fa2c9bd2-e436-4dbb-a2e5-074ecbf11d23,,2017.0,,,,,
FIN,Finland,Kiltua,FIN0000186,5.6,,,Hydro,,,,,Savon Voima Oyj,Energiavirasto,http://www.energiavirasto.fi/documents/10191/0/Energiaviraston+Voimalaitosrekisteri+010117.xlsx/fa2c9bd2-e436-4dbb-a2e5-074ecbf11d23,,2017.0,,,,,
FIN,Finland,Kirkkokallio-Honkajoki,FIN0000187,21.6,,,Wind,,,,,Honkajoen Tuulipuisto Ky,Energiavirasto,http://www.energiavirasto.fi/documents/10191/0/Energiaviraston+Voimalaitosrekisteri+010117.xlsx/fa2c9bd2-e436-4dbb-a2e5-074ecbf11d23,,2017.0,,,,,
FIN,Finland,Kirkniemi,FIN0000188,128.0,,,Oil,Nuclear,Gas,Biomass,,Sappi Finland Oy,Energiavirasto,http://www.energiavirasto.fi/documents/10191/0/Energiaviraston+Voimalaitosrekisteri+010117.xlsx/fa2c9bd2-e436-4dbb-a2e5-074ecbf11d23,,2017.0,,,,,
FIN,Finland,Kissakoski,FIN0000189,1.6,,,Hydro,,,,,SUUR-SAVON SÄHKÖ Oy,Energiavirasto,http://www.energiavirasto.fi/documents/10191/0/Energiaviraston+Voimalaitosrekisteri+010117.xlsx/fa2c9bd2-e436-4dbb-a2e5-074ecbf11d23,,2017.0,,,,,
FIN,Finland,Kivivaara-Peuravaara,FIN0000190,39.0,,,Wind,,,,,Kivivaara-Peuravaaran Tuulipuisto Ky,Energiavirasto,http://www.energiavirasto.fi/documents/10191/0/Energiaviraston+Voimalaitosrekisteri+010117.xlsx/fa2c9bd2-e436-4dbb-a2e5-074ecbf11d23,,2017.0,,,,,
FIN,Finland,Koirakari,FIN0000191,3.1,,,Wind,,,,,Haminan Energia Oy,Energiavirasto,http://www.energiavirasto.fi/documents/10191/0/Energiaviraston+Voimalaitosrekisteri+010117.xlsx/fa2c9bd2-e436-4dbb-a2e5-074ecbf11d23,,2017.0,,,,,
FIN,Finland,Koivukoski,FIN0000192,1.8,,,Hydro,,,,,Kolsin Vesivoimantuotanto Oy,Energiavirasto,http://www.energiavirasto.fi/documents/10191/0/Energiaviraston+Voimalaitosrekisteri+010117.xlsx/fa2c9bd2-e436-4dbb-a2e5-074ecbf11d23,,2017.0,,,,,
FIN,Finland,Koivukoski 1 ja 2,FIN0000193,2.63,,,Hydro,,,,,Kainuun Voima Oy,Energiavirasto,http://www.energiavirasto.fi/documents/10191/0/Energiaviraston+Voimalaitosrekisteri+010117.xlsx/fa2c9bd2-e436-4dbb-a2e5-074ecbf11d23,,2017.0,,,,,
FIN,Finland,Koivukoski 3,FIN0000194,24.3,,,Hydro,,,,,Kainuun Voima Oy,Energiavirasto,http://www.energiavirasto.fi/documents/10191/0/Energiaviraston+Voimalaitosrekisteri+010117.xlsx/fa2c9bd2-e436-4dbb-a2e5-074ecbf11d23,,2017.0,,,,,
FIN,Finland,Kokkola,FIN0000195,30.0,,,Oil,Nuclear,Gas,Biomass,,Kokkolan Energia Oy,Energiavirasto,http://www.energiavirasto.fi/documents/10191/0/Energiaviraston+Voimalaitosrekisteri+010117.xlsx/fa2c9bd2-e436-4dbb-a2e5-074ecbf11d23,,2017.0,,,,,
FIN,Finland,Kokkola,FIN0000196,19.5,,,Oil,Nuclear,Gas,Biomass,,Kokkolan Voima Oy,Energiavirasto,http://www.energiavirasto.fi/documents/10191/0/Energiaviraston+Voimalaitosrekisteri+010117.xlsx/fa2c9bd2-e436-4dbb-a2e5-074ecbf11d23,,2017.0,,,,,
FIN,Finland,Kokkosniva,FIN0000197,25.0,,,Hydro,,,,,Kemijoki Oy,Energiavirasto,http://www.energiavirasto.fi/documents/10191/0/Energiaviraston+Voimalaitosrekisteri+010117.xlsx/fa2c9bd2-e436-4dbb-a2e5-074ecbf11d23,,2017.0,,,,,
FIN,Finland,Kolsi,FIN0000198,45.0,,,Hydro,,,,,Kolsin Vesivoimantuotanto Oy,Energiavirasto,http://www.energiavirasto.fi/documents/10191/0/Energiaviraston+Voimalaitosrekisteri+010117.xlsx/fa2c9bd2-e436-4dbb-a2e5-074ecbf11d23,,2017.0,,,,,
FIN,Finland,Koneharju kt,FIN0000199,4.6,,,Oil,Nuclear,Gas,Biomass,,Lahti Energia Oy,Energiavirasto,http://www.energiavirasto.fi/documents/10191/0/Energiaviraston+Voimalaitosrekisteri+010117.xlsx/fa2c9bd2-e436-4dbb-a2e5-074ecbf11d23,,2017.0,,,,,
FIN,Finland,Kooninkallio,FIN0000200,27.0,,,Wind,,,,,Kooninkallion Tuulipuisto Ky,Energiavirasto,http://www.energiavirasto.fi/documents/10191/0/Energiaviraston+Voimalaitosrekisteri+010117.xlsx/fa2c9bd2-e436-4dbb-a2e5-074ecbf11d23,,2017.0,,,,,
FIN,Finland,Korkeakoski,FIN0000201,8.5,,,Hydro,,,,,Kolsin Vesivoimantuotanto Oy,Energiavirasto,http://www.energiavirasto.fi/documents/10191/0/Energiaviraston+Voimalaitosrekisteri+010117.xlsx/fa2c9bd2-e436-4dbb-a2e5-074ecbf11d23,,2017.0,,,,,
FIN,Finland,Koskensaari,FIN0000202,1.2,,,Oil,Nuclear,Gas,Biomass,,Helsingin Rauta Oy,Energiavirasto,http://www.energiavirasto.fi/documents/10191/0/Energiaviraston+Voimalaitosrekisteri+010117.xlsx/fa2c9bd2-e436-4dbb-a2e5-074ecbf11d23,,2017.0,,,,,
FIN,Finland,Koskenvarsi,FIN0000203,0.9,,,Hydro,,,,,Alajärven Sähkö Oy,Energiavirasto,http://www.energiavirasto.fi/documents/10191/0/Energiaviraston+Voimalaitosrekisteri+010117.xlsx/fa2c9bd2-e436-4dbb-a2e5-074ecbf11d23,,2017.0,,,,,
FIN,Finland,Kotka,FIN0000204,72.0,,,Oil,Nuclear,Gas,Biomass,,Kotka Mills Oy,Energiavirasto,http://www.energiavirasto.fi/documents/10191/0/Energiaviraston+Voimalaitosrekisteri+010117.xlsx/fa2c9bd2-e436-4dbb-a2e5-074ecbf11d23,,2017.0,,,,,
FIN,Finland,Kristiina'',FIN0000205,0.0,,,Waste,Petcoke,Oil,Nuclear,,PVO-Lämpövoima Oy,Energiavirasto,http://www.energiavirasto.fi/documents/10191/0/Energiaviraston+Voimalaitosrekisteri+010117.xlsx/fa2c9bd2-e436-4dbb-a2e5-074ecbf11d23,,2017.0,,,,,
FIN,Finland,Kristiinankaupunki kt,FIN0000206,60.0,,,Oil,Nuclear,Gas,Biomass,,Fingrid Oyj,Energiavirasto,http://www.energiavirasto.fi/documents/10191/0/Energiaviraston+Voimalaitosrekisteri+010117.xlsx/fa2c9bd2-e436-4dbb-a2e5-074ecbf11d23,,2017.0,,,,,
FIN,Finland,Kuhankoski,FIN0000207,3.2,,,Hydro,,,,,Koskienergia Oy,Energiavirasto,http://www.energiavirasto.fi/documents/10191/0/Energiaviraston+Voimalaitosrekisteri+010117.xlsx/fa2c9bd2-e436-4dbb-a2e5-074ecbf11d23,,2017.0,,,,,
FIN,Finland,Kumpuniemi,FIN0000208,2.5,,,Oil,Nuclear,Gas,Biomass,,Kumpuniemen Voima Oy,Energiavirasto,http://www.energiavirasto.fi/documents/10191/0/Energiaviraston+Voimalaitosrekisteri+010117.xlsx/fa2c9bd2-e436-4dbb-a2e5-074ecbf11d23,,2017.0,,,,,
FIN,Finland,Kuokkastenkoski,FIN0000209,2.0,,,Hydro,,,,,Pohjois-Karjalan Sähkö Oy,Energiavirasto,http://www.energiavirasto.fi/documents/10191/0/Energiaviraston+Voimalaitosrekisteri+010117.xlsx/fa2c9bd2-e436-4dbb-a2e5-074ecbf11d23,,2017.0,,,,,
FIN,Finland,Kuopio  Savon Sellu,FIN0000210,20.5,,,Oil,Nuclear,Gas,Biomass,,Savon Sellu OY,Energiavirasto,http://www.energiavirasto.fi/documents/10191/0/Energiaviraston+Voimalaitosrekisteri+010117.xlsx/fa2c9bd2-e436-4dbb-a2e5-074ecbf11d23,,2017.0,,,,,
FIN,Finland,Kurittukoski,FIN0000211,15.0,,,Hydro,,,,,Kemijoki Oy,Energiavirasto,http://www.energiavirasto.fi/documents/10191/0/Energiaviraston+Voimalaitosrekisteri+010117.xlsx/fa2c9bd2-e436-4dbb-a2e5-074ecbf11d23,,2017.0,,,,,
FIN,Finland,Kurkiaska,FIN0000212,27.0,,,Hydro,,,,,Kemijoki Oy,Energiavirasto,http://www.energiavirasto.fi/documents/10191/0/Energiaviraston+Voimalaitosrekisteri+010117.xlsx/fa2c9bd2-e436-4dbb-a2e5-074ecbf11d23,,2017.0,,,,,
FIN,Finland,Kuurna,FIN0000213,21.2,,,Hydro,,,,,Kuurnan Voima Oy,Energiavirasto,http://www.energiavirasto.fi/documents/10191/0/Energiaviraston+Voimalaitosrekisteri+010117.xlsx/fa2c9bd2-e436-4dbb-a2e5-074ecbf11d23,,2017.0,,,,,
FIN,Finland,Kuusaanniemi,FIN0000214,64.0,,,Oil,Nuclear,Gas,Biomass,,UPM-Kymmene Oyj,Energiavirasto,http://www.energiavirasto.fi/documents/10191/0/Energiaviraston+Voimalaitosrekisteri+010117.xlsx/fa2c9bd2-e436-4dbb-a2e5-074ecbf11d23,,2017.0,,,,,
FIN,Finland,Kuusamo,FIN0000215,6.0,,,Oil,Nuclear,Gas,Biomass,,Adven Oy,Energiavirasto,http://www.energiavirasto.fi/documents/10191/0/Energiaviraston+Voimalaitosrekisteri+010117.xlsx/fa2c9bd2-e436-4dbb-a2e5-074ecbf11d23,,2017.0,,,,,
FIN,Finland,Kuusankoski bv,FIN0000216,76.0,,,Oil,Nuclear,Gas,Biomass,,Kymin Voima Oy,Energiavirasto,http://www.energiavirasto.fi/documents/10191/0/Energiaviraston+Voimalaitosrekisteri+010117.xlsx/fa2c9bd2-e436-4dbb-a2e5-074ecbf11d23,,2017.0,,,,,
FIN,Finland,Kuusankoski ve,FIN0000217,30.0,,,Hydro,,,,,UPM Energy Oy,Energiavirasto,http://www.energiavirasto.fi/documents/10191/0/Energiaviraston+Voimalaitosrekisteri+010117.xlsx/fa2c9bd2-e436-4dbb-a2e5-074ecbf11d23,,2017.0,,,,,
FIN,Finland,LW Mustaisneva 6,FIN0000218,3.0,,,Wind,,,,,Suotuuli Oy,Energiavirasto,http://www.energiavirasto.fi/documents/10191/0/Energiaviraston+Voimalaitosrekisteri+010117.xlsx/fa2c9bd2-e436-4dbb-a2e5-074ecbf11d23,,2017.0,,,,,
FIN,Finland,LW Pensala,FIN0000219,3.0,,,Wind,,,,,Årvas Wind Ab,Energiavirasto,http://www.energiavirasto.fi/documents/10191/0/Energiaviraston+Voimalaitosrekisteri+010117.xlsx/fa2c9bd2-e436-4dbb-a2e5-074ecbf11d23,,2017.0,,,,,
FIN,Finland,Lappeenranta  Kaukaan tehdas,FIN0000220,119.0,,,Oil,Nuclear,Gas,Biomass,,Kaukaan Voima Oy,Energiavirasto,http://www.energiavirasto.fi/documents/10191/0/Energiaviraston+Voimalaitosrekisteri+010117.xlsx/fa2c9bd2-e436-4dbb-a2e5-074ecbf11d23,,2017.0,,,,,
FIN,Finland,Lappeenranta TG9,FIN0000221,67.3,,,Oil,Nuclear,Gas,Biomass,,UPM-Kymmene Oyj,Energiavirasto,http://www.energiavirasto.fi/documents/10191/0/Energiaviraston+Voimalaitosrekisteri+010117.xlsx/fa2c9bd2-e436-4dbb-a2e5-074ecbf11d23,,2017.0,,,,,
FIN,Finland,Lapua,FIN0000222,4.0,,,Oil,Nuclear,Gas,Biomass,,Kiviristin Lämpö Oy,Energiavirasto,http://www.energiavirasto.fi/documents/10191/0/Energiaviraston+Voimalaitosrekisteri+010117.xlsx/fa2c9bd2-e436-4dbb-a2e5-074ecbf11d23,,2017.0,,,,,
FIN,Finland,Larsmo tv,FIN0000223,1.0,,,Wind,,,,,Ab Larsmo Vindkraft Oy,Energiavirasto,http://www.energiavirasto.fi/documents/10191/0/Energiaviraston+Voimalaitosrekisteri+010117.xlsx/fa2c9bd2-e436-4dbb-a2e5-074ecbf11d23,,2017.0,,,,,
FIN,Finland,Leppikoski,FIN0000224,23.0,,,Hydro,,,,,Fortum Power & Heat   Generation,Energiavirasto,http://www.energiavirasto.fi/documents/10191/0/Energiaviraston+Voimalaitosrekisteri+010117.xlsx/fa2c9bd2-e436-4dbb-a2e5-074ecbf11d23,,2017.0,,,,,
FIN,Finland,Leuhunkoski,FIN0000225,3.2,,,Hydro,,,,,Vattenfall Sähköntuotanto oy,Energiavirasto,http://www.energiavirasto.fi/documents/10191/0/Energiaviraston+Voimalaitosrekisteri+010117.xlsx/fa2c9bd2-e436-4dbb-a2e5-074ecbf11d23,,2017.0,,,,,
FIN,Finland,Lieksankoski,FIN0000226,16.0,,,Hydro,,,,,Kemijoki Oy,Energiavirasto,http://www.energiavirasto.fi/documents/10191/0/Energiaviraston+Voimalaitosrekisteri+010117.xlsx/fa2c9bd2-e436-4dbb-a2e5-074ecbf11d23,,2017.0,,,,,
FIN,Finland,Lielahti,FIN0000227,142.0,,,Oil,Nuclear,Gas,Biomass,,Tampereen Sähkölaitos,Energiavirasto,http://www.energiavirasto.fi/documents/10191/0/Energiaviraston+Voimalaitosrekisteri+010117.xlsx/fa2c9bd2-e436-4dbb-a2e5-074ecbf11d23,,2017.0,,,,,
FIN,Finland,Limakko,FIN0000228,27.0,,,Wind,,,,,Limakon Tuulipuisto Ky,Energiavirasto,http://www.energiavirasto.fi/documents/10191/0/Energiaviraston+Voimalaitosrekisteri+010117.xlsx/fa2c9bd2-e436-4dbb-a2e5-074ecbf11d23,,2017.0,,,,,
FIN,Finland,Liunankoski,FIN0000229,1.2,,,Hydro,,,,,Savon Voima Oyj,Energiavirasto,http://www.energiavirasto.fi/documents/10191/0/Energiaviraston+Voimalaitosrekisteri+010117.xlsx/fa2c9bd2-e436-4dbb-a2e5-074ecbf11d23,,2017.0,,,,,
FIN,Finland,Lotlax Vindpark,FIN0000230,21.0,,,Wind,,,,,Amperax Energie GmbH,Energiavirasto,http://www.energiavirasto.fi/documents/10191/0/Energiaviraston+Voimalaitosrekisteri+010117.xlsx/fa2c9bd2-e436-4dbb-a2e5-074ecbf11d23,,2017.0,,,,,
FIN,Finland,Loviisa kt,FIN0000232,40.0,,,Oil,Nuclear,Gas,Biomass,,Fingrid Oyj,Energiavirasto,http://www.energiavirasto.fi/documents/10191/0/Energiaviraston+Voimalaitosrekisteri+010117.xlsx/fa2c9bd2-e436-4dbb-a2e5-074ecbf11d23,,2017.0,,,,,
FIN,Finland,Loviisa'',FIN0000231,1004.0,,,Waste,Petcoke,Oil,Nuclear,,Fortum Power & Heat   Power,Energiavirasto,http://www.energiavirasto.fi/documents/10191/0/Energiaviraston+Voimalaitosrekisteri+010117.xlsx/fa2c9bd2-e436-4dbb-a2e5-074ecbf11d23,,2017.0,,,,,
FIN,Finland,Lumijoki,FIN0000233,1.6,,,Wind,,,,,Lumituuli Oy,Energiavirasto,http://www.energiavirasto.fi/documents/10191/0/Energiaviraston+Voimalaitosrekisteri+010117.xlsx/fa2c9bd2-e436-4dbb-a2e5-074ecbf11d23,,2017.0,,,,,
FIN,Finland,Maalismaa,FIN0000234,38.5,,,Hydro,,,,,PVO Vesivoima Oy,Energiavirasto,http://www.energiavirasto.fi/documents/10191/0/Energiaviraston+Voimalaitosrekisteri+010117.xlsx/fa2c9bd2-e436-4dbb-a2e5-074ecbf11d23,,2017.0,,,,,
FIN,Finland,Maavesi,FIN0000235,1.9,,,Hydro,,,,,Savon Voima Oyj,Energiavirasto,http://www.energiavirasto.fi/documents/10191/0/Energiaviraston+Voimalaitosrekisteri+010117.xlsx/fa2c9bd2-e436-4dbb-a2e5-074ecbf11d23,,2017.0,,,,,
FIN,Finland,Mankala,FIN0000236,30.0,,,Hydro,,,,,Oy Mankala Ab,Energiavirasto,http://www.energiavirasto.fi/documents/10191/0/Energiaviraston+Voimalaitosrekisteri+010117.xlsx/fa2c9bd2-e436-4dbb-a2e5-074ecbf11d23,,2017.0,,,,,
FIN,Finland,Martinlaakso,FIN0000237,171.7,,,Oil,Nuclear,Gas,Biomass,,Vantaan Energia Oy,Energiavirasto,http://www.energiavirasto.fi/documents/10191/0/Energiaviraston+Voimalaitosrekisteri+010117.xlsx/fa2c9bd2-e436-4dbb-a2e5-074ecbf11d23,,2017.0,,,,,
FIN,Finland,Matarakoski,FIN0000238,11.0,,,Hydro,,,,,Kemijoki Oy,Energiavirasto,http://www.energiavirasto.fi/documents/10191/0/Energiaviraston+Voimalaitosrekisteri+010117.xlsx/fa2c9bd2-e436-4dbb-a2e5-074ecbf11d23,,2017.0,,,,,
FIN,Finland,Melo,FIN0000239,70.0,,,Hydro,,,,,PVO Vesivoima Oy,Energiavirasto,http://www.energiavirasto.fi/documents/10191/0/Energiaviraston+Voimalaitosrekisteri+010117.xlsx/fa2c9bd2-e436-4dbb-a2e5-074ecbf11d23,,2017.0,,,,,
FIN,Finland,Meri-Pori,FIN0000240,565.0,,,Oil,Nuclear,Gas,Biomass,,Fortum Power & Heat   Generation,Energiavirasto,http://www.energiavirasto.fi/documents/10191/0/Energiaviraston+Voimalaitosrekisteri+010117.xlsx/fa2c9bd2-e436-4dbb-a2e5-074ecbf11d23,,2017.0,,,,,
FIN,Finland,Merikoski,FIN0000241,42.0,,,Hydro,,,,,Oulun Energia,Energiavirasto,http://www.energiavirasto.fi/documents/10191/0/Energiaviraston+Voimalaitosrekisteri+010117.xlsx/fa2c9bd2-e436-4dbb-a2e5-074ecbf11d23,,2017.0,,,,,
FIN,Finland,Mertaniemi 1 ja 2,FIN0000242,102.0,,,Oil,Nuclear,Gas,Biomass,,Lappeenrannan Lämpövoima Oy,Energiavirasto,http://www.energiavirasto.fi/documents/10191/0/Energiaviraston+Voimalaitosrekisteri+010117.xlsx/fa2c9bd2-e436-4dbb-a2e5-074ecbf11d23,,2017.0,,,,,
FIN,Finland,Montta,FIN0000243,47.3,,,Hydro,,,,,Fortum Power & Heat   Generation,Energiavirasto,http://www.energiavirasto.fi/documents/10191/0/Energiaviraston+Voimalaitosrekisteri+010117.xlsx/fa2c9bd2-e436-4dbb-a2e5-074ecbf11d23,,2017.0,,,,,
FIN,Finland,Mussalon tuulivoimalat,FIN0000244,5.7,,,Wind,,,,,Kotkan Energia Oy,Energiavirasto,http://www.energiavirasto.fi/documents/10191/0/Energiaviraston+Voimalaitosrekisteri+010117.xlsx/fa2c9bd2-e436-4dbb-a2e5-074ecbf11d23,,2017.0,,,,,
FIN,Finland,Mustaisneva 1-5 ja 7-9,FIN0000245,20.0,,,Wind,,,,,SPC 2-Mustaisneva Oy,Energiavirasto,http://www.energiavirasto.fi/documents/10191/0/Energiaviraston+Voimalaitosrekisteri+010117.xlsx/fa2c9bd2-e436-4dbb-a2e5-074ecbf11d23,,2017.0,,,,,
FIN,Finland,Mustilankangas,FIN0000246,92.39999999999999,,,Wind,,,,,Tuuliwatti Oy,Energiavirasto,http://www.energiavirasto.fi/documents/10191/0/Energiaviraston+Voimalaitosrekisteri+010117.xlsx/fa2c9bd2-e436-4dbb-a2e5-074ecbf11d23,,2017.0,,,,,
FIN,Finland,Mustio,FIN0000247,1.8,,,Hydro,,,,,Koskienergia Koskivoima Oy,Energiavirasto,http://www.energiavirasto.fi/documents/10191/0/Energiaviraston+Voimalaitosrekisteri+010117.xlsx/fa2c9bd2-e436-4dbb-a2e5-074ecbf11d23,,2017.0,,,,,
FIN,Finland,Myllykangas,FIN0000248,45.6,,,Wind,,,,,Myllykankaan tuulipuisto Ky,Energiavirasto,http://www.energiavirasto.fi/documents/10191/0/Energiaviraston+Voimalaitosrekisteri+010117.xlsx/fa2c9bd2-e436-4dbb-a2e5-074ecbf11d23,,2017.0,,,,,
FIN,Finland,Myllykangas'',FIN0000249,16.8,,,Wind,,,,,Myllykankaan Tuulipuisto II Ky,Energiavirasto,http://www.energiavirasto.fi/documents/10191/0/Energiaviraston+Voimalaitosrekisteri+010117.xlsx/fa2c9bd2-e436-4dbb-a2e5-074ecbf11d23,,2017.0,,,,,
FIN,Finland,Myllykoski,FIN0000250,1.3,,,Hydro,,,,,Koskienergia Koskivoima Oy,Energiavirasto,http://www.energiavirasto.fi/documents/10191/0/Energiaviraston+Voimalaitosrekisteri+010117.xlsx/fa2c9bd2-e436-4dbb-a2e5-074ecbf11d23,,2017.0,,,,,
FIN,Finland,Myllykoski ve,FIN0000251,25.0,,,Hydro,,,,,Myllykoski Paper Oy,Energiavirasto,http://www.energiavirasto.fi/documents/10191/0/Energiaviraston+Voimalaitosrekisteri+010117.xlsx/fa2c9bd2-e436-4dbb-a2e5-074ecbf11d23,,2017.0,,,,,
FIN,Finland,Myllykoski vp,FIN0000252,32.8,,,Oil,Nuclear,Gas,Biomass,,UPM,Energiavirasto,http://www.energiavirasto.fi/documents/10191/0/Energiaviraston+Voimalaitosrekisteri+010117.xlsx/fa2c9bd2-e436-4dbb-a2e5-074ecbf11d23,,2017.0,,,,,
FIN,Finland,Naantali  G1  2 ja 3,FIN0000253,290.0,,,Oil,Nuclear,Gas,Biomass,,Turun Seudun Energiantuotanto Oy,Energiavirasto,http://www.energiavirasto.fi/documents/10191/0/Energiaviraston+Voimalaitosrekisteri+010117.xlsx/fa2c9bd2-e436-4dbb-a2e5-074ecbf11d23,,2017.0,,,,,
FIN,Finland,Naantali kt,FIN0000254,40.0,,,Oil,Nuclear,Gas,Biomass,,Fingrid Oyj,Energiavirasto,http://www.energiavirasto.fi/documents/10191/0/Energiaviraston+Voimalaitosrekisteri+010117.xlsx/fa2c9bd2-e436-4dbb-a2e5-074ecbf11d23,,2017.0,,,,,
FIN,Finland,Nahkakallio,FIN0000255,26.4,,,Wind,,,,,Puhuri Oy,Energiavirasto,http://www.energiavirasto.fi/documents/10191/0/Energiaviraston+Voimalaitosrekisteri+010117.xlsx/fa2c9bd2-e436-4dbb-a2e5-074ecbf11d23,,2017.0,,,,,
FIN,Finland,Naistenlahti'',FIN0000256,191.2,,,Waste,Petcoke,Oil,Nuclear,,Tampereen Sähkölaitos,Energiavirasto,http://www.energiavirasto.fi/documents/10191/0/Energiaviraston+Voimalaitosrekisteri+010117.xlsx/fa2c9bd2-e436-4dbb-a2e5-074ecbf11d23,,2017.0,,,,,
FIN,Finland,Nastola kt,FIN0000257,4.6,,,Oil,Nuclear,Gas,Biomass,,Lahti Energia Oy,Energiavirasto,http://www.energiavirasto.fi/documents/10191/0/Energiaviraston+Voimalaitosrekisteri+010117.xlsx/fa2c9bd2-e436-4dbb-a2e5-074ecbf11d23,,2017.0,,,,,
FIN,Finland,Nikkarinkaarto,FIN0000258,33.0,,,Wind,,,,,Suomen Hyötytuuli Oy,Energiavirasto,http://www.energiavirasto.fi/documents/10191/0/Energiaviraston+Voimalaitosrekisteri+010117.xlsx/fa2c9bd2-e436-4dbb-a2e5-074ecbf11d23,,2017.0,,,,,
FIN,Finland,Nivala,FIN0000259,5.3,,,Oil,Nuclear,Gas,Biomass,,Nivalan Kaukolämpö Oy,Energiavirasto,http://www.energiavirasto.fi/documents/10191/0/Energiaviraston+Voimalaitosrekisteri+010117.xlsx/fa2c9bd2-e436-4dbb-a2e5-074ecbf11d23,,2017.0,,,,,
FIN,Finland,Nokia kombi,FIN0000260,72.0,,,Oil,Nuclear,Gas,Biomass,,Leppäkosken Sähkö Oy,Energiavirasto,http://www.energiavirasto.fi/documents/10191/0/Energiaviraston+Voimalaitosrekisteri+010117.xlsx/fa2c9bd2-e436-4dbb-a2e5-074ecbf11d23,,2017.0,,,,,
FIN,Finland,Nuojua,FIN0000261,85.2,,,Hydro,,,,,Fortum Power & Heat   Generation,Energiavirasto,http://www.energiavirasto.fi/documents/10191/0/Energiaviraston+Voimalaitosrekisteri+010117.xlsx/fa2c9bd2-e436-4dbb-a2e5-074ecbf11d23,,2017.0,,,,,
FIN,Finland,Nyby-Ii,FIN0000262,19.2,,,Wind,,,,,Nybyn Tuulipuisto Ky,Energiavirasto,http://www.energiavirasto.fi/documents/10191/0/Energiaviraston+Voimalaitosrekisteri+010117.xlsx/fa2c9bd2-e436-4dbb-a2e5-074ecbf11d23,,2017.0,,,,,
FIN,Finland,Oksava,FIN0000263,3.0,,,Hydro,,,,,Vattenfall Sähköntuotanto oy,Energiavirasto,http://www.energiavirasto.fi/documents/10191/0/Energiaviraston+Voimalaitosrekisteri+010117.xlsx/fa2c9bd2-e436-4dbb-a2e5-074ecbf11d23,,2017.0,,,,,
FIN,Finland,Olkiluoto kt,FIN0000265,100.5,,,Oil,Nuclear,Gas,Biomass,,Fingrid Oyj,Energiavirasto,http://www.energiavirasto.fi/documents/10191/0/Energiaviraston+Voimalaitosrekisteri+010117.xlsx/fa2c9bd2-e436-4dbb-a2e5-074ecbf11d23,,2017.0,,,,,
FIN,Finland,Olkiluoto tv,FIN0000266,1.0,,,Wind,,,,,Teollisuuden Voima Oyj,Energiavirasto,http://www.energiavirasto.fi/documents/10191/0/Energiaviraston+Voimalaitosrekisteri+010117.xlsx/fa2c9bd2-e436-4dbb-a2e5-074ecbf11d23,,2017.0,,,,,
FIN,Finland,Olkiluoto'',FIN0000264,1760.0,,,Waste,Petcoke,Oil,Nuclear,,Teollisuuden Voima Oyj,Energiavirasto,http://www.energiavirasto.fi/documents/10191/0/Energiaviraston+Voimalaitosrekisteri+010117.xlsx/fa2c9bd2-e436-4dbb-a2e5-074ecbf11d23,,2017.0,,,,,
FIN,Finland,Ossauskoski,FIN0000267,124.0,,,Hydro,,,,,Kemijoki Oy,Energiavirasto,http://www.energiavirasto.fi/documents/10191/0/Energiaviraston+Voimalaitosrekisteri+010117.xlsx/fa2c9bd2-e436-4dbb-a2e5-074ecbf11d23,,2017.0,,,,,
FIN,Finland,Oulu,FIN0000268,105.0,,,Oil,Nuclear,Gas,Biomass,,Stora Enso Oyj  Oulun tehdas,Energiavirasto,http://www.energiavirasto.fi/documents/10191/0/Energiaviraston+Voimalaitosrekisteri+010117.xlsx/fa2c9bd2-e436-4dbb-a2e5-074ecbf11d23,,2017.0,,,,,
FIN,Finland,Oulu T210 ja T213,FIN0000269,28.0,,,Oil,Nuclear,Gas,Biomass,,Laanilan Voima Oy,Energiavirasto,http://www.energiavirasto.fi/documents/10191/0/Energiaviraston+Voimalaitosrekisteri+010117.xlsx/fa2c9bd2-e436-4dbb-a2e5-074ecbf11d23,,2017.0,,,,,
FIN,Finland,Oulunsalo Riutunkari tv,FIN0000270,6.0,,,Wind,,,,,Pohjantuulen Voima Oy,Energiavirasto,http://www.energiavirasto.fi/documents/10191/0/Energiaviraston+Voimalaitosrekisteri+010117.xlsx/fa2c9bd2-e436-4dbb-a2e5-074ecbf11d23,,2017.0,,,,,
FIN,Finland,Padinki,FIN0000271,1.0,,,Hydro,,,,,Korpelan Voima kuntayhtymä,Energiavirasto,http://www.energiavirasto.fi/documents/10191/0/Energiaviraston+Voimalaitosrekisteri+010117.xlsx/fa2c9bd2-e436-4dbb-a2e5-074ecbf11d23,,2017.0,,,,,
FIN,Finland,Pahkakoski,FIN0000272,42.1,,,Hydro,,,,,PVO Vesivoima Oy,Energiavirasto,http://www.energiavirasto.fi/documents/10191/0/Energiaviraston+Voimalaitosrekisteri+010117.xlsx/fa2c9bd2-e436-4dbb-a2e5-074ecbf11d23,,2017.0,,,,,
FIN,Finland,Pajukoski 1 A,FIN0000273,6.6,,,Wind,,,,,Windfarm Ylivieska Pajukoski Ky,Energiavirasto,http://www.energiavirasto.fi/documents/10191/0/Energiaviraston+Voimalaitosrekisteri+010117.xlsx/fa2c9bd2-e436-4dbb-a2e5-074ecbf11d23,,2017.0,,,,,
FIN,Finland,Pajukoski 1 B,FIN0000274,23.1,,,Wind,,,,,Pajukosken tuulipuisto Oy,Energiavirasto,http://www.energiavirasto.fi/documents/10191/0/Energiaviraston+Voimalaitosrekisteri+010117.xlsx/fa2c9bd2-e436-4dbb-a2e5-074ecbf11d23,,2017.0,,,,,
FIN,Finland,Palokki,FIN0000275,6.8,,,Hydro,,,,,Pohjois-Karjalan Sähkö Oy,Energiavirasto,http://www.energiavirasto.fi/documents/10191/0/Energiaviraston+Voimalaitosrekisteri+010117.xlsx/fa2c9bd2-e436-4dbb-a2e5-074ecbf11d23,,2017.0,,,,,
FIN,Finland,Pamilo,FIN0000276,85.0,,,Hydro,,,,,Pamilo Oy,Energiavirasto,http://www.energiavirasto.fi/documents/10191/0/Energiaviraston+Voimalaitosrekisteri+010117.xlsx/fa2c9bd2-e436-4dbb-a2e5-074ecbf11d23,,2017.0,,,,,
FIN,Finland,Pankakoski,FIN0000277,15.0,,,Hydro,,,,,Kemijoki Oy,Energiavirasto,http://www.energiavirasto.fi/documents/10191/0/Energiaviraston+Voimalaitosrekisteri+010117.xlsx/fa2c9bd2-e436-4dbb-a2e5-074ecbf11d23,,2017.0,,,,,
FIN,Finland,Parantalankoski,FIN0000278,0.9,,,Hydro,,,,,Koskienergia Oy,Energiavirasto,http://www.energiavirasto.fi/documents/10191/0/Energiaviraston+Voimalaitosrekisteri+010117.xlsx/fa2c9bd2-e436-4dbb-a2e5-074ecbf11d23,,2017.0,,,,,
FIN,Finland,Patalankoski,FIN0000279,2.4,,,Hydro,,,,,UPM-Kymmene Oyj,Energiavirasto,http://www.energiavirasto.fi/documents/10191/0/Energiaviraston+Voimalaitosrekisteri+010117.xlsx/fa2c9bd2-e436-4dbb-a2e5-074ecbf11d23,,2017.0,,,,,
FIN,Finland,Peltokoski,FIN0000280,2.3,,,Hydro,,,,,Koskienergia Koskivoima Oy,Energiavirasto,http://www.energiavirasto.fi/documents/10191/0/Energiaviraston+Voimalaitosrekisteri+010117.xlsx/fa2c9bd2-e436-4dbb-a2e5-074ecbf11d23,,2017.0,,,,,
FIN,Finland,Permantokoski,FIN0000281,14.0,,,Hydro,,,,,Kemijoki Oy,Energiavirasto,http://www.energiavirasto.fi/documents/10191/0/Energiaviraston+Voimalaitosrekisteri+010117.xlsx/fa2c9bd2-e436-4dbb-a2e5-074ecbf11d23,,2017.0,,,,,
FIN,Finland,Pietarsaari (Wisapower Oy),FIN0000282,116.0,,,Oil,Nuclear,Gas,Biomass,,UPM-Kymmene Oyj Wisaforest,Energiavirasto,http://www.energiavirasto.fi/documents/10191/0/Energiaviraston+Voimalaitosrekisteri+010117.xlsx/fa2c9bd2-e436-4dbb-a2e5-074ecbf11d23,,2017.0,,,,,
FIN,Finland,Pihlava,FIN0000283,0.0,,,Oil,Nuclear,Gas,Biomass,,Pori Energia Oy,Energiavirasto,http://www.energiavirasto.fi/documents/10191/0/Energiaviraston+Voimalaitosrekisteri+010117.xlsx/fa2c9bd2-e436-4dbb-a2e5-074ecbf11d23,,2017.0,,,,,
FIN,Finland,Pirttikoski,FIN0000284,131.0,,,Hydro,,,,,Kemijoki Oy,Energiavirasto,http://www.energiavirasto.fi/documents/10191/0/Energiaviraston+Voimalaitosrekisteri+010117.xlsx/fa2c9bd2-e436-4dbb-a2e5-074ecbf11d23,,2017.0,,,,,
FIN,Finland,Pori,FIN0000285,81.4,,,Oil,Nuclear,Gas,Biomass,,Porin Prosessivoima Oy,Energiavirasto,http://www.energiavirasto.fi/documents/10191/0/Energiaviraston+Voimalaitosrekisteri+010117.xlsx/fa2c9bd2-e436-4dbb-a2e5-074ecbf11d23,,2017.0,,,,,
FIN,Finland,Pori Kirrinsanta,FIN0000286,6.6,,,Wind,,,,,Suomen Hyötytuuli Oy,Energiavirasto,http://www.energiavirasto.fi/documents/10191/0/Energiaviraston+Voimalaitosrekisteri+010117.xlsx/fa2c9bd2-e436-4dbb-a2e5-074ecbf11d23,,2017.0,,,,,
FIN,Finland,Pori Peittoo,FIN0000287,54.0,,,Wind,,,,,Tuuliwatti Oy,Energiavirasto,http://www.energiavirasto.fi/documents/10191/0/Energiaviraston+Voimalaitosrekisteri+010117.xlsx/fa2c9bd2-e436-4dbb-a2e5-074ecbf11d23,,2017.0,,,,,
FIN,Finland,Porin tuulipuisto tv 1 - 10,FIN0000288,9.0,,,Wind,,,,,Suomen Hyötytuuli Oy,Energiavirasto,http://www.energiavirasto.fi/documents/10191/0/Energiaviraston+Voimalaitosrekisteri+010117.xlsx/fa2c9bd2-e436-4dbb-a2e5-074ecbf11d23,,2017.0,,,,,
FIN,Finland,Porituuli,FIN0000289,3.0,,,Wind,,,,,Porituuli Oy,Energiavirasto,http://www.energiavirasto.fi/documents/10191/0/Energiaviraston+Voimalaitosrekisteri+010117.xlsx/fa2c9bd2-e436-4dbb-a2e5-074ecbf11d23,,2017.0,,,,,
FIN,Finland,Portimokoski,FIN0000290,11.0,,,Hydro,,,,,Tornionlaakson Voima Oy-,Energiavirasto,http://www.energiavirasto.fi/documents/10191/0/Energiaviraston+Voimalaitosrekisteri+010117.xlsx/fa2c9bd2-e436-4dbb-a2e5-074ecbf11d23,,2017.0,,,,,
FIN,Finland,Porttipahta,FIN0000291,35.0,,,Hydro,,,,,Kemijoki Oy,Energiavirasto,http://www.energiavirasto.fi/documents/10191/0/Energiaviraston+Voimalaitosrekisteri+010117.xlsx/fa2c9bd2-e436-4dbb-a2e5-074ecbf11d23,,2017.0,,,,,
FIN,Finland,Porvoo,FIN0000292,76.0,,,Oil,Nuclear,Gas,Biomass,,Neste Oil Oy,Energiavirasto,http://www.energiavirasto.fi/documents/10191/0/Energiaviraston+Voimalaitosrekisteri+010117.xlsx/fa2c9bd2-e436-4dbb-a2e5-074ecbf11d23,,2017.0,,,,,
FIN,Finland,Porvoo Kilpilahti,FIN0000293,27.0,,,Oil,Nuclear,Gas,Biomass,,Fingrid Oyj,Energiavirasto,http://www.energiavirasto.fi/documents/10191/0/Energiaviraston+Voimalaitosrekisteri+010117.xlsx/fa2c9bd2-e436-4dbb-a2e5-074ecbf11d23,,2017.0,,,,,
FIN,Finland,Porvoo Tolkkinen,FIN0000294,40.0,,,Oil,Nuclear,Gas,Biomass,,Fingrid Oyj,Energiavirasto,http://www.energiavirasto.fi/documents/10191/0/Energiaviraston+Voimalaitosrekisteri+010117.xlsx/fa2c9bd2-e436-4dbb-a2e5-074ecbf11d23,,2017.0,,,,,
FIN,Finland,Porvoo kt'',FIN0000295,120.6,,,Waste,Petcoke,Oil,Nuclear,,Neste Oil Oy,Energiavirasto,http://www.energiavirasto.fi/documents/10191/0/Energiaviraston+Voimalaitosrekisteri+010117.xlsx/fa2c9bd2-e436-4dbb-a2e5-074ecbf11d23,,2017.0,,,,,
FIN,Finland,Posion CHP-laitos,FIN0000296,0.6,,,Oil,Nuclear,Gas,Biomass,,Posion Vesi ja Lämpö Oy,Energiavirasto,http://www.energiavirasto.fi/documents/10191/0/Energiaviraston+Voimalaitosrekisteri+010117.xlsx/fa2c9bd2-e436-4dbb-a2e5-074ecbf11d23,,2017.0,,,,,
FIN,Finland,Posion tuulipuisto,FIN0000297,23.1,,,Wind,,,,,Posion Energia Oy,Energiavirasto,http://www.energiavirasto.fi/documents/10191/0/Energiaviraston+Voimalaitosrekisteri+010117.xlsx/fa2c9bd2-e436-4dbb-a2e5-074ecbf11d23,,2017.0,,,,,
FIN,Finland,Puntarikoski,FIN0000298,6.9,,,Hydro,,,,,Pohjois-Karjalan Sähkö Oy,Energiavirasto,http://www.energiavirasto.fi/documents/10191/0/Energiaviraston+Voimalaitosrekisteri+010117.xlsx/fa2c9bd2-e436-4dbb-a2e5-074ecbf11d23,,2017.0,,,,,
FIN,Finland,Pursiala'',FIN0000299,59.7,,,Waste,Petcoke,Oil,Nuclear,,Etelä-Savon Energia Oy,Energiavirasto,http://www.energiavirasto.fi/documents/10191/0/Energiaviraston+Voimalaitosrekisteri+010117.xlsx/fa2c9bd2-e436-4dbb-a2e5-074ecbf11d23,,2017.0,,,,,
FIN,Finland,Puulaakso,FIN0000300,0.9,,,Oil,Nuclear,Gas,Biomass,,Puulaakson Energia Oy,Energiavirasto,http://www.energiavirasto.fi/documents/10191/0/Energiaviraston+Voimalaitosrekisteri+010117.xlsx/fa2c9bd2-e436-4dbb-a2e5-074ecbf11d23,,2017.0,,,,,
FIN,Finland,Puuska 2,FIN0000301,16.5,,,Wind,,,,,Rajakiiri Oy,Energiavirasto,http://www.energiavirasto.fi/documents/10191/0/Energiaviraston+Voimalaitosrekisteri+010117.xlsx/fa2c9bd2-e436-4dbb-a2e5-074ecbf11d23,,2017.0,,,,,
FIN,Finland,RES1,FIN0000302,5.0,,,Wind,,,,,Restuuli Oy,Energiavirasto,http://www.energiavirasto.fi/documents/10191/0/Energiaviraston+Voimalaitosrekisteri+010117.xlsx/fa2c9bd2-e436-4dbb-a2e5-074ecbf11d23,,2017.0,,,,,
FIN,Finland,Raahe,FIN0000303,125.0,,,Oil,Nuclear,Gas,Biomass,,Raahen Voima Oyj,Energiavirasto,http://www.energiavirasto.fi/documents/10191/0/Energiaviraston+Voimalaitosrekisteri+010117.xlsx/fa2c9bd2-e436-4dbb-a2e5-074ecbf11d23,,2017.0,,,,,
FIN,Finland,Raahen tuulipuisto tv 1- 9,FIN0000304,20.7,,,Wind,,,,,Suomen Hyötytuuli Oy,Energiavirasto,http://www.energiavirasto.fi/documents/10191/0/Energiaviraston+Voimalaitosrekisteri+010117.xlsx/fa2c9bd2-e436-4dbb-a2e5-074ecbf11d23,,2017.0,,,,,
FIN,Finland,Raasakka,FIN0000305,60.0,,,Hydro,,,,,PVO Vesivoima Oy,Energiavirasto,http://www.energiavirasto.fi/documents/10191/0/Energiaviraston+Voimalaitosrekisteri+010117.xlsx/fa2c9bd2-e436-4dbb-a2e5-074ecbf11d23,,2017.0,,,,,
FIN,Finland,Raisio,FIN0000306,0.0,,,Oil,Nuclear,Gas,Biomass,,Raisionkaaren Teollisuuspuisto Oy,Energiavirasto,http://www.energiavirasto.fi/documents/10191/0/Energiaviraston+Voimalaitosrekisteri+010117.xlsx/fa2c9bd2-e436-4dbb-a2e5-074ecbf11d23,,2017.0,,,,,
FIN,Finland,Rasmus 1 ja 2,FIN0000307,3.0,,,Wind,,,,,Koskenkorvan Tuulivoima Oy,Energiavirasto,http://www.energiavirasto.fi/documents/10191/0/Energiaviraston+Voimalaitosrekisteri+010117.xlsx/fa2c9bd2-e436-4dbb-a2e5-074ecbf11d23,,2017.0,,,,,
FIN,Finland,Rauhalahti,FIN0000308,80.0,,,Oil,Nuclear,Gas,Biomass,,Jyväskylän Energiantuotanto Oy,Energiavirasto,http://www.energiavirasto.fi/documents/10191/0/Energiaviraston+Voimalaitosrekisteri+010117.xlsx/fa2c9bd2-e436-4dbb-a2e5-074ecbf11d23,,2017.0,,,,,
FIN,Finland,Rauma,FIN0000309,71.5,,,Oil,Nuclear,Gas,Biomass,,Rauman Biovoima Oy,Energiavirasto,http://www.energiavirasto.fi/documents/10191/0/Energiaviraston+Voimalaitosrekisteri+010117.xlsx/fa2c9bd2-e436-4dbb-a2e5-074ecbf11d23,,2017.0,,,,,
FIN,Finland,Rauma,FIN0000310,75.0,,,Oil,Nuclear,Gas,Biomass,,Metsä Fibre Oy,Energiavirasto,http://www.energiavirasto.fi/documents/10191/0/Energiaviraston+Voimalaitosrekisteri+010117.xlsx/fa2c9bd2-e436-4dbb-a2e5-074ecbf11d23,,2017.0,,,,,
FIN,Finland,Rengon saha,FIN0000311,1.3,,,Oil,Nuclear,Gas,Biomass,,Biokraft Oy,Energiavirasto,http://www.energiavirasto.fi/documents/10191/0/Energiaviraston+Voimalaitosrekisteri+010117.xlsx/fa2c9bd2-e436-4dbb-a2e5-074ecbf11d23,,2017.0,,,,,
FIN,Finland,Riikinvoima,FIN0000312,11.8,,,Oil,Nuclear,Gas,Biomass,,Riikinvoima Oy,Energiavirasto,http://www.energiavirasto.fi/documents/10191/0/Energiaviraston+Voimalaitosrekisteri+010117.xlsx/fa2c9bd2-e436-4dbb-a2e5-074ecbf11d23,,2017.0,,,,,
FIN,Finland,Ristiina,FIN0000313,8.5,,,Oil,Nuclear,Gas,Biomass,,Järvi-Suomen Voima Oy,Energiavirasto,http://www.energiavirasto.fi/documents/10191/0/Energiaviraston+Voimalaitosrekisteri+010117.xlsx/fa2c9bd2-e436-4dbb-a2e5-074ecbf11d23,,2017.0,,,,,
FIN,Finland,Ruskeakoski,FIN0000314,3.3,,,Hydro,,,,,Pohjois-Karjalan Sähkö Oy,Energiavirasto,http://www.energiavirasto.fi/documents/10191/0/Energiaviraston+Voimalaitosrekisteri+010117.xlsx/fa2c9bd2-e436-4dbb-a2e5-074ecbf11d23,,2017.0,,,,,
FIN,Finland,Ruusutarhat,FIN0000315,2.7,,,Oil,Nuclear,Gas,Biomass,,Ruusutarhat Suutari Oy,Energiavirasto,http://www.energiavirasto.fi/documents/10191/0/Energiaviraston+Voimalaitosrekisteri+010117.xlsx/fa2c9bd2-e436-4dbb-a2e5-074ecbf11d23,,2017.0,,,,,
FIN,Finland,Saario,FIN0000316,1.6,,,Hydro,,,,,Pohjois-Karjalan Sähkö Oy,Energiavirasto,http://www.energiavirasto.fi/documents/10191/0/Energiaviraston+Voimalaitosrekisteri+010117.xlsx/fa2c9bd2-e436-4dbb-a2e5-074ecbf11d23,,2017.0,,,,,
FIN,Finland,Sallila,FIN0000317,1.2,,,Hydro,,,,,Sallila Energia Oy,Energiavirasto,http://www.energiavirasto.fi/documents/10191/0/Energiaviraston+Voimalaitosrekisteri+010117.xlsx/fa2c9bd2-e436-4dbb-a2e5-074ecbf11d23,,2017.0,,,,,
FIN,Finland,Salmisaari B,FIN0000318,163.0,,,Oil,Nuclear,Gas,Biomass,,Helsingin Energia,Energiavirasto,http://www.energiavirasto.fi/documents/10191/0/Energiaviraston+Voimalaitosrekisteri+010117.xlsx/fa2c9bd2-e436-4dbb-a2e5-074ecbf11d23,,2017.0,,,,,
FIN,Finland,Salo,FIN0000319,13.5,,,Oil,Nuclear,Gas,Biomass,,Voimavasu Oy,Energiavirasto,http://www.energiavirasto.fi/documents/10191/0/Energiaviraston+Voimalaitosrekisteri+010117.xlsx/fa2c9bd2-e436-4dbb-a2e5-074ecbf11d23,,2017.0,,,,,
FIN,Finland,Santavuori 1,FIN0000320,56.1,,,Wind,,,,,EPV Tuulivoima Oy,Energiavirasto,http://www.energiavirasto.fi/documents/10191/0/Energiaviraston+Voimalaitosrekisteri+010117.xlsx/fa2c9bd2-e436-4dbb-a2e5-074ecbf11d23,,2017.0,,,,,
FIN,Finland,Savela,FIN0000321,0.0,,,Oil,Nuclear,Gas,Biomass,,Jyväskylän Energiantuotanto Oy,Energiavirasto,http://www.energiavirasto.fi/documents/10191/0/Energiaviraston+Voimalaitosrekisteri+010117.xlsx/fa2c9bd2-e436-4dbb-a2e5-074ecbf11d23,,2017.0,,,,,
FIN,Finland,Savio,FIN0000322,3.9,,,Oil,Nuclear,Gas,Biomass,,Keravan Energia Oy,Energiavirasto,http://www.energiavirasto.fi/documents/10191/0/Energiaviraston+Voimalaitosrekisteri+010117.xlsx/fa2c9bd2-e436-4dbb-a2e5-074ecbf11d23,,2017.0,,,,,
FIN,Finland,Savonlinna,FIN0000323,17.5,,,Oil,Nuclear,Gas,Biomass,,Järvi-Suomen Voima Oy,Energiavirasto,http://www.energiavirasto.fi/documents/10191/0/Energiaviraston+Voimalaitosrekisteri+010117.xlsx/fa2c9bd2-e436-4dbb-a2e5-074ecbf11d23,,2017.0,,,,,
FIN,Finland,Seitakorva,FIN0000324,130.0,,,Hydro,,,,,Kemijoki Oy,Energiavirasto,http://www.energiavirasto.fi/documents/10191/0/Energiaviraston+Voimalaitosrekisteri+010117.xlsx/fa2c9bd2-e436-4dbb-a2e5-074ecbf11d23,,2017.0,,,,,
FIN,Finland,Seitenoikea,FIN0000325,37.9,,,Hydro,,,,,Fortum Power & Heat   Generation,Energiavirasto,http://www.energiavirasto.fi/documents/10191/0/Energiaviraston+Voimalaitosrekisteri+010117.xlsx/fa2c9bd2-e436-4dbb-a2e5-074ecbf11d23,,2017.0,,,,,
FIN,Finland,Siikakoski,FIN0000326,1.8,,,Hydro,,,,,KSS Energia Oy,Energiavirasto,http://www.energiavirasto.fi/documents/10191/0/Energiaviraston+Voimalaitosrekisteri+010117.xlsx/fa2c9bd2-e436-4dbb-a2e5-074ecbf11d23,,2017.0,,,,,
FIN,Finland,Simo  Putaankangas tv,FIN0000327,9.0,,,Wind,,,,,Tuuliwatti Oy,Energiavirasto,http://www.energiavirasto.fi/documents/10191/0/Energiaviraston+Voimalaitosrekisteri+010117.xlsx/fa2c9bd2-e436-4dbb-a2e5-074ecbf11d23,,2017.0,,,,,
FIN,Finland,Simpele,FIN0000328,34.5,,,Oil,Nuclear,Gas,Biomass,,Metsä Board Oyj,Energiavirasto,http://www.energiavirasto.fi/documents/10191/0/Energiaviraston+Voimalaitosrekisteri+010117.xlsx/fa2c9bd2-e436-4dbb-a2e5-074ecbf11d23,,2017.0,,,,,
FIN,Finland,Siuronkoski,FIN0000329,0.7,,,Hydro,,,,,Virolan puutarha,Energiavirasto,http://www.energiavirasto.fi/documents/10191/0/Energiaviraston+Voimalaitosrekisteri+010117.xlsx/fa2c9bd2-e436-4dbb-a2e5-074ecbf11d23,,2017.0,,,,,
FIN,Finland,Soilu,FIN0000330,1.8,,,Hydro,,,,,Koskienergia Koskivoima Oy,Energiavirasto,http://www.energiavirasto.fi/documents/10191/0/Energiaviraston+Voimalaitosrekisteri+010117.xlsx/fa2c9bd2-e436-4dbb-a2e5-074ecbf11d23,,2017.0,,,,,
FIN,Finland,Soininkoski,FIN0000331,1.42,,,Hydro,,,,,Killin Voima Oy,Energiavirasto,http://www.energiavirasto.fi/documents/10191/0/Energiaviraston+Voimalaitosrekisteri+010117.xlsx/fa2c9bd2-e436-4dbb-a2e5-074ecbf11d23,,2017.0,,,,,
FIN,Finland,Sopenkorpi,FIN0000332,14.5,,,Oil,Nuclear,Gas,Biomass,,Lahti Energia Oy,Energiavirasto,http://www.energiavirasto.fi/documents/10191/0/Energiaviraston+Voimalaitosrekisteri+010117.xlsx/fa2c9bd2-e436-4dbb-a2e5-074ecbf11d23,,2017.0,,,,,
FIN,Finland,Sotkamo,FIN0000333,1.3,,,Oil,Nuclear,Gas,Biomass,,Vapo Oy,Energiavirasto,http://www.energiavirasto.fi/documents/10191/0/Energiaviraston+Voimalaitosrekisteri+010117.xlsx/fa2c9bd2-e436-4dbb-a2e5-074ecbf11d23,,2017.0,,,,,
FIN,Finland,Stadsforsens Kraftverk,FIN0000334,4.6,,,Hydro,,,,,Nykarleby Kraftverk,Energiavirasto,http://www.energiavirasto.fi/documents/10191/0/Energiaviraston+Voimalaitosrekisteri+010117.xlsx/fa2c9bd2-e436-4dbb-a2e5-074ecbf11d23,,2017.0,,,,,
FIN,Finland,Summa tv,FIN0000335,12.0,,,Wind,,,,,Haminan Energia,Energiavirasto,http://www.energiavirasto.fi/documents/10191/0/Energiaviraston+Voimalaitosrekisteri+010117.xlsx/fa2c9bd2-e436-4dbb-a2e5-074ecbf11d23,,2017.0,,,,,
FIN,Finland,Sunila,FIN0000336,35.7,,,Oil,Nuclear,Gas,Biomass,,Stora Enso Oyj,Energiavirasto,http://www.energiavirasto.fi/documents/10191/0/Energiaviraston+Voimalaitosrekisteri+010117.xlsx/fa2c9bd2-e436-4dbb-a2e5-074ecbf11d23,,2017.0,,,,,
FIN,Finland,Suomenojan voimalaitos,FIN0000337,358.0,,,Oil,Nuclear,Gas,Biomass,,Fortum Power and Heat Oy,Energiavirasto,http://www.energiavirasto.fi/documents/10191/0/Energiaviraston+Voimalaitosrekisteri+010117.xlsx/fa2c9bd2-e436-4dbb-a2e5-074ecbf11d23,,2017.0,,,,,
FIN,Finland,Suosiola,FIN0000338,30.0,,,Oil,Nuclear,Gas,Biomass,,ROVANIEMEN ENERGIA OY,Energiavirasto,http://www.energiavirasto.fi/documents/10191/0/Energiaviraston+Voimalaitosrekisteri+010117.xlsx/fa2c9bd2-e436-4dbb-a2e5-074ecbf11d23,,2017.0,,,,,
FIN,Finland,Svalskulla,FIN0000339,15.0,,,Wind,,,,,VindIn Svalskulla Ab/Oy,Energiavirasto,http://www.energiavirasto.fi/documents/10191/0/Energiaviraston+Voimalaitosrekisteri+010117.xlsx/fa2c9bd2-e436-4dbb-a2e5-074ecbf11d23,,2017.0,,,,,
FIN,Finland,Sysimylly,FIN0000340,2.5,,,Wind,,,,,Sysituuli Oy,Energiavirasto,http://www.energiavirasto.fi/documents/10191/0/Energiaviraston+Voimalaitosrekisteri+010117.xlsx/fa2c9bd2-e436-4dbb-a2e5-074ecbf11d23,,2017.0,,,,,
FIN,Finland,Tahkoluoto,FIN0000341,0.0,,,Oil,Nuclear,Gas,Biomass,,PVO-Lämpövoima Oy,Energiavirasto,http://www.energiavirasto.fi/documents/10191/0/Energiaviraston+Voimalaitosrekisteri+010117.xlsx/fa2c9bd2-e436-4dbb-a2e5-074ecbf11d23,,2017.0,,,,,
FIN,Finland,Tahkoluoto Offshore tv,FIN0000342,2.3,,,Wind,,,,,Suomen Hyötytuuli Oy,Energiavirasto,http://www.energiavirasto.fi/documents/10191/0/Energiaviraston+Voimalaitosrekisteri+010117.xlsx/fa2c9bd2-e436-4dbb-a2e5-074ecbf11d23,,2017.0,,,,,
FIN,Finland,Tahkoluoto kt,FIN0000343,52.0,,,Oil,Nuclear,Gas,Biomass,,Fingrid Oyj,Energiavirasto,http://www.energiavirasto.fi/documents/10191/0/Energiaviraston+Voimalaitosrekisteri+010117.xlsx/fa2c9bd2-e436-4dbb-a2e5-074ecbf11d23,,2017.0,,,,,
FIN,Finland,Tahkoluoto tv,FIN0000344,3.0,,,Wind,,,,,Tuuliwatti Oy,Energiavirasto,http://www.energiavirasto.fi/documents/10191/0/Energiaviraston+Voimalaitosrekisteri+010117.xlsx/fa2c9bd2-e436-4dbb-a2e5-074ecbf11d23,,2017.0,,,,,
FIN,Finland,Tainionkoski,FIN0000345,61.5,,,Hydro,,,,,Fortum Power & Heat   Generation,Energiavirasto,http://www.energiavirasto.fi/documents/10191/0/Energiaviraston+Voimalaitosrekisteri+010117.xlsx/fa2c9bd2-e436-4dbb-a2e5-074ecbf11d23,,2017.0,,,,,
FIN,Finland,Taivalkoski,FIN0000346,133.0,,,Hydro,,,,,Kemijoki Oy,Energiavirasto,http://www.energiavirasto.fi/documents/10191/0/Energiaviraston+Voimalaitosrekisteri+010117.xlsx/fa2c9bd2-e436-4dbb-a2e5-074ecbf11d23,,2017.0,,,,,
FIN,Finland,Tako T2 ja T5,FIN0000347,16.5,,,Oil,Nuclear,Gas,Biomass,,Metsä Board Oyj,Energiavirasto,http://www.energiavirasto.fi/documents/10191/0/Energiaviraston+Voimalaitosrekisteri+010117.xlsx/fa2c9bd2-e436-4dbb-a2e5-074ecbf11d23,,2017.0,,,,,
FIN,Finland,Tammerkoski,FIN0000348,8.6,,,Hydro,,,,,Tampereen Sähkölaitos,Energiavirasto,http://www.energiavirasto.fi/documents/10191/0/Energiaviraston+Voimalaitosrekisteri+010117.xlsx/fa2c9bd2-e436-4dbb-a2e5-074ecbf11d23,,2017.0,,,,,
FIN,Finland,Tammervoima,FIN0000349,12.3,,,Oil,Nuclear,Gas,Biomass,,Tammervoima Oy,Energiavirasto,http://www.energiavirasto.fi/documents/10191/0/Energiaviraston+Voimalaitosrekisteri+010117.xlsx/fa2c9bd2-e436-4dbb-a2e5-074ecbf11d23,,2017.0,,,,,
FIN,Finland,Tampella ve,FIN0000350,3.01,,,Hydro,,,,,Tampereen Sähkölaitos,Energiavirasto,http://www.energiavirasto.fi/documents/10191/0/Energiaviraston+Voimalaitosrekisteri+010117.xlsx/fa2c9bd2-e436-4dbb-a2e5-074ecbf11d23,,2017.0,,,,,
FIN,Finland,Tervasaari ve,FIN0000351,3.0,,,Hydro,,,,,UPM-Kymmene Oyj,Energiavirasto,http://www.energiavirasto.fi/documents/10191/0/Energiaviraston+Voimalaitosrekisteri+010117.xlsx/fa2c9bd2-e436-4dbb-a2e5-074ecbf11d23,,2017.0,,,,,
FIN,Finland,Tervola  Varevaara tv,FIN0000352,30.0,,,Wind,,,,,Tuuliwatti Oy,Energiavirasto,http://www.energiavirasto.fi/documents/10191/0/Energiaviraston+Voimalaitosrekisteri+010117.xlsx/fa2c9bd2-e436-4dbb-a2e5-074ecbf11d23,,2017.0,,,,,
FIN,Finland,Tiihala,FIN0000353,1.0,,,Oil,Nuclear,Gas,Biomass,,Virolan puutarha,Energiavirasto,http://www.energiavirasto.fi/documents/10191/0/Energiaviraston+Voimalaitosrekisteri+010117.xlsx/fa2c9bd2-e436-4dbb-a2e5-074ecbf11d23,,2017.0,,,,,
FIN,Finland,Tohkoja'',FIN0000354,77.0,,,Wind,,,,,Tohkojan Tuulipuisto Oy,Energiavirasto,http://www.energiavirasto.fi/documents/10191/0/Energiaviraston+Voimalaitosrekisteri+010117.xlsx/fa2c9bd2-e436-4dbb-a2e5-074ecbf11d23,,2017.0,,,,,
FIN,Finland,Toholampi,FIN0000355,1.3,,,Oil,Nuclear,Gas,Biomass,,Toholammin Energia Oy,Energiavirasto,http://www.energiavirasto.fi/documents/10191/0/Energiaviraston+Voimalaitosrekisteri+010117.xlsx/fa2c9bd2-e436-4dbb-a2e5-074ecbf11d23,,2017.0,,,,,
FIN,Finland,Tolkkinen  Biolaitos,FIN0000356,11.3,,,Oil,Nuclear,Gas,Biomass,,Porvoon Energia Oy,Energiavirasto,http://www.energiavirasto.fi/documents/10191/0/Energiaviraston+Voimalaitosrekisteri+010117.xlsx/fa2c9bd2-e436-4dbb-a2e5-074ecbf11d23,,2017.0,,,,,
FIN,Finland,Tolkkinen 1,FIN0000357,7.8,,,Oil,Nuclear,Gas,Biomass,,Porvoon Energia Oy,Energiavirasto,http://www.energiavirasto.fi/documents/10191/0/Energiaviraston+Voimalaitosrekisteri+010117.xlsx/fa2c9bd2-e436-4dbb-a2e5-074ecbf11d23,,2017.0,,,,,
FIN,Finland,Topinojan Biokaasulaitos,FIN0000358,0.8,,,Oil,Nuclear,Gas,Biomass,,Höyrytys Oy,Energiavirasto,http://www.energiavirasto.fi/documents/10191/0/Energiaviraston+Voimalaitosrekisteri+010117.xlsx/fa2c9bd2-e436-4dbb-a2e5-074ecbf11d23,,2017.0,,,,,
FIN,Finland,Toppila 1 ja 2,FIN0000359,195.0,,,Oil,Nuclear,Gas,Biomass,,Oulun Energia,Energiavirasto,http://www.energiavirasto.fi/documents/10191/0/Energiaviraston+Voimalaitosrekisteri+010117.xlsx/fa2c9bd2-e436-4dbb-a2e5-074ecbf11d23,,2017.0,,,,,
FIN,Finland,Torkkolan tuulipuisto,FIN0000360,52.8,,,Wind,,,,,EPV Tuulivoima Oy,Energiavirasto,http://www.energiavirasto.fi/documents/10191/0/Energiaviraston+Voimalaitosrekisteri+010117.xlsx/fa2c9bd2-e436-4dbb-a2e5-074ecbf11d23,,2017.0,,,,,
FIN,Finland,Tornio,FIN0000361,39.3,,,Oil,Nuclear,Gas,Biomass,,Tornion Voima Oy,Energiavirasto,http://www.energiavirasto.fi/documents/10191/0/Energiaviraston+Voimalaitosrekisteri+010117.xlsx/fa2c9bd2-e436-4dbb-a2e5-074ecbf11d23,,2017.0,,,,,
FIN,Finland,Tornio tv,FIN0000362,28.8,,,Wind,,,,,Rajakiiri Oy,Energiavirasto,http://www.energiavirasto.fi/documents/10191/0/Energiaviraston+Voimalaitosrekisteri+010117.xlsx/fa2c9bd2-e436-4dbb-a2e5-074ecbf11d23,,2017.0,,,,,
FIN,Finland,TuuliMuukko,FIN0000363,21.0,,,Wind,,,,,TuuliMuukko Ky,Energiavirasto,http://www.energiavirasto.fi/documents/10191/0/Energiaviraston+Voimalaitosrekisteri+010117.xlsx/fa2c9bd2-e436-4dbb-a2e5-074ecbf11d23,,2017.0,,,,,
FIN,Finland,Tuulipuisto Ristiveto tv,FIN0000364,15.0,,,Wind,,,,,Oy Perhonjoki Ab,Energiavirasto,http://www.energiavirasto.fi/documents/10191/0/Energiaviraston+Voimalaitosrekisteri+010117.xlsx/fa2c9bd2-e436-4dbb-a2e5-074ecbf11d23,,2017.0,,,,,
FIN,Finland,Uimaharju 2 + 1 vp/lv,FIN0000365,105.0,,,Oil,Nuclear,Gas,Biomass,,Stora Enso Oyj Enocellin tehdas,Energiavirasto,http://www.energiavirasto.fi/documents/10191/0/Energiaviraston+Voimalaitosrekisteri+010117.xlsx/fa2c9bd2-e436-4dbb-a2e5-074ecbf11d23,,2017.0,,,,,
FIN,Finland,Uljua,FIN0000366,3.7,,,Hydro,,,,,Vattenfall Sähköntuotanto oy,Energiavirasto,http://www.energiavirasto.fi/documents/10191/0/Energiaviraston+Voimalaitosrekisteri+010117.xlsx/fa2c9bd2-e436-4dbb-a2e5-074ecbf11d23,,2017.0,,,,,
FIN,Finland,Utanen,FIN0000367,57.8,,,Hydro,,,,,Fortum Power & Heat   Generation,Energiavirasto,http://www.energiavirasto.fi/documents/10191/0/Energiaviraston+Voimalaitosrekisteri+010117.xlsx/fa2c9bd2-e436-4dbb-a2e5-074ecbf11d23,,2017.0,,,,,
FIN,Finland,Uusikaupunki,FIN0000368,14.2,,,Oil,Nuclear,Gas,Biomass,,Yara Suomi Oy,Energiavirasto,http://www.energiavirasto.fi/documents/10191/0/Energiaviraston+Voimalaitosrekisteri+010117.xlsx/fa2c9bd2-e436-4dbb-a2e5-074ecbf11d23,,2017.0,,,,,
FIN,Finland,Vaaja,FIN0000369,3.6,,,Hydro,,,,,SUUR-SAVON SÄHKÖ Oy,Energiavirasto,http://www.energiavirasto.fi/documents/10191/0/Energiaviraston+Voimalaitosrekisteri+010117.xlsx/fa2c9bd2-e436-4dbb-a2e5-074ecbf11d23,,2017.0,,,,,
FIN,Finland,Vaasa,FIN0000370,0.0,,,Oil,Nuclear,Gas,Biomass,,Vaasan Sähkö Oy,Energiavirasto,http://www.energiavirasto.fi/documents/10191/0/Energiaviraston+Voimalaitosrekisteri+010117.xlsx/fa2c9bd2-e436-4dbb-a2e5-074ecbf11d23,,2017.0,,,,,
FIN,Finland,Vajukoski,FIN0000371,21.0,,,Hydro,,,,,Kemijoki Oy,Energiavirasto,http://www.energiavirasto.fi/documents/10191/0/Energiaviraston+Voimalaitosrekisteri+010117.xlsx/fa2c9bd2-e436-4dbb-a2e5-074ecbf11d23,,2017.0,,,,,
FIN,Finland,Valajaskoski,FIN0000372,101.0,,,Hydro,,,,,Kemijoki Oy,Energiavirasto,http://www.energiavirasto.fi/documents/10191/0/Energiaviraston+Voimalaitosrekisteri+010117.xlsx/fa2c9bd2-e436-4dbb-a2e5-074ecbf11d23,,2017.0,,,,,
FIN,Finland,Valkeisten voima,FIN0000373,1.5,,,Wind,,,,,Mika Manni,Energiavirasto,http://www.energiavirasto.fi/documents/10191/0/Energiaviraston+Voimalaitosrekisteri+010117.xlsx/fa2c9bd2-e436-4dbb-a2e5-074ecbf11d23,,2017.0,,,,,
FIN,Finland,Vanaja kt 1,FIN0000374,50.0,,,Oil,Nuclear,Gas,Biomass,,Fingrid Oyj,Energiavirasto,http://www.energiavirasto.fi/documents/10191/0/Energiaviraston+Voimalaitosrekisteri+010117.xlsx/fa2c9bd2-e436-4dbb-a2e5-074ecbf11d23,,2017.0,,,,,
FIN,Finland,Vanttauskoski,FIN0000375,95.0,,,Hydro,,,,,Kemijoki Oy,Energiavirasto,http://www.energiavirasto.fi/documents/10191/0/Energiaviraston+Voimalaitosrekisteri+010117.xlsx/fa2c9bd2-e436-4dbb-a2e5-074ecbf11d23,,2017.0,,,,,
FIN,Finland,Varissaari,FIN0000376,4.5,,,Oil,Nuclear,Gas,Biomass,,Keuruun Lämpövoima Oy,Energiavirasto,http://www.energiavirasto.fi/documents/10191/0/Energiaviraston+Voimalaitosrekisteri+010117.xlsx/fa2c9bd2-e436-4dbb-a2e5-074ecbf11d23,,2017.0,,,,,
FIN,Finland,Vartinoja 1,FIN0000377,25.65,,,Wind,,,,,Vartinoja I Ky,Energiavirasto,http://www.energiavirasto.fi/documents/10191/0/Energiaviraston+Voimalaitosrekisteri+010117.xlsx/fa2c9bd2-e436-4dbb-a2e5-074ecbf11d23,,2017.0,,,,,
FIN,Finland,Vaskiluoto 3,FIN0000379,0.0,,,Oil,Nuclear,Gas,Biomass,,PVO-Huippuvoima Oy,Energiavirasto,http://www.energiavirasto.fi/documents/10191/0/Energiaviraston+Voimalaitosrekisteri+010117.xlsx/fa2c9bd2-e436-4dbb-a2e5-074ecbf11d23,,2017.0,,,,,
FIN,Finland,Vaskiluoto kt,FIN0000380,26.0,,,Oil,Nuclear,Gas,Biomass,,Fingrid Oyj,Energiavirasto,http://www.energiavirasto.fi/documents/10191/0/Energiaviraston+Voimalaitosrekisteri+010117.xlsx/fa2c9bd2-e436-4dbb-a2e5-074ecbf11d23,,2017.0,,,,,
FIN,Finland,Vaskiluoto'',FIN0000378,230.0,,,Oil,Nuclear,Gas,Biomass,,Vaskiluodon Voima Oy,Energiavirasto,http://www.energiavirasto.fi/documents/10191/0/Energiaviraston+Voimalaitosrekisteri+010117.xlsx/fa2c9bd2-e436-4dbb-a2e5-074ecbf11d23,,2017.0,,,,,
FIN,Finland,Vatajankoski,FIN0000381,0.75,,,Hydro,,,,,Vatajankosken Sähkö Oy,Energiavirasto,http://www.energiavirasto.fi/documents/10191/0/Energiaviraston+Voimalaitosrekisteri+010117.xlsx/fa2c9bd2-e436-4dbb-a2e5-074ecbf11d23,,2017.0,,,,,
FIN,Finland,Vehmaa,FIN0000382,1.4,,,Oil,Nuclear,Gas,Biomass,,Biovakka Suomi Oy,Energiavirasto,http://www.energiavirasto.fi/documents/10191/0/Energiaviraston+Voimalaitosrekisteri+010117.xlsx/fa2c9bd2-e436-4dbb-a2e5-074ecbf11d23,,2017.0,,,,,
FIN,Finland,Veitsiluoto,FIN0000383,90.0,,,Oil,Nuclear,Gas,Biomass,,Stora Enso Oyj,Energiavirasto,http://www.energiavirasto.fi/documents/10191/0/Energiaviraston+Voimalaitosrekisteri+010117.xlsx/fa2c9bd2-e436-4dbb-a2e5-074ecbf11d23,,2017.0,,,,,
FIN,Finland,Venetpalo,FIN0000384,1.8,,,Hydro,,,,,Vattenfall Sähköntuotanto oy,Energiavirasto,http://www.energiavirasto.fi/documents/10191/0/Energiaviraston+Voimalaitosrekisteri+010117.xlsx/fa2c9bd2-e436-4dbb-a2e5-074ecbf11d23,,2017.0,,,,,
FIN,Finland,Verla 1 ja 2,FIN0000385,3.0,,,Hydro,,,,,KSS Energia Oy,Energiavirasto,http://www.energiavirasto.fi/documents/10191/0/Energiaviraston+Voimalaitosrekisteri+010117.xlsx/fa2c9bd2-e436-4dbb-a2e5-074ecbf11d23,,2017.0,,,,,
FIN,Finland,Vihtakoski,FIN0000386,1.5,,,Hydro,,,,,Pohjois-Karjalan Sähkö Oy,Energiavirasto,http://www.energiavirasto.fi/documents/10191/0/Energiaviraston+Voimalaitosrekisteri+010117.xlsx/fa2c9bd2-e436-4dbb-a2e5-074ecbf11d23,,2017.0,,,,,
FIN,Finland,Vilppulan saha,FIN0000387,2.9,,,Oil,Nuclear,Gas,Biomass,,Biokraft Oy,Energiavirasto,http://www.energiavirasto.fi/documents/10191/0/Energiaviraston+Voimalaitosrekisteri+010117.xlsx/fa2c9bd2-e436-4dbb-a2e5-074ecbf11d23,,2017.0,,,,,
FIN,Finland,Voikkaa ve'',FIN0000388,32.9,,,Hydro,,,,,UPM Energy Oy,Energiavirasto,http://www.energiavirasto.fi/documents/10191/0/Energiaviraston+Voimalaitosrekisteri+010117.xlsx/fa2c9bd2-e436-4dbb-a2e5-074ecbf11d23,,2017.0,,,,,
FIN,Finland,Vuolenkoski ve,FIN0000389,9.5,,,Hydro,,,,,Myllykoski Paper Oy,Energiavirasto,http://www.energiavirasto.fi/documents/10191/0/Energiaviraston+Voimalaitosrekisteri+010117.xlsx/fa2c9bd2-e436-4dbb-a2e5-074ecbf11d23,,2017.0,,,,,
FIN,Finland,Vuosaari A,FIN0000390,163.0,,,Oil,Nuclear,Gas,Biomass,,Helsingin Energia,Energiavirasto,http://www.energiavirasto.fi/documents/10191/0/Energiaviraston+Voimalaitosrekisteri+010117.xlsx/fa2c9bd2-e436-4dbb-a2e5-074ecbf11d23,,2017.0,,,,,
FIN,Finland,Vuosaari B,FIN0000391,485.0,,,Oil,Nuclear,Gas,Biomass,,Helsingin Energia,Energiavirasto,http://www.energiavirasto.fi/documents/10191/0/Energiaviraston+Voimalaitosrekisteri+010117.xlsx/fa2c9bd2-e436-4dbb-a2e5-074ecbf11d23,,2017.0,,,,,
FIN,Finland,Wasa Wind,FIN0000392,3.6,,,Wind,,,,,Wasa Wind Oy,Energiavirasto,http://www.energiavirasto.fi/documents/10191/0/Energiaviraston+Voimalaitosrekisteri+010117.xlsx/fa2c9bd2-e436-4dbb-a2e5-074ecbf11d23,,2017.0,,,,,
FIN,Finland,Waskiluoto Validation Center,FIN0000393,5.5,,,Oil,Nuclear,Gas,Biomass,,Wärtsilä Finland Oy,Energiavirasto,http://www.energiavirasto.fi/documents/10191/0/Energiaviraston+Voimalaitosrekisteri+010117.xlsx/fa2c9bd2-e436-4dbb-a2e5-074ecbf11d23,,2017.0,,,,,
