name,gppd_idnr,latitude,longitude,commissioning_year,source,unit01_MW,unit01_year,unit02_MW,unit02_year,unit03_MW,unit03_year,unit04_MW,unit04_year,unit05_MW,unit05_year,unit06_MW,unit06_year,unit07_MW,unit07_year,unit08_MW,unit08_year,unit09_MW,unit09_year,unit10_MW,unit10_year,unit11_MW,unit11_year,unit12_MW,unit12_year,unit13_MW,unit13_year,unit14_MW,unit14_year,unit15_MW,unit15_year,unit16_MW,unit16_year,unit17_MW,unit17_year,unit18_MW,unit18_year,unit19_MW,unit19_year,unit20_MW,unit20_year
ABDON CASTRO TOLAY,ARG0000350,-23.342194,-66.090456,,,,,,,,,,,,,,,,,,,,,,,,,,,,,,,,,,,,,,,,,,
AGUA DEL CAJON (AUTOGENERADOR DEL MEM),ARG0000231,-38.936812,-68.355579,1997.4,"http://globalenergyobservatory.org/geoid/42231, http://www.industryabout.com/country-territories-3/1230-argentina/fossil-fuels-energy/17306-agua-del-cajon-gas-power-plant",48,1994,130,1995,185,2000,,,,,,,,,,,,,,,,,,,,,,,,,,,,,,,,,,
AGUA DEL CAJON (GENERADOR DEL MEM),ARG0000232,-38.936812,-68.355579,1993.5,"http://globalenergyobservatory.org/geoid/42231, http://www.industryabout.com/country-territories-3/1230-argentina/fossil-fuels-energy/17306-agua-del-cajon-gas-power-plant",48,1993,48,1993,48,1994,48,1994,,,,,,,,,,,,,,,,,,,,,,,,,,,,,,,,
AGUA DEL TORO,ARG0000210,-34.5791666,-68.989166,1982,http://globalenergyobservatory.org/geoid/42310,65,1982,65,1982,,,,,,,,,,,,,,,,,,,,,,,,,,,,,,,,,,,,
AGUA ESCONDIDA,ARG0000204,-36.155,-68.30194444,,,,,,,,,,,,,,,,,,,,,,,,,,,,,,,,,,,,,,,,,,
ALDEA APELEG,ARG0000351,-44.7052521,-70.846001,,,,,,,,,,,,,,,,,,,,,,,,,,,,,,,,,,,,,,,,,,
ALDEA BELEIRO,ARG0000352,-45.56151,-71.51812,,,,,,,,,,,,,,,,,,,,,,,,,,,,,,,,,,,,,,,,,,
ALDEA EPULEF,ARG0000353,-43.2341166,-69.7112938,,,,,,,,,,,,,,,,,,,,,,,,,,,,,,,,,,,,,,,,,,
ALGARROBO DEL AGUILA,ARG0000171,-36.3991666,-67.14611111,,,,,,,,,,,,,,,,,,,,,,,,,,,,,,,,,,,,,,,,,,
ALICURA,ARG0000230,-40.580044,-70.748858,1987,http://globalenergyobservatory.org/geoid/42214,250,1987,250,1987,250,1987,250,1987,,,,,,,,,,,,,,,,,,,,,,,,,,,,,,,,
ALMIRANTE BROWN,ARG0000156,-34.838611,-58.4033,,,,,,,,,,,,,,,,,,,,,,,,,,,,,,,,,,,,,,,,,,
ALPA CORRAL,ARG0000084,,,,,,,,,,,,,,,,,,,,,,,,,,,,,,,,,,,,,,,,,,,,
ALTO DE LA SIERRA,ARG0000354,-22.738611,-62.498055,,,,,,,,,,,,,,,,,,,,,,,,,,,,,,,,,,,,,,,,,,
ALTO RIO SENGUERR,ARG0000355,-45.04764,-70.82276,,,,,,,,,,,,,,,,,,,,,,,,,,,,,,,,,,,,,,,,,,
ALTO VALLE,ARG0000235,-38.95243,-68.02176,1969,http://www.industryabout.com/country-territories-3/1230-argentina/fossil-fuels-energy/17307-alto-valle-gas-power-plant,40,,40,,,,,,,,,,,,,,,,,,,,,,,,,,,,,,,,,,,,,
ALUMINE,ARG0000242,-39.214548,-70.915664,,,,,,,,,,,,,,,,,,,,,,,,,,,,,,,,,,,,,,,,,,
ALVAREZ CONDARCO,ARG0000194,-33.045176,-69.051576,2003,http://globalenergyobservatory.org/geoid/42263,26,2003,26,2003,,,,,,,,,,,,,,,,,,,,,,,,,,,,,,,,,,,,
AMAICHA DEL VALLE,ARG0000356,-26.590144,-65.940038,,,,,,,,,,,,,,,,,,,,,,,,,,,,,,,,,,,,,,,,,,
AMBLAYO,ARG0000357,-25.93388,-65.83416,,,,,,,,,,,,,,,,,,,,,,,,,,,,,,,,,,,,,,,,,,
ANDACOLLO,ARG0000243,-37.177772,-70.670359,,,,,,,,,,,,,,,,,,,,,,,,,,,,,,,,,,,,,,,,,,
ANTOFAGASTA DE LA SIERRA,ARG0000358,-26.059483,-67.407936,,,,,,,,,,,,,,,,,,,,,,,,,,,,,,,,,,,,,,,,,,
ARBOL SOLO,ARG0000172,-36.63638889,-66.47722222,,,,,,,,,,,,,,,,,,,,,,,,,,,,,,,,,,,,,,,,,,
ARGENTINA,ARG0000359,-29.5345,-62.26702,,,,,,,,,,,,,,,,,,,,,,,,,,,,,,,,,,,,,,,,,,
ARROYITO,ARG0000254,-39.100923,-68.598238,1977,http://globalenergyobservatory.org/geoid/42218,40,1977,40,1977,40,1977,,,,,,,,,,,,,,,,,,,,,,,,,,,,,,,,,,
ARROYO VERDE,ARG0000360,-42.01197,-65.30648,,,,,,,,,,,,,,,,,,,,,,,,,,,,,,,,,,,,,,,,,,
ATUCHA I,ARG0000029,-33.96704,-59.205859,1974,http://globalenergyobservatory.org/geoid/2194,319,1974,,,,,,,,,,,,,,,,,,,,,,,,,,,,,,,,,,,,,,
ATUCHA II,ARG0000030,-33.967385,-59.204455,2014,http://globalenergyobservatory.org/geoid/2194,692,2014,,,,,,,,,,,,,,,,,,,,,,,,,,,,,,,,,,,,,,
BAJO  CARACOLES,ARG0000361,-47.442176,-70.926158,,,,,,,,,,,,,,,,,,,,,,,,,,,,,,,,,,,,,,,,,,
BALNEARIO RETA,ARG0000010,,,,,,,,,,,,,,,,,,,,,,,,,,,,,,,,,,,,,,,,,,,,
BANDERA,ARG0000328,-23.82194444,-64.78472222,,,,,,,,,,,,,,,,,,,,,,,,,,,,,,,,,,,,,,,,,,
BARDAS BLANCAS,ARG0000205,-35.86805556,-69.805,,,,,,,,,,,,,,,,,,,,,,,,,,,,,,,,,,,,,,,,,,
BARILOCHE (EMILIO FREY),ARG0000263,,,,,,,,,,,,,,,,,,,,,,,,,,,,,,,,,,,,,,,,,,,,
BARILOCHE (HOSPITAL ZONAL),ARG0000264,,,,,,,,,,,,,,,,,,,,,,,,,,,,,,,,,,,,,,,,,,,,
BARILOCHE (ING° PECHON),ARG0000265,,,,,,,,,,,,,,,,,,,,,,,,,,,,,,,,,,,,,,,,,,,,
BARILOCHE (PUERTO  MORENO),ARG0000266,-41.116667,-71.416667,,,,,,,,,,,,,,,,,,,,,,,,,,,,,,,,,,,,,,,,,,
BENJAMIN REOLIN,ARG0000085,-32.188329,-64.323305,1966,http://globalenergyobservatory.org/geoid/42294,13,1966,13,1966,13,1966,,,,,,,,,,,,,,,,,,,,,,,,,,,,,,,,,,
BERNARDO  DE IRIGOYEN,ARG0000220,-26.25449,-53.64695,,,,,,,,,,,,,,,,,,,,,,,,,,,,,,,,,,,,,,,,,,
BERON DE ASTRADA,ARG0000115,-27.550536,-57.52708,,,,,,,,,,,,,,,,,,,,,,,,,,,,,,,,,,,,,,,,,,
BLANCUNTRE,ARG0000362,-42.5683892,-68.9190916,,,,,,,,,,,,,,,,,,,,,,,,,,,,,,,,,,,,,,,,,,
BUEN PASTO,ARG0000363,-45.08042,-69.44978,,,,,,,,,,,,,,,,,,,,,,,,,,,,,,,,,,,,,,,,,,
BUTA RANQUIL,ARG0000244,-37.050171,-69.877743,,,,,,,,,,,,,,,,,,,,,,,,,,,,,,,,,,,,,,,,,,
BUTACO,ARG0000245,,,,,,,,,,,,,,,,,,,,,,,,,,,,,,,,,,,,,,,,,,,,
C. PELLEGRINI,ARG0000364,-28.538205,-57.175316,,,,,,,,,,,,,,,,,,,,,,,,,,,,,,,,,,,,,,,,,,
C.T. RUFINO,ARG0000310,-34.260525,-62.710696,,,,,,,,,,,,,,,,,,,,,,,,,,,,,,,,,,,,,,,,,,
C.T. SAN VICENTE,ARG0000159,-35.02414,-58.423693,,,,,,,,,,,,,,,,,,,,,,,,,,,,,,,,,,,,,,,,,,
CAA CATI,ARG0000116,-27.753376,-57.620466,,,,,,,,,,,,,,,,,,,,,,,,,,,,,,,,,,,,,,,,,,
CABRA CORRAL,ARG0000275,-25.271162,-65.32977,1978,http://globalenergyobservatory.org/geoid/42226,34,1978,34,1978,34,1978,,,,,,,,,,,,,,,,,,,,,,,,,,,,,,,,,,
CABRERIA,ARG0000365,-22.079056,-66.257044,,,,,,,,,,,,,,,,,,,,,,,,,,,,,,,,,,,,,,,,,,
CACHEUTA (NUEVA),ARG0000195,-33.029117,-69.110936,2002,http://globalenergyobservatory.org/geoid/42263,30,2002,30,2002,30,2002,30,2002,,,,,,,,,,,,,,,,,,,,,,,,,,,,,,,,
CACHI,ARG0000277,-25.108888,-66.210555,,,,,,,,,,,,,,,,,,,,,,,,,,,,,,,,,,,,,,,,,,
CAFAYATE,ARG0000278,-26.071502,-65.987562,,,,,,,,,,,,,,,,,,,,,,,,,,,,,,,,,,,,,,,,,,
CAMARONES,ARG0000366,-44.79829,-65.71061,,,,,,,,,,,,,,,,,,,,,,,,,,,,,,,,,,,,,,,,,,
CAMPO GALLO,ARG0000317,,,,,,,,,,,,,,,,,,,,,,,,,,,,,,,,,,,,,,,,,,,,
CAPITAL CATAMARCA - PREDIO CHOYA,ARG0000048,-28.453678,-65.784072,,,,,,,,,,,,,,,,,,,,,,,,,,,,,,,,,,,,,,,,,,
CAPITAL CATAMARCA - PREDIO EX CARCEL,ARG0000049,-28.477261,-65.787161,,,,,,,,,,,,,,,,,,,,,,,,,,,,,,,,,,,,,,,,,,
CAPITAL CATAMARCA - PREDIO RIPIERA,ARG0000050,-28.468384,-65.779708,,,,,,,,,,,,,,,,,,,,,,,,,,,,,,,,,,,,,,,,,,
CAPITAN PAGE,ARG0000367,-23.687361,-62.37741,,,,,,,,,,,,,,,,,,,,,,,,,,,,,,,,,,,,,,,,,,
CASA COLORADA,ARG0000368,-22.326589,-66.283769,,,,,,,,,,,,,,,,,,,,,,,,,,,,,,,,,,,,,,,,,,
CASA DE PIEDRA,ARG0000183,-38.21432,-67.190841,1996,https://es.wikipedia.org/wiki/Embalse_de_Casa_de_Piedra,30,1996,30,1996,,,,,,,,,,,,,,,,,,,,,,,,,,,,,,,,,,,,
CASPALA,ARG0000369,-23.363344,-65.088718,,,,,,,,,,,,,,,,,,,,,,,,,,,,,,,,,,,,,,,,,,
CASSAFFOUSTH,ARG0000086,-31.399157,-64.200607,1953,http://globalenergyobservatory.org/geoid/42295,5.76,1953,5.76,1953,5.76,1953,,,,,,,,,,,,,,,,,,,,,,,,,,,,,,,,,,
CATAMARCA (ECSAPEM),ARG0000051,,,,,,,,,,,,,,,,,,,,,,,,,,,,,,,,,,,,,,,,,,,,
CATUA,ARG0000370,-23.87111,-67.005099,,,,,,,,,,,,,,,,,,,,,,,,,,,,,,,,,,,,,,,,,,
CENTRAL BAHIA BLANCA (PIEDRA BUENA) SA,ARG0000031,-38.787222,-62.25361,1990,http://globalenergyobservatory.org/geoid/42233,320,1989,320,1991,,,,,,,,,,,,,,,,,,,,,,,,,,,,,,,,,,,,
CENTRAL BARREALITO,ARG0000291,,,,,,,,,,,,,,,,,,,,,,,,,,,,,,,,,,,,,,,,,,,,
CENTRAL FOTOVOLTAICA CAÑADA HONDA I (ENARSA),ARG0000292,,,,,,,,,,,,,,,,,,,,,,,,,,,,,,,,,,,,,,,,,,,,
CENTRAL FOTOVOLTAICA CAÑADA HONDA II (ENARSA),ARG0000293,,,,,,,,,,,,,,,,,,,,,,,,,,,,,,,,,,,,,,,,,,,,
CENTRAL FOTOVOLTAICA CAÑADA HONDA III (ENARSA),ARG0000294,,,,,,,,,,,,,,,,,,,,,,,,,,,,,,,,,,,,,,,,,,,,
CENTRAL GENERACION SUR,ARG0000318,,,,,,,,,,,,,,,,,,,,,,,,,,,,,,,,,,,,,,,,,,,,
CENTRAL LOMA DE LA LATA SA,ARG0000259,-38.512708,-68.604834,1999.5,http://globalenergyobservatory.org/geoid/42232,123,1994,123,1994,123,1994,178,2011,,,,,,,,,,,,,,,,,,,,,,,,,,,,,,,,
CENTRAL NAZARIO BENAVIDEZ,ARG0000300,,,,,,,,,,,,,,,,,,,,,,,,,,,,,,,,,,,,,,,,,,,,
CENTRAL PARQUE INDUSTRIAL LA BANDA,ARG0000319,-38.062033,-67.94635,,,,,,,,,,,,,,,,,,,,,,,,,,,,,,,,,,,,,,,,,,
CENTRAL T.GENELBA,ARG0000165,-34.902654,-58.733361,1997.7,http://globalenergyobservatory.org/geoid/42257,218.7,1997,218.7,1997,236.2,1999,,,,,,,,,,,,,,,,,,,,,,,,,,,,,,,,,,
CENTRAL T.GENELBA PLUS,ARG0000166,-34.902654,-58.733361,,,,,,,,,,,,,,,,,,,,,,,,,,,,,,,,,,,,,,,,,,
CENTRAL TERMICA BRIGADIER LOPEZ (ENARSA),ARG0000311,-31.711171,-60.781118,2013,http://globalenergyobservatory.org/geoid/45390,280,2012,140,2015,,,,,,,,,,,,,,,,,,,,,,,,,,,,,,,,,,,,
CENTRAL TERMICA DE CICLO COMBINADO SALTA,ARG0000274,-24.745604,-65.05133,1999.4,http://globalenergyobservatory.org/geoid/42264,207,1999,207,1999,229,2000,,,,,,,,,,,,,,,,,,,,,,,,,,,,,,,,,,
CENTRAL TERMICA GÜEMES SA,ARG0000287,-24.689444,-65.0425,1993.3,http://globalenergyobservatory.org/geoid/42234,63,1983,63,1983,135,1992,100,2008,,,,,,,,,,,,,,,,,,,,,,,,,,,,,,,,
CENTRAL TERMICA LA BANDA,ARG0000330,-27.75278,-64.265545,,http://www.industryabout.com/country-territories-3/1230-argentina/fossil-fuels-energy/17321-la-banda-gas-power-plant,16,,16,,,,,,,,,,,,,,,,,,,,,,,,,,,,,,,,,,,,,
CENTRAL TERMICA LAS LOMITAS (ENARSA),ARG0000151,-24.713055,-60.5911,,,,,,,,,,,,,,,,,,,,,,,,,,,,,,,,,,,,,,,,,,
CENTRAL TERMICA MIRAFLORES,ARG0000371,-22.86614,-65.758352,,,,,,,,,,,,,,,,,,,,,,,,,,,,,,,,,,,,,,,,,,
CENTRAL TERMICA PIEDRA NEGRA,ARG0000372,-22.200608,-65.630138,,,,,,,,,,,,,,,,,,,,,,,,,,,,,,,,,,,,,,,,,,
CENTRAL TERMICA PIQUIRENDA SA,ARG0000284,-22.349722,-63.76638888,2010,http://www.industryabout.com/country-territories-3/1230-argentina/fossil-fuels-energy/17338-piquirenda-gas-power-plant,10,,10,,10,,,,,,,,,,,,,,,,,,,,,,,,,,,,,,,,,,,
CENTRAL TERMICA REMEDIOS DE ESCALADA,ARG0000155,-34.72076,-58.388131,,,,,,,,,,,,,,,,,,,,,,,,,,,,,,,,,,,,,,,,,,
CENTRAL TERMOELECTRICA GUILLERMO BROWN,ARG0000042,-34.626776,-58.543833,,,,,,,,,,,,,,,,,,,,,,,,,,,,,,,,,,,,,,,,,,
CENTRAL TERMOELECTRICA MANUEL BELGRANO,ARG0000043,-24.689444,-65.0425,2008.7,http://globalenergyobservatory.org/geoid/42230,270,2008,270,2008,300,2010,,,,,,,,,,,,,,,,,,,,,,,,,,,,,,,,,,
CENTRAL TERMOELECTRICA TIMBUES,ARG0000307,-32.577812,-60.791025,2008.7,http://globalenergyobservatory.org/geoid/42275,275,2008,275,2008,275,2010,,,,,,,,,,,,,,,,,,,,,,,,,,,,,,,,,,
CENTRO MOVIL ENARSA,ARG0000343,,,,,,,,,,,,,,,,,,,,,,,,,,,,,,,,,,,,,,,,,,,,
CERRO CONDOR,ARG0000373,-43.4233199,-69.1640923,,,,,,,,,,,,,,,,,,,,,,,,,,,,,,,,,,,,,,,,,,
CERRO POLICIA,ARG0000374,-39.726433,-68.490153,,,,,,,,,,,,,,,,,,,,,,,,,,,,,,,,,,,,,,,,,,
CERRO WAYLE,ARG0000375,-37.078315,-70.118733,,,,,,,,,,,,,,,,,,,,,,,,,,,,,,,,,,,,,,,,,,
CH LOS CARACOLES,ARG0000296,-31.519169,-68.981358,2009,http://globalenergyobservatory.org/geoid/42260,62.6,2009,62.6,2009,,,,,,,,,,,,,,,,,,,,,,,,,,,,,,,,,,,,
CH SAN GUILLERMO,ARG0000301,,,,,,,,,,,,,,,,,,,,,,,,,,,,,,,,,,,,,,,,,,,,
CHACAY OESTE,ARG0000376,-42.679443,-68.060883,,,,,,,,,,,,,,,,,,,,,,,,,,,,,,,,,,,,,,,,,,
CHACHARRAMENDI,ARG0000173,-37.33055556,-65.64805556,,,,,,,,,,,,,,,,,,,,,,,,,,,,,,,,,,,,,,,,,,
CHAPALCO,ARG0000174,-36.871958,-64.781469,,,,,,,,,,,,,,,,,,,,,,,,,,,,,,,,,,,,,,,,,,
CHILECITO,ARG0000185,-29.15775,-67.50694444,,,,,,,,,,,,,,,,,,,,,,,,,,,,,,,,,,,,,,,,,,
CHIMBERA 1,ARG0000295,-31.988089,-68.54017,,,,,,,,,,,,,,,,,,,,,,,,,,,,,,,,,,,,,,,,,,
CHOLILA,ARG0000377,-42.51052,-71.43515,,,,,,,,,,,,,,,,,,,,,,,,,,,,,,,,,,,,,,,,,,
CHORRIACA,ARG0000378,-37.936251,-70.100244,,,,,,,,,,,,,,,,,,,,,,,,,,,,,,,,,,,,,,,,,,
CHOS MALAL,ARG0000246,-37.367279,-70.273177,,,,,,,,,,,,,,,,,,,,,,,,,,,,,,,,,,,,,,,,,,
CHUSCHA,ARG0000279,,,,,,,,,,,,,,,,,,,,,,,,,,,,,,,,,,,,,,,,,,,,
CIENEGA,ARG0000379,-22.182804,-66.436622,,,,,,,,,,,,,,,,,,,,,,,,,,,,,,,,,,,,,,,,,,
CIPOLLETTI,ARG0000267,-38.912083,-67.942722,1954,https://es.wikipedia.org/wiki/Central_hidroel%C3%A9ctrica_Cipolletti,5.4,1954,,,,,,,,,,,,,,,,,,,,,,,,,,,,,,,,,,,,,,
CLAROMECO,ARG0000011,-38.8292385,-60.0862294,,,,,,,,,,,,,,,,,,,,,,,,,,,,,,,,,,,,,,,,,,
COBRES,ARG0000380,-23.6511,-66.284016,,,,,,,,,,,,,,,,,,,,,,,,,,,,,,,,,,,,,,,,,,
COLAN CONHUE,ARG0000381,-43.2426,-69.9302,,,,,,,,,,,,,,,,,,,,,,,,,,,,,,,,,,,,,,,,,,
COLONIA CUSHAMEN,ARG0000382,-42.17666,-70.66263,,,,,,,,,,,,,,,,,,,,,,,,,,,,,,,,,,,,,,,,,,
COLONIA LA PASTORIL,ARG0000175,-36.37333333,-66.22722222,,,,,,,,,,,,,,,,,,,,,,,,,,,,,,,,,,,,,,,,,,
COMANDANCIA FRIAS,ARG0000383,-24.56361111,-62.2375,,,,,,,,,,,,,,,,,,,,,,,,,,,,,,,,,,,,,,,,,,
COMANDANTE ANDRESITO,ARG0000221,-25.66693,-54.04193,,,,,,,,,,,,,,,,,,,,,,,,,,,,,,,,,,,,,,,,,,
COMODORO RIVADAVIA,ARG0000072,-25.99127,-54.62779,1990,http://globalenergyobservatory.org/geoid/42276,17,1990,17,1990,22,1990,22,1990,28,1990,28,1990,,,,,,,,,,,,,,,,,,,,,,,,,,,,
COMODORO RIVADAVIA - ANTONIO MORAN,ARG0000067,-45.84665075,-67.4963737,,,,,,,,,,,,,,,,,,,,,,,,,,,,,,,,,,,,,,,,,,
COMODORO RIVADAVIA - PECORSA - CERRO ARENALES,ARG0000068,-45.8505765,-67.601822,,,,,,,,,,,,,,,,,,,,,,,,,,,,,,,,,,,,,,,,,,
COMODORO RIVADAVIA (CERRO NEGRO),ARG0000069,,,,,,,,,,,,,,,,,,,,,,,,,,,,,,,,,,,,,,,,,,,,
COMODORO RIVADAVIA (PLAYA SUD),ARG0000070,,,,,,,,,,,,,,,,,,,,,,,,,,,,,,,,,,,,,,,,,,,,
COOPERATIVA VILLA GESELL,ARG0000012,-37.24647,-56.970727,,,,,,,,,,,,,,,,,,,,,,,,,,,,,,,,,,,,,,,,,,
CORANZULI,ARG0000384,-23.015921,-66.366363,,,,,,,,,,,,,,,,,,,,,,,,,,,,,,,,,,,,,,,,,,
CORRIENTES,ARG0000117,-27.47083333,-58.80416667,,,,,,,,,,,,,,,,,,,,,,,,,,,,,,,,,,,,,,,,,,
COSTA DE GUALJAINA,ARG0000385,-42.6646879,-70.4435498,,,,,,,,,,,,,,,,,,,,,,,,,,,,,,,,,,,,,,,,,,
COSTA DEL CHUBUT,ARG0000386,-42.6016256,-70.4575737,,,,,,,,,,,,,,,,,,,,,,,,,,,,,,,,,,,,,,,,,,
COSTANERA,ARG0000046,-34.62596,-58.339275,1983.9,"http://globalenergyobservatory.org/geoid/42242, http://globalenergyobservatory.org/geoid/42243, http://globalenergyobservatory.org/geoid/42244",123,1963,116,1963,112,1964,120,1964,350,1976,310,1984,264.4,1998,264.4,1998,322.2,1998,103.1,1964,218.5,1995,,,,,,,,,,,,,,,,,,
COYAGUAYMA,ARG0000387,-22.769146,-66.43994,,,,,,,,,,,,,,,,,,,,,,,,,,,,,,,,,,,,,,,,,,
CRUZ DE PIEDRA,ARG0000197,-33.034937,-68.797149,1969,http://globalenergyobservatory.org/geoid/42320,17.94,1969,,,,,,,,,,,,,,,,,,,,,,,,,,,,,,,,,,,,,,
CRUZ DEL EJE,ARG0000087,-30.763637,-64.753783,1943,https://es.wikipedia.org/wiki/Embalse_de_Cruz_del_Eje,0.85,,0.85,,,,,,,,,,,,,,,,,,,,,,,,,,,,,,,,,,,,,
CT 13 DE JULIO,ARG0000110,-32.16133,-64.153657,,,,,,,,,,,,,,,,,,,,,,,,,,,,,,,,,,,,,,,,,,
CT ALEM,ARG0000217,-43.090684,-65.229803,,,,,,,,,,,,,,,,,,,,,,,,,,,,,,,,,,,,,,,,,,
CT ALUMINE,ARG0000256,-38.87056,-70.57528,,,,,,,,,,,,,,,,,,,,,,,,,,,,,,,,,,,,,,,,,,
CT AÑATUYA,ARG0000333,-28.443055556,-62.856944444,,,,,,,,,,,,,,,,,,,,,,,,,,,,,,,,,,,,,,,,,,
CT AÑATUYA II,ARG0000334,-28.443055556,-62.856944444,,,,,,,,,,,,,,,,,,,,,,,,,,,,,,,,,,,,,,,,,,
CT ARISTOBULO DEL VALLE,ARG0000229,-27.09222222,-54.8625,,,,,,,,,,,,,,,,,,,,,,,,,,,,,,,,,,,,,,,,,,
CT ARRECIFES,ARG0000003,-34.04138889,-60.12972222,,,,,,,,,,,,,,,,,,,,,,,,,,,,,,,,,,,,,,,,,,
CT BARILOCHE,ARG0000273,-41.14972222,-71.26333333,,,,,,,,,,,,,,,,,,,,,,,,,,,,,,,,,,,,,,,,,,
CT BELL VILLE,ARG0000113,-32.61027778,-62.68638889,,,,,,,,,,,,,,,,,,,,,,,,,,,,,,,,,,,,,,,,,,
CT BRAGADO,ARG0000023,-35.13638889,-60.43111111,,,,,,,,,,,,,,,,,,,,,,,,,,,,,,,,,,,,,,,,,,
CT CAPITAN SARMIENTO,ARG0000028,-34.16361111,-59.76833333,,,,,,,,,,,,,,,,,,,,,,,,,,,,,,,,,,,,,,,,,,
CT CATAMARCA,ARG0000054,-28.47055556,-65.76472222,,,,,,,,,,,,,,,,,,,,,,,,,,,,,,,,,,,,,,,,,,
CT CAVIAHUE,ARG0000257,-38.05277778,-70.61361111,,,,,,,,,,,,,,,,,,,,,,,,,,,,,,,,,,,,,,,,,,
CT CERES,ARG0000314,-29.88833333,-61.92972222,,,,,,,,,,,,,,,,,,,,,,,,,,,,,,,,,,,,,,,,,,
CT CHARATA,ARG0000065,-27.23694444,-61.19388889,,,,,,,,,,,,,,,,,,,,,,,,,,,,,,,,,,,,,,,,,,
CT CHILECITO,ARG0000189,-29.158117,-67.507222,,,,,,,,,,,,,,,,,,,,,,,,,,,,,,,,,,,,,,,,,,
CT CIPOLLETTI,ARG0000260,-38.91333333,-67.94138889,,,,,,,,,,,,,,,,,,,,,,,,,,,,,,,,,,,,,,,,,,
CT COLON BUENOS AIRES,ARG0000039,-33.92222222,-61.07694444,,,,,,,,,,,,,,,,,,,,,,,,,,,,,,,,,,,,,,,,,,
CT CONCEPCION DEL URUGUAY,ARG0000147,-32.47666667,-58.26722222,,,,,,,,,,,,,,,,,,,,,,,,,,,,,,,,,,,,,,,,,,
CT CORRIENTES,ARG0000114,-27.47083333,-58.80416667,,,,,,,,,,,,,,,,,,,,,,,,,,,,,,,,,,,,,,,,,,
CT ECOENERGIA (PETROBRAS),ARG0000032,-38.687137,-62.396075,,,,,,,,,,,,,,,,,,,,,,,,,,,,,,,,,,,,,,,,,,
CT ENSENADA DE BARRAGAN,ARG0000160,-34.859721,-57.95574,,,,,,,,,,,,,,,,,,,,,,,,,,,,,,,,,,,,,,,,,,
CT ESQUINA,ARG0000139,-30.055,-59.52944444,,,,,,,,,,,,,,,,,,,,,,,,,,,,,,,,,,,,,,,,,,
CT FORMOSA II,ARG0000149,-26.17638889,-58.20944444,,,,,,,,,,,,,,,,,,,,,,,,,,,,,,,,,,,,,,,,,,
CT GENERAL VILLEGAS,ARG0000004,-35.03472222,-62.99805556,,,,,,,,,,,,,,,,,,,,,,,,,,,,,,,,,,,,,,,,,,
CT GOYA,ARG0000138,-29.15833333,-59.27277778,,,,,,,,,,,,,,,,,,,,,,,,,,,,,,,,,,,,,,,,,,
CT INDEPENDENCIA,ARG0000336,-26.866551,-65.224728,1995,http://www.industryabout.com/country-territories-3/1230-argentina/fossil-fuels-energy/17320-independencia-nueva-gas-power-plant,,,,,,,,,,,,,,,,,,,,,,,,,,,,,,,,,,,,,,,,
CT INGENIERO JUAREZ,ARG0000152,-23.90777778,-61.83416667,,,,,,,,,,,,,,,,,,,,,,,,,,,,,,,,,,,,,,,,,,
CT INTA CATAMARCA,ARG0000055,-28.47333333,-65.7275,,,,,,,,,,,,,,,,,,,,,,,,,,,,,,,,,,,,,,,,,,
CT ISLA VERDE,ARG0000083,-33.2425,-62.395,,,,,,,,,,,,,,,,,,,,,,,,,,,,,,,,,,,,,,,,,,
CT ITATI,ARG0000140,,,,,,,,,,,,,,,,,,,,,,,,,,,,,,,,,,,,,,,,,,,,
CT JUAN JOSE CASTELLI,ARG0000059,-25.956421,-60.620363,,,,,,,,,,,,,,,,,,,,,,,,,,,,,,,,,,,,,,,,,,
CT JUNIN,ARG0000035,-34.57083333,-60.91611111,,,,,,,,,,,,,,,,,,,,,,,,,,,,,,,,,,,,,,,,,,
CT LA PLATA,ARG0000040,-34.934389,-58.016005,,,,,,,,,,,,,,,,,,,,,,,,,,,,,,,,,,,,,,,,,,
CT LA RIOJA DELIVERY,ARG0000190,-29.38111111,-66.8325,,,,,,,,,,,,,,,,,,,,,,,,,,,,,,,,,,,,,,,,,,
CT LA RIOJA SUR,ARG0000191,-29.38083333,-66.83194444,,,,,,,,,,,,,,,,,,,,,,,,,,,,,,,,,,,,,,,,,,
CT LAGUNA BLANCA,ARG0000153,-25.12861111,-58.25972222,,,,,,,,,,,,,,,,,,,,,,,,,,,,,,,,,,,,,,,,,,
CT LAS ARMAS,ARG0000024,-37.07805556,-57.81805556,,,,,,,,,,,,,,,,,,,,,,,,,,,,,,,,,,,,,,,,,,
CT LAS ARMAS II,ARG0000025,-37.07805556,-57.81805556,,,,,,,,,,,,,,,,,,,,,,,,,,,,,,,,,,,,,,,,,,
CT LAS PALMAS,ARG0000066,-27.02888889,-58.69972222,,,,,,,,,,,,,,,,,,,,,,,,,,,,,,,,,,,,,,,,,,
CT LIBERTADOR GENERAL SAN MARTIN,ARG0000170,-40.842122,-68.086914,,,,,,,,,,,,,,,,,,,,,,,,,,,,,,,,,,,,,,,,,,
CT LINCOLN,ARG0000036,-34.85777778,-61.52055556,,,,,,,,,,,,,,,,,,,,,,,,,,,,,,,,,,,,,,,,,,
CT LOBOS,ARG0000041,-35.19166667,-59.08083333,,,,,,,,,,,,,,,,,,,,,,,,,,,,,,,,,,,,,,,,,,
CT MAGDALENA,ARG0000005,-35.100081,-57.483894,,,,,,,,,,,,,,,,,,,,,,,,,,,,,,,,,,,,,,,,,,
CT MATHEU,ARG0000163,-34.39305556,-58.83722222,,,,,,,,,,,,,,,,,,,,,,,,,,,,,,,,,,,,,,,,,,
CT MEDANITOS (RINCON DE LOS SAUCES),ARG0000258,-37.41021,-68.90005,,,,,,,,,,,,,,,,,,,,,,,,,,,,,,,,,,,,,,,,,,
CT MIRAMAR I,ARG0000022,-38.24722222,-57.82416667,,,,,,,,,,,,,,,,,,,,,,,,,,,,,,,,,,,,,,,,,,
CT OLAVARRIA,ARG0000026,-36.94388889,-60.23611111,,,,,,,,,,,,,,,,,,,,,,,,,,,,,,,,,,,,,,,,,,
CT ORAN,ARG0000286,-23.12583333,-64.30694444,,,,,,,,,,,,,,,,,,,,,,,,,,,,,,,,,,,,,,,,,,
CT PARANA,ARG0000148,-31.77638889,-60.45527778,,,,,,,,,,,,,,,,,,,,,,,,,,,,,,,,,,,,,,,,,,
CT PARQUE INDUSTRIAL CATAMARCA,ARG0000056,-28.53388889,-65.79972222,,,,,,,,,,,,,,,,,,,,,,,,,,,,,,,,,,,,,,,,,,
CT PASO DE LA PATRIA,ARG0000141,-27.32361111,-58.56666667,,,,,,,,,,,,,,,,,,,,,,,,,,,,,,,,,,,,,,,,,,
CT PEHUAJO,ARG0000037,-35.83361111,-61.87583333,,,,,,,,,,,,,,,,,,,,,,,,,,,,,,,,,,,,,,,,,,
CT PINAMAR,ARG0000027,-37.09528,-56.87889,,,,,,,,,,,,,,,,,,,,,,,,,,,,,,,,,,,,,,,,,,
CT PIRANE,ARG0000154,-25.67861,-59.07556,,,,,,,,,,,,,,,,,,,,,,,,,,,,,,,,,,,,,,,,,,
CT PLUSPETROL NORTE,ARG0000337,-26.995455,-65.165993,2002.5,http://globalenergyobservatory.org/geoid/42277,116,2002,116,2003,,,,,,,,,,,,,,,,,,,,,,,,,,,,,,,,,,,,
CT RAFAELA,ARG0000315,-31.25667,-61.52028,,,,,,,,,,,,,,,,,,,,,,,,,,,,,,,,,,,,,,,,,,
CT REALICO,ARG0000184,-35.055,-64.24056,,,,,,,,,,,,,,,,,,,,,,,,,,,,,,,,,,,,,,,,,,
CT RIO TURBIO,ARG0000306,-51.5385166,-72.27133,,,,,,,,,,,,,,,,,,,,,,,,,,,,,,,,,,,,,,,,,,
CT ROCA,ARG0000262,-31.89194,-60.01056,1995,http://globalenergyobservatory.org/geoid/42280,125,1995,,,,,,,,,,,,,,,,,,,,,,,,,,,,,,,,,,,,,,
CT SAENZ PEÑA  I,ARG0000062,-26.81555556,-60.41138889,,,,,,,,,,,,,,,,,,,,,,,,,,,,,,,,,,,,,,,,,,
CT SAENZ PEÑA  II,ARG0000060,-26.81527778,-60.4125,,,,,,,,,,,,,,,,,,,,,,,,,,,,,,,,,,,,,,,,,,
CT SALTA,ARG0000285,,,,,,,,,,,,,,,,,,,,,,,,,,,,,,,,,,,,,,,,,,,,
CT SALTO,ARG0000038,-27.4596536,-65.6055236,,,,,,,,,,,,,,,,,,,,,,,,,,,,,,,,,,,,,,,,,,
CT SAN MARTIN NORTE III,ARG0000161,-34.52522,-58.620595,,,,,,,,,,,,,,,,,,,,,,,,,,,,,,,,,,,,,,,,,,
CT SAN MIGUEL DE TUCUMAN,ARG0000341,-26.995455,-65.165993,1999.5,http://globalenergyobservatory.org/geoid/42279,123,1995,123,2001,150,2002,,,,,,,,,,,,,,,,,,,,,,,,,,,,,,,,,,
CT SAN MIGUEL NORTE III,ARG0000162,-34.52522,-58.620595,,,,,,,,,,,,,,,,,,,,,,,,,,,,,,,,,,,,,,,,,,
CT SANTA ROSA,ARG0000142,-28.26278,-58.00056,,,,,,,,,,,,,,,,,,,,,,,,,,,,,,,,,,,,,,,,,,
CT TARTAGAL,ARG0000288,-22.54056,-63.80556,,,,,,,,,,,,,,,,,,,,,,,,,,,,,,,,,,,,,,,,,,
CT TEREVINTOS,ARG0000057,-28.42888889,-65.78777778,,,,,,,,,,,,,,,,,,,,,,,,,,,,,,,,,,,,,,,,,,
CT TINOGASTA,ARG0000058,-28.04861111,-67.56666667,,,,,,,,,,,,,,,,,,,,,,,,,,,,,,,,,,,,,,,,,,
CT TUCUMAN,ARG0000342,-26.995455,-65.165993,1998.3,http://globalenergyobservatory.org/geoid/42278,144,1998,144,1998,150,1999,,,,,,,,,,,,,,,,,,,,,,,,,,,,,,,,,,
CT VENADO TUERTO,ARG0000316,-33.77361111,-61.95638889,,,,,,,,,,,,,,,,,,,,,,,,,,,,,,,,,,,,,,,,,,
CT VIALE,ARG0000143,-31.89194,-60.01056,,,,,,,,,,,,,,,,,,,,,,,,,,,,,,,,,,,,,,,,,,
CT VILLA ANGELA,ARG0000061,-27.58083333,-60.70944444,,,,,,,,,,,,,,,,,,,,,,,,,,,,,,,,,,,,,,,,,,
CT VILLA REGINA,ARG0000261,-39.08722222,-67.08805556,,,,,,,,,,,,,,,,,,,,,,,,,,,,,,,,,,,,,,,,,,
CUESTA DEL VIENTO,ARG0000297,-30.183333,-69.066667,1997,https://es.wikipedia.org/wiki/Embalse_Cuesta_del_Viento,,,,,,,,,,,,,,,,,,,,,,,,,,,,,,,,,,,,,,,,
CURUZU CUATIA,ARG0000118,-29.797385,-58.057142,,,,,,,,,,,,,,,,,,,,,,,,,,,,,,,,,,,,,,,,,,
CUSHAMEN,ARG0000388,-42.17666,-70.66263,,,,,,,,,,,,,,,,,,,,,,,,,,,,,,,,,,,,,,,,,,
CUTRAL CO  (COPELCO) - MEULEN,ARG0000234,-38.9778854,-69.2310011,,,,,,,,,,,,,,,,,,,,,,,,,,,,,,,,,,,,,,,,,,
CUYO MOVIL ENARSA,ARG0000344,,,,,,,,,,,,,,,,,,,,,,,,,,,,,,,,,,,,,,,,,,,,
DARREGUEIRA,ARG0000013,-37.6781748,-63.1976831,,,,,,,,,,,,,,,,,,,,,,,,,,,,,,,,,,,,,,,,,,
DEAN FUNES,ARG0000088,-31.393439,-64.205912,1967,http://globalenergyobservatory.org/geoid/42269,17,1964,17,1964,33,1970,,,,,,,,,,,,,,,,,,,,,,,,,,,,,,,,,,
DIQUE,ARG0000157,-34.890219,-57.93304,1969,http://globalenergyobservatory.org/geoid/42222,17,1969,17,1969,17,1969,17,1969,,,,,,,,,,,,,,,,,,,,,,,,,,,,,,,,
DOCK SUD,ARG0000158,-34.653258,-58.342005,1999.1,http://globalenergyobservatory.org/geoid/42219,38,1990,38,1990,260,2000,260,2000,260,2000,,,,,,,,,,,,,,,,,,,,,,,,,,,,,,
EL ALAMBRADO,ARG0000389,-36.27,-69.85805556,,,,,,,,,,,,,,,,,,,,,,,,,,,,,,,,,,,,,,,,,,
EL ANGOSTO,ARG0000390,-21.876096,-66.185476,,,,,,,,,,,,,,,,,,,,,,,,,,,,,,,,,,,,,,,,,,
EL BOLSON,ARG0000391,-41.958286,-71.543644,,,,,,,,,,,,,,,,,,,,,,,,,,,,,,,,,,,,,,,,,,
EL CADILLAL,ARG0000338,-26.6156,-65.1929,1966,http://globalenergyobservatory.org/geoid/42303,7,1966,7,1966,,,,,,,,,,,,,,,,,,,,,,,,,,,,,,,,,,,,
EL CAIN,ARG0000392,-41.832486,-68.351181,,,,,,,,,,,,,,,,,,,,,,,,,,,,,,,,,,,,,,,,,,
EL CALAFATE,ARG0000393,-50.35633,-72.26815,,,,,,,,,,,,,,,,,,,,,,,,,,,,,,,,,,,,,,,,,,
EL CARRIZAL,ARG0000196,-33.29932,-68.71987,1971,http://globalenergyobservatory.org/geoid/45231,17,1971,,,,,,,,,,,,,,,,,,,,,,,,,,,,,,,,,,,,,,
EL CHALTEN,ARG0000394,-49.330833,-72.882778,,,,,,,,,,,,,,,,,,,,,,,,,,,,,,,,,,,,,,,,,,
EL CHOCON,ARG0000255,-39.257691,-68.74827,1975.5,http://globalenergyobservatory.org/geoid/42217,200,1973,200,1974,200,1975,200,1976,200,1977,200,1978,,,,,,,,,,,,,,,,,,,,,,,,,,,,
EL CHURCAL,ARG0000395,-23.4368925,-61.591046,,,,,,,,,,,,,,,,,,,,,,,,,,,,,,,,,,,,,,,,,,
EL CORCOVADO,ARG0000396,-43.538,-71.46597,,,,,,,,,,,,,,,,,,,,,,,,,,,,,,,,,,,,,,,,,,
EL CORTADERAL,ARG0000397,-36.58527778,-68.53777778,,,,,,,,,,,,,,,,,,,,,,,,,,,,,,,,,,,,,,,,,,
EL CUY,ARG0000398,-39.92515,-68.343136,,,,,,,,,,,,,,,,,,,,,,,,,,,,,,,,,,,,,,,,,,
EL ESCORIAL,ARG0000399,-43.09807,-68.5596033,,,,,,,,,,,,,,,,,,,,,,,,,,,,,,,,,,,,,,,,,,
EL MAITEN,ARG0000400,-42.05428,-71.16731,,,,,,,,,,,,,,,,,,,,,,,,,,,,,,,,,,,,,,,,,,
EL MIRASOL,ARG0000401,-43.2852933,-67.7603114,,,,,,,,,,,,,,,,,,,,,,,,,,,,,,,,,,,,,,,,,,
EL MORENO,ARG0000402,-23.854658,-65.832355,,,,,,,,,,,,,,,,,,,,,,,,,,,,,,,,,,,,,,,,,,
EL QUEMADO,ARG0000403,-23.999897,-60.9855603,,,,,,,,,,,,,,,,,,,,,,,,,,,,,,,,,,,,,,,,,,
EL SOLITARIO,ARG0000404,-23.4613347,-61.4709325,,,,,,,,,,,,,,,,,,,,,,,,,,,,,,,,,,,,,,,,,,
EL TIGRE,ARG0000211,-34.61,-68.61357,1989,http://globalenergyobservatory.org/geoid/42312,7.2,1989,7.2,1989,,,,,,,,,,,,,,,,,,,,,,,,,,,,,,,,,,,,
EL TORO,ARG0000405,-23.083586,-66.701347,,,,,,,,,,,,,,,,,,,,,,,,,,,,,,,,,,,,,,,,,,
EL TUNAL,ARG0000276,-25.2323,-64.4762,1972,"http://globalenergyobservatory.org/geoid/42313, https://es.wikipedia.org/wiki/Embalse_El_Tunal",5.5,,5.5,,,,,,,,,,,,,,,,,,,,,,,,,,,,,,,,,,,,,
EL TURBIO,ARG0000406,-42.2528405,-71.7003594,,,,,,,,,,,,,,,,,,,,,,,,,,,,,,,,,,,,,,,,,,
EMBALSE,ARG0000112,-32.231626,-64.442239,1984,http://globalenergyobservatory.org/geoid/3064,600,1984,,,,,,,,,,,,,,,,,,,,,,,,,,,,,,,,,,,,,,
ESCABA,ARG0000339,-27.6589,-65.7633,1956,http://globalenergyobservatory.org/geoid/42304,8,1956,8,1956,8,1956,,,,,,,,,,,,,,,,,,,,,,,,,,,,,,,,,,
ESCUELA CARAPACHO,ARG0000407,-35.81361111,-69.19083333,,,,,,,,,,,,,,,,,,,,,,,,,,,,,,,,,,,,,,,,,,
ESQUINA,ARG0000119,-30.010247,-59.532146,,,,,,,,,,,,,,,,,,,,,,,,,,,,,,,,,,,,,,,,,,
ESTACION TORRENT,ARG0000120,-28.82784,-56.470101,,,,,,,,,,,,,,,,,,,,,,,,,,,,,,,,,,,,,,,,,,
EX CENTRAL BUENOS AIRES,ARG0000047,-34.62701,-58.33824,,,,,,,,,,,,,,,,,,,,,,,,,,,,,,,,,,,,,,,,,,
FACUNDO,ARG0000408,-69.97211,-69.97211,,,,,,,,,,,,,,,,,,,,,,,,,,,,,,,,,,,,,,,,,,
FILO MORADO,ARG0000240,-37.274169,-69.651963,,,,,,,,,,,,,,,,,,,,,,,,,,,,,,,,,,,,,,,,,,
FITZ SIMON,ARG0000089,-32.1784,-64.4207,1943,http://globalenergyobservatory.org/geoid/42296,3.5,1943,3.5,1943,3.5,1943,,,,,,,,,,,,,,,,,,,,,,,,,,,,,,,,,,
FLORENTINO AMEGHINO,ARG0000079,-43.699617,-66.481466,1963,https://es.wikipedia.org/wiki/Dique_Florentino_Ameghino,,,,,,,,,,,,,,,,,,,,,,,,,,,,,,,,,,,,,,,,
FOFO CAHUEL,ARG0000409,-42.391062,-70.5780784,,,,,,,,,,,,,,,,,,,,,,,,,,,,,,,,,,,,,,,,,,
FORMOSA (ELECTROPATAGONIA SA),ARG0000150,-26.097369,-58.249068,,,,,,,,,,,,,,,,,,,,,,,,,,,,,,,,,,,,,,,,,,
FORTIN NUEVO PILCOMAYO,ARG0000410,-23.882562,-60.913382,,,,,,,,,,,,,,,,,,,,,,,,,,,,,,,,,,,,,,,,,,
FORTIN SOLEDAD,ARG0000411,-24.14924,-60.694186,,,,,,,,,,,,,,,,,,,,,,,,,,,,,,,,,,,,,,,,,,
FUENTES DEL COYLE,ARG0000412,-51.131872,-71.930483,,,,,,,,,,,,,,,,,,,,,,,,,,,,,,,,,,,,,,,,,,
FUTALEUFU,ARG0000080,-43.12878,-71.62998,1978,http://globalenergyobservatory.org/geoid/42236,118,1978,118,1978,118,1978,118,1978,,,,,,,,,,,,,,,,,,,,,,,,,,,,,,,,
G.D.II (ENARSA),ARG0000413,-54.795107,-68.260201,,,,,,,,,,,,,,,,,,,,,,,,,,,,,,,,,,,,,,,,,,
GAN GAN,ARG0000414,-42.52323,-68.28285,,,,,,,,,,,,,,,,,,,,,,,,,,,,,,,,,,,,,,,,,,
GASTRE,ARG0000415,-42.26561,-69.2211,,,,,,,,,,,,,,,,,,,,,,,,,,,,,,,,,,,,,,,,,,
GENERACION FRIAS SA,ARG0000329,-28.607242,-65.122765,2015,http://www.albanesi.com.ar/en_generacion_frias.php,,,,,,,,,,,,,,,,,,,,,,,,,,,,,,,,,,,,,,,,
GENERAL  ROCA,ARG0000268,,,,,,,,,,,,,,,,,,,,,,,,,,,,,,,,,,,,,,,,,,,,
GENERAL ACHA,ARG0000182,-37.4308671,-64.7160494,,,,,,,,,,,,,,,,,,,,,,,,,,,,,,,,,,,,,,,,,,
GENERAL LEVALLE,ARG0000090,-34.036426,-63.921689,,,,,,,,,,,,,,,,,,,,,,,,,,,,,,,,,,,,,,,,,,
GENERAL SAN MARTIN,ARG0000208,-33.044944,-68.921889,1950,https://es.wikipedia.org/wiki/Central_hidroel%C3%A9ctrica_General_San_Mart%C3%ADn,,,,,,,,,,,,,,,,,,,,,,,,,,,,,,,,,,,,,,,,
GOBERNADOR COSTA,ARG0000416,-44.05298,-70.59792,,,,,,,,,,,,,,,,,,,,,,,,,,,,,,,,,,,,,,,,,,
GOBERNADOR DUVAL,ARG0000176,-38.74027778,-66.43638889,,,,,,,,,,,,,,,,,,,,,,,,,,,,,,,,,,,,,,,,,,
GOBERNADOR GREGORES,ARG0000417,-48.748889,-70.246667,,,,,,,,,,,,,,,,,,,,,,,,,,,,,,,,,,,,,,,,,,
GOYA,ARG0000121,-29.13876,-59.22767,,,,,,,,,,,,,,,,,,,,,,,,,,,,,,,,,,,,,,,,,,
GOYA (ELECTROPATAGONIA SA),ARG0000137,-29.13876,-59.22767,,,,,,,,,,,,,,,,,,,,,,,,,,,,,,,,,,,,,,,,,,
GRAN BUENOS AIRES MOVIL ENARSA,ARG0000345,,,,,,,,,,,,,,,,,,,,,,,,,,,,,,,,,,,,,,,,,,,,
GUACHIPAS,ARG0000280,-25.5235485,-65.5187645,,,,,,,,,,,,,,,,,,,,,,,,,,,,,,,,,,,,,,,,,,
GUADALCAZAR,ARG0000418,-23.6823939,-61.1611089,,,,,,,,,,,,,,,,,,,,,,,,,,,,,,,,,,,,,,,,,,
GUALJAINA,ARG0000419,-42.72627,-70.53549,,,,,,,,,,,,,,,,,,,,,,,,,,,,,,,,,,,,,,,,,,
GUILLERMO CESPEDES,ARG0000269,-39.560028,-65.681667,1963,https://es.wikipedia.org/wiki/Central_hidroel%C3%A9ctrica_Guillermo_C%C3%A9spedes,,,,,,,,,,,,,,,,,,,,,,,,,,,,,,,,,,,,,,,,
H. PICHI PICUN LEUFU,ARG0000272,-40.011965,-69.991782,1999,http://globalenergyobservatory.org/geoid/42216,87,1999,87,1999,87,1999,,,,,,,,,,,,,,,,,,,,,,,,,,,,,,,,,,
HUANCAR,ARG0000420,-23.564829,-66.409683,,,,,,,,,,,,,,,,,,,,,,,,,,,,,,,,,,,,,,,,,,
INDIO RICO,ARG0000014,-38.329842,-60.890129,,,,,,,,,,,,,,,,,,,,,,,,,,,,,,,,,,,,,,,,,,
INTERIOR MOVIL,ARG0000346,,,,,,,,,,,,,,,,,,,,,,,,,,,,,,,,,,,,,,,,,,,,
IRUYA,ARG0000421,-22.7928,-65.21856,,,,,,,,,,,,,,,,,,,,,,,,,,,,,,,,,,,,,,,,,,
ISLA APIPE,ARG0000122,-27.510057,-56.743638,,,,,,,,,,,,,,,,,,,,,,,,,,,,,,,,,,,,,,,,,,
ISLA VERDE,ARG0000091,-33.242214,-62.394555,,,,,,,,,,,,,,,,,,,,,,,,,,,,,,,,,,,,,,,,,,
ITA IBATE,ARG0000123,-27.42516,-57.334051,,,,,,,,,,,,,,,,,,,,,,,,,,,,,,,,,,,,,,,,,,
ITUZAINGO,ARG0000124,-27.578544,-56.67255,,,,,,,,,,,,,,,,,,,,,,,,,,,,,,,,,,,,,,,,,,
JAGUEL DEL MONTE,ARG0000177,-36.68111111,-65.78361111,,,,,,,,,,,,,,,,,,,,,,,,,,,,,,,,,,,,,,,,,,
JAMA,ARG0000422,-23.2401,-67.019647,,,,,,,,,,,,,,,,,,,,,,,,,,,,,,,,,,,,,,,,,,
JARAMILLO,ARG0000423,-47.183119,-67.143178,,,,,,,,,,,,,,,,,,,,,,,,,,,,,,,,,,,,,,,,,,
JULIAN  ROMERO,ARG0000270,-38.836722,-68.038,,https://es.wikipedia.org/wiki/Central_hidroel%C3%A9ctrica_Juli%C3%A1n_Romero,,,,,,,,,,,,,,,,,,,,,,,,,,,,,,,,,,,,,,,,
KM 503 - NRB,ARG0000424,-25.3858544,-60.3039218,,,,,,,,,,,,,,,,,,,,,,,,,,,,,,,,,,,,,,,,,,
LA CALERA,ARG0000092,,,,,,,,,,,,,,,,,,,,,,,,,,,,,,,,,,,,,,,,,,,,
LA CARLOTA,ARG0000093,,,,,,,,,,,,,,,,,,,,,,,,,,,,,,,,,,,,,,,,,,,,
LA CARRERA,ARG0000052,,,,,,,,,,,,,,,,,,,,,,,,,,,,,,,,,,,,,,,,,,,,
LA CRUZ,ARG0000125,-29.176238,-56.639376,,,,,,,,,,,,,,,,,,,,,,,,,,,,,,,,,,,,,,,,,,
LA ESPERANZA,ARG0000425,-23.5413003,-61.4202262,,,,,,,,,,,,,,,,,,,,,,,,,,,,,,,,,,,,,,,,,,
LA HUMADA,ARG0000178,-36.34944444,-68.015,,,,,,,,,,,,,,,,,,,,,,,,,,,,,,,,,,,,,,,,,,
LA JAULA - PAREDITAS,ARG0000426,-34.664716,-69.3179,,,,,,,,,,,,,,,,,,,,,,,,,,,,,,,,,,,,,,,,,,
LA LIBERTAD,ARG0000427,-23.982064,-60.6117724,,,,,,,,,,,,,,,,,,,,,,,,,,,,,,,,,,,,,,,,,,
LA MOSCA,ARG0000428,-41.574864,-71.5013,,,,,,,,,,,,,,,,,,,,,,,,,,,,,,,,,,,,,,,,,,
LA PAZ,ARG0000145,,,,,,,,,,,,,,,,,,,,,,,,,,,,,,,,,,,,,,,,,,,,
LA PLATA COGENERACION,ARG0000164,-34.88898,-57.92063,1997,http://globalenergyobservatory.org/geoid/42248,127,1997,,,,,,,,,,,,,,,,,,,,,,,,,,,,,,,,,,,,,,
LA QUIACA,ARG0000429,-22.106513,-65.593914,,,,,,,,,,,,,,,,,,,,,,,,,,,,,,,,,,,,,,,,,,
LA RINCONADA,ARG0000430,-23.4942752,-61.5763889,,,,,,,,,,,,,,,,,,,,,,,,,,,,,,,,,,,,,,,,,,
LA RIOJA,ARG0000188,-29.382326,-66.832511,,http://www.industryabout.com/country-territories-3/1230-argentina/fossil-fuels-energy/17323-la-rioja-gas-power-plant,14,,13,,13,,,,,,,,,,,,,,,,,,,,,,,,,,,,,,,,,,,
LA RIOJA PRECARIA (EDELAR),ARG0000186,,,,,,,,,,,,,,,,,,,,,,,,,,,,,,,,,,,,,,,,,,,,
LA TABLADA,ARG0000222,-27.41839,-55.90967,1969,http://globalenergyobservatory.org/geoid/42322,22.15,1969,,,,,,,,,,,,,,,,,,,,,,,,,,,,,,,,,,,,,,
LA UNION,ARG0000431,-23.891111,-63.201666,,,,,,,,,,,,,,,,,,,,,,,,,,,,,,,,,,,,,,,,,,
LA VIÑA,ARG0000094,-31.8708,-65.0349,1958,http://globalenergyobservatory.org/geoid/42273,8,1958,8,1958,,,,,,,,,,,,,,,,,,,,,,,,,,,,,,,,,,,,
LAGO BLANCO,ARG0000432,-45.94686,-71.26411,,,,,,,,,,,,,,,,,,,,,,,,,,,,,,,,,,,,,,,,,,
LAGO POSADAS,ARG0000433,-47.568036,-71.741592,,,,,,,,,,,,,,,,,,,,,,,,,,,,,,,,,,,,,,,,,,
LAGO PUELO,ARG0000434,-42.06729,-71.06729,,,,,,,,,,,,,,,,,,,,,,,,,,,,,,,,,,,,,,,,,,
LAGUNA SALADA,ARG0000435,-42.716779,-69.188472,,,,,,,,,,,,,,,,,,,,,,,,,,,,,,,,,,,,,,,,,,
LAGUNILLAS DEL FARALLON,ARG0000436,-22.461824,-66.627502,,,,,,,,,,,,,,,,,,,,,,,,,,,,,,,,,,,,,,,,,,
LAMADRID,ARG0000437,-23.897795,-60.754733,,,,,,,,,,,,,,,,,,,,,,,,,,,,,,,,,,,,,,,,,,
LAS COLORADAS,ARG0000438,-39.557398,-70.596456,,,,,,,,,,,,,,,,,,,,,,,,,,,,,,,,,,,,,,,,,,
LAS CUEVAS,ARG0000439,-32.81333333,-70.04555556,,,,,,,,,,,,,,,,,,,,,,,,,,,,,,,,,,,,,,,,,,
LAS DELICIAS,ARG0000440,-26.67972,-64.00713,,,,,,,,,,,,,,,,,,,,,,,,,,,,,,,,,,,,,,,,,,
LAS MADERAS,ARG0000169,-24.44381,-65.220309,,,,,,,,,,,,,,,,,,,,,,,,,,,,,,,,,,,,,,,,,,
LAS OVEJAS,ARG0000247,-36.987988,-70.749123,,,,,,,,,,,,,,,,,,,,,,,,,,,,,,,,,,,,,,,,,,
LAS PLUMAS,ARG0000441,-43.722398,-67.2869957,,,,,,,,,,,,,,,,,,,,,,,,,,,,,,,,,,,,,,,,,,
LAS VARILLAS,ARG0000095,,,,,,,,,,,,,,,,,,,,,,,,,,,,,,,,,,,,,,,,,,,,
LIVIARA,ARG0000442,-22.520786,-66.338225,,,,,,,,,,,,,,,,,,,,,,,,,,,,,,,,,,,,,,,,,,
LOMA BLANCA,ARG0000443,-22.520786,-66.338225,,,,,,,,,,,,,,,,,,,,,,,,,,,,,,,,,,,,,,,,,,
LOMAS DE VALLEJOS,ARG0000126,-27.739251,-57.921483,,,,,,,,,,,,,,,,,,,,,,,,,,,,,,,,,,,,,,,,,,
LORETO,ARG0000127,,,,,,,,,,,,,,,,,,,,,,,,,,,,,,,,,,,,,,,,,,,,
LOS ALTARES,ARG0000444,-43.871193,-68.4301169,,,,,,,,,,,,,,,,,,,,,,,,,,,,,,,,,,,,,,,,,,
LOS ANTIGUOS,ARG0000445,-46.551397,-71.624217,,,,,,,,,,,,,,,,,,,,,,,,,,,,,,,,,,,,,,,,,,
LOS CORONELES (EX 25  DE MAYO),ARG0000209,-34.599972,-68.528472,1970,https://es.wikipedia.org/wiki/Central_hidroel%C3%A9ctrica_Los_Coroneles,,,,,,,,,,,,,,,,,,,,,,,,,,,,,,,,,,,,,,,,
LOS DIVISADEROS,ARG0000179,,,,,,,,,,,,,,,,,,,,,,,,,,,,,,,,,,,,,,,,,,,,
LOS JURIES,ARG0000321,,,,,,,,,,,,,,,,,,,,,,,,,,,,,,,,,,,,,,,,,,,,
LOS MICHES,ARG0000248,-37.20189,-70.844286,,,,,,,,,,,,,,,,,,,,,,,,,,,,,,,,,,,,,,,,,,
LOS MOLINOS I,ARG0000096,-31.838016,-64.445163,1957,http://globalenergyobservatory.org/geoid/42274,13,1957,13,1957,13,1957,13,1957,,,,,,,,,,,,,,,,,,,,,,,,,,,,,,,,
LOS MOLINOS II,ARG0000097,-31.838016,-64.445163,1958,http://globalenergyobservatory.org/geoid/42274,4.5,1958,,,,,,,,,,,,,,,,,,,,,,,,,,,,,,,,,,,,,,
LOS PENITENTES,ARG0000446,-32.84027778,-69.84194444,,,,,,,,,,,,,,,,,,,,,,,,,,,,,,,,,,,,,,,,,,
LOS QUIROGA,ARG0000331,-27.650944,-64.361833,1963,https://es.wikipedia.org/wiki/Dique_de_Los_Quiroga,,,,,,,,,,,,,,,,,,,,,,,,,,,,,,,,,,,,,,,,
LOS REYUNOS,ARG0000212,-34.60277777,-68.63833,1983,http://globalenergyobservatory.org/geoid/42311,112,1983,112,1983,,,,,,,,,,,,,,,,,,,,,,,,,,,,,,,,,,,,
LOTE 8,ARG0000447,-25.386682,-62.275765,,,,,,,,,,,,,,,,,,,,,,,,,,,,,,,,,,,,,,,,,,
LUJAN DE CUYO,ARG0000198,-33.05506,-68.98098,1988.1,http://globalenergyobservatory.org/geoid/42247,60,1971,60,1971,28.8,1979,28.8,1979,30,1979,25,1989,25,1989,191,1998,91.5,1998,,,,,,,,,,,,,,,,,,,,,,
MANZANO AMARGO (LA FRAGUA),ARG0000249,,,,,,,,,,,,,,,,,,,,,,,,,,,,,,,,,,,,,,,,,,,,
MAR DE AJO,ARG0000006,-36.720833,-63.1976831,,"http://globalenergyobservatory.org/geoid/42256, http://www.industryabout.com/country-territories-3/1230-argentina/fossil-fuels-energy/17328-mar-de-ajo-oil-power-plant",17,,17,,,,,,,,,,,,,,,,,,,,,,,,,,,,,,,,,,,,,
MAR DEL PLATA (9 DE JULIO),ARG0000007,-38.049514,-57.54603,,"http://globalenergyobservatory.org/geoid/42254, http://www.industryabout.com/country-territories-3/1230-argentina/fossil-fuels-energy/17305-9-de-julio-gas-power-plant",,,,,,,,,,,,,,,,,,,,,,,,,,,,,,,,,,,,,,,,
MARCOS JUAREZ,ARG0000098,,,,,,,,,,,,,,,,,,,,,,,,,,,,,,,,,,,,,,,,,,,,
MARIA CRISTINA,ARG0000448,-22.7381962,-62.2753954,,,,,,,,,,,,,,,,,,,,,,,,,,,,,,,,,,,,,,,,,,
MAYOR BURATOVICH,ARG0000015,-39.2291117,-62.6496649,,,,,,,,,,,,,,,,,,,,,,,,,,,,,,,,,,,,,,,,,,
MBURUCUYA,ARG0000128,-28.044121,-58.228541,,,,,,,,,,,,,,,,,,,,,,,,,,,,,,,,,,,,,,,,,,
MEDIALUNA,ARG0000449,-23.7583298,-61.0213934,,,,,,,,,,,,,,,,,,,,,,,,,,,,,,,,,,,,,,,,,,
MERCEDES,ARG0000129,-29.180801,-58.079319,,,,,,,,,,,,,,,,,,,,,,,,,,,,,,,,,,,,,,,,,,
MISA RUMI,ARG0000450,-22.260121,-66.367428,,,,,,,,,,,,,,,,,,,,,,,,,,,,,,,,,,,,,,,,,,
MISION LA PAZ,ARG0000451,-22.378888,-62.519444,,,,,,,,,,,,,,,,,,,,,,,,,,,,,,,,,,,,,,,,,,
MODESTO MARANZANA,ARG0000111,-33.160791,-64.365609,2003.2,http://globalenergyobservatory.org/geoid/42265,24.2,1995,11.2,1995,24.2,1995,11.2,1995,60,2008,60,2008,,,,,,,,,,,,,,,,,,,,,,,,,,,,
MONTE CASEROS,ARG0000130,,,,,,,,,,,,,,,,,,,,,,,,,,,,,,,,,,,,,,,,,,,,
MONTE QUEMADO,ARG0000322,-25.80091,-62.84095,,,,,,,,,,,,,,,,,,,,,,,,,,,,,,,,,,,,,,,,,,
MOQUEHUE,ARG0000452,-38.950137,-71.33087,,,,,,,,,,,,,,,,,,,,,,,,,,,,,,,,,,,,,,,,,,
NAZARENO,ARG0000453,-22.499722,-65.116666,,,,,,,,,,,,,,,,,,,,,,,,,,,,,,,,,,,,,,,,,,
NEA MOVIL ENARSA,ARG0000347,,,,,,,,,,,,,,,,,,,,,,,,,,,,,,,,,,,,,,,,,,,,
NECOCHEA,ARG0000008,-38.578534,-58.71082,1968.6,http://globalenergyobservatory.org/geoid/42255,31,1963,31,1963,73,1971,73,1971,,,,,,,,,,,,,,,,,,,,,,,,,,,,,,,,
NIHUIL I,ARG0000214,-34.99073,-68.623663,1957,http://globalenergyobservatory.org/geoid/42306,18.5,1957,18.5,1957,18.5,1957,18.5,1957,,,,,,,,,,,,,,,,,,,,,,,,,,,,,,,,
NIHUIL II,ARG0000215,-34.903931,-68.617725,1968,http://globalenergyobservatory.org/geoid/42307,22,1968,22,1968,22,1968,22,1968,25.6,1968,25.6,1968,,,,,,,,,,,,,,,,,,,,,,,,,,,,
NIHUIL III,ARG0000216,-34.882147,-68.576038,1972,http://globalenergyobservatory.org/geoid/42308,26,1972,26,1972,,,,,,,,,,,,,,,,,,,,,,,,,,,,,,,,,,,,
NIHUIL IV,ARG0000213,-34.833,-68.5168,1965,http://globalenergyobservatory.org/geoid/42309,22.4,1965,,,,,,,,,,,,,,,,,,,,,,,,,,,,,,,,,,,,,,
NOA MOVIL ENARSA,ARG0000348,,,,,,,,,,,,,,,,,,,,,,,,,,,,,,,,,,,,,,,,,,,,
NUEVA ESPERANZA,ARG0000323,-26.207194,-64.247658,,,,,,,,,,,,,,,,,,,,,,,,,,,,,,,,,,,,,,,,,,
NUEVA POMPEYA,ARG0000454,-24.93166667,-61.48527778,,,,,,,,,,,,,,,,,,,,,,,,,,,,,,,,,,,,,,,,,,
NUEVO PIRQUITAS (MINA PIRQUITAS),ARG0000455,-22.686383,-66.456469,,,,,,,,,,,,,,,,,,,,,,,,,,,,,,,,,,,,,,,,,,
NUEVO PUERTO,ARG0000044,-34.57208,-58.38352,1988,"http://globalenergyobservatory.org/geoid/42245, http://globalenergyobservatory.org/geoid/42246",60,1952,110,1965,250,1969,252,2000,252,2000,282,2000,,,,,,,,,,,,,,,,,,,,,,,,,,,,
OBERA (TG Nº21 FIAT ),ARG0000223,-27.50192,-55.12453,,,,,,,,,,,,,,,,,,,,,,,,,,,,,,,,,,,,,,,,,,
OLACAPATO,ARG0000456,-24.139444,-66.719722,,,,,,,,,,,,,,,,,,,,,,,,,,,,,,,,,,,,,,,,,,
OLAROZ CHICO,ARG0000457,-23.393506,-66.802811,,,,,,,,,,,,,,,,,,,,,,,,,,,,,,,,,,,,,,,,,,
ORAN (MITRE),ARG0000281,-23.140545,-64.323197,,,,,,,,,,,,,,,,,,,,,,,,,,,,,,,,,,,,,,,,,,
ORENSE,ARG0000016,-38.685059,-59.780381,,,,,,,,,,,,,,,,,,,,,,,,,,,,,,,,,,,,,,,,,,
OROSMAYO,ARG0000458,-22.557281,-66.356108,,,,,,,,,,,,,,,,,,,,,,,,,,,,,,,,,,,,,,,,,,
PAICONE,ARG0000459,-22.219456,-66.425725,,,,,,,,,,,,,,,,,,,,,,,,,,,,,,,,,,,,,,,,,,
PALMAR GRANDE,ARG0000131,-27.942278,-57.900923,,,,,,,,,,,,,,,,,,,,,,,,,,,,,,,,,,,,,,,,,,
PALMAR LARGO,ARG0000460,-23.18888889,-62.04277778,,,,,,,,,,,,,,,,,,,,,,,,,,,,,,,,,,,,,,,,,,
PALMARCITO,ARG0000461,-22.80308,-62.164096,,,,,,,,,,,,,,,,,,,,,,,,,,,,,,,,,,,,,,,,,,
PAMPA DE LOS GUANACOS,ARG0000324,-26.23213,-61.83607,,,,,,,,,,,,,,,,,,,,,,,,,,,,,,,,,,,,,,,,,,
PARANA,ARG0000001,-33.354922,-60.171795,2001,http://globalenergyobservatory.org/geoid/42221,263,2001,263,2001,319,2001,,,,,,,,,,,,,,,,,,,,,,,,,,,,,,,,,,
PARQUE DE GENERACION SANTA MARIA (Central Barranco),ARG0000053,,,,,,,,,,,,,,,,,,,,,,,,,,,,,,,,,,,,,,,,,,,,
PARQUE EOLICO ARAUCO SAPEM I,ARG0000192,-28.6683739,-66.7524147,,,,,,,,,,,,,,,,,,,,,,,,,,,,,,,,,,,,,,,,,,
PARQUE EOLICO ARAUCO SAPEM II,ARG0000193,-28.6683739,-66.7524147,,,,,,,,,,,,,,,,,,,,,,,,,,,,,,,,,,,,,,,,,,
PARQUE EOLICO DIADEMA,ARG0000081,-45.74583333,-67.69527778,,,,,,,,,,,,,,,,,,,,,,,,,,,,,,,,,,,,,,,,,,
PARQUE EOLICO EL TORDILLO,ARG0000082,-45.85068,-67.90805,,,,,,,,,,,,,,,,,,,,,,,,,,,,,,,,,,,,,,,,,,
PARQUE EOLICO LOMA BLANCA IV (ENARSA),ARG0000075,-43.090684,-65.229803,,,,,,,,,,,,,,,,,,,,,,,,,,,,,,,,,,,,,,,,,,
PARQUE EOLICO NECOCHEA,ARG0000033,-38.604519,-58.790598,,,,,,,,,,,,,,,,,,,,,,,,,,,,,,,,,,,,,,,,,,
PARQUE EOLICO RAWSON I (ENARSA),ARG0000076,-43.352204,-65.173354,,,,,,,,,,,,,,,,,,,,,,,,,,,,,,,,,,,,,,,,,,
PARQUE EOLICO RAWSON II (ENARSA),ARG0000077,-43.352204,-65.173354,,,,,,,,,,,,,,,,,,,,,,,,,,,,,,,,,,,,,,,,,,
PASO DE INDIOS,ARG0000462,-43.86630541,-69.0448871,,,,,,,,,,,,,,,,,,,,,,,,,,,,,,,,,,,,,,,,,,
PASO DE LAS CARRETAS (FAUSTO RADICI),ARG0000303,,,,,,,,,,,,,,,,,,,,,,,,,,,,,,,,,,,,,,,,,,,,
PASO DE LOS LIBRES,ARG0000132,-29.714766,-57.093307,,,,,,,,,,,,,,,,,,,,,,,,,,,,,,,,,,,,,,,,,,
PASO DEL SAPO,ARG0000463,-42.737111,-69.6110021,,,,,,,,,,,,,,,,,,,,,,,,,,,,,,,,,,,,,,,,,,
PASTOS CHICOS,ARG0000464,-23.765631,-66.438958,,,,,,,,,,,,,,,,,,,,,,,,,,,,,,,,,,,,,,,,,,
PATAGONIA,ARG0000078,-45.793432,-67.514503,2001.1,http://globalenergyobservatory.org/geoid/42251,39,1995,39,1995,60,2009,,,,,,,,,,,,,,,,,,,,,,,,,,,,,,,,,,
PATAGONIA MOVIL ENARSA,ARG0000349,,,,,,,,,,,,,,,,,,,,,,,,,,,,,,,,,,,,,,,,,,,,
PEHUAJO,ARG0000021,,,,,,,,,,,,,,,,,,,,,,,,,,,,,,,,,,,,,,,,,,,,
PEQUEÑO APROVECHAMIENTO HIDROELECTRICO LA LUJANITA,ARG0000206,,,,,,,,,,,,,,,,,,,,,,,,,,,,,,,,,,,,,,,,,,,,
PEQUEÑO APROVECHAMIENTO HIDROELECTRICO LUJAN DE CUYO,ARG0000207,,,,,,,,,,,,,,,,,,,,,,,,,,,,,,,,,,,,,,,,,,,,
PERITO MORENO,ARG0000465,-46.592917,-70.928806,,,,,,,,,,,,,,,,,,,,,,,,,,,,,,,,,,,,,,,,,,
PERUGORRIA,ARG0000133,-29.339975,-58.607714,,,,,,,,,,,,,,,,,,,,,,,,,,,,,,,,,,,,,,,,,,
PICO TRUNCADO - JORGE ROMANUTTI,ARG0000305,-46.8065478,-67.9807913,,,,,,,,,,,,,,,,,,,,,,,,,,,,,,,,,,,,,,,,,,
PICO TRUNCADO I,ARG0000304,-46.784224,-67.949776,,,,,,,,,,,,,,,,,,,,,,,,,,,,,,,,,,,,,,,,,,
PIEDRA DEL AGUILA (CPSA),ARG0000233,-31.665073,-63.831444,1993.5,http://globalenergyobservatory.org/geoid/42215,350,1993,350,1993,350,1994,350,1994,,,,,,,,,,,,,,,,,,,,,,,,,,,,,,,,
PIEDRA PARADA,ARG0000466,-42.6632132,-70.1529204,,,,,,,,,,,,,,,,,,,,,,,,,,,,,,,,,,,,,,,,,,
PIEDRAS MORAS,ARG0000099,-32.1675,-64.2438,1995,http://globalenergyobservatory.org/geoid/42297,6.3,1995,,,,,,,,,,,,,,,,,,,,,,,,,,,,,,,,,,,,,,
PILAR  BICENTENARIO,ARG0000100,-31.665073,-63.831444,2010.3,http://globalenergyobservatory.org/geoid/42238,168,2010,168,2010,160,2011,,,,,,,,,,,,,,,,,,,,,,,,,,,,,,,,,,
PILAR ZANICHELLI,ARG0000101,-31.666187,-63.834448,1971.3,http://globalenergyobservatory.org/geoid/42239,33,1963,33,1963,75,1975,75,1975,,,,,,,,,,,,,,,,,,,,,,,,,,,,,,,,
PIÑALITOS,ARG0000224,,,,,,,,,,,,,,,,,,,,,,,,,,,,,,,,,,,,,,,,,,,,
PLANICIE BANDERITA,ARG0000241,-28.53388889,-65.79972222,1979,http://globalenergyobservatory.org/geoid/42237,243,1978,243,1980,,,,,,,,,,,,,,,,,,,,,,,,,,,,,,,,,,,,
PLANTA PILOTO FOTOVOLTAICA SAN JUAN 1,ARG0000298,-31.38913,-68.675205,,,,,,,,,,,,,,,,,,,,,,,,,,,,,,,,,,,,,,,,,,
POLVAREDAS,ARG0000467,-32.79222222,-69.65138889,,,,,,,,,,,,,,,,,,,,,,,,,,,,,,,,,,,,,,,,,,
POSADAS,ARG0000225,-27.443753,-55.917895,,,,,,,,,,,,,,,,,,,,,,,,,,,,,,,,,,,,,,,,,,
POZO CERCADO,ARG0000468,-23.0286108,-62.3357949,,,,,,,,,,,,,,,,,,,,,,,,,,,,,,,,,,,,,,,,,,
POZO COLORADO,ARG0000469,-23.552766,-65.81876,,,,,,,,,,,,,,,,,,,,,,,,,,,,,,,,,,,,,,,,,,
POZO DE MAZA,ARG0000470,-23.571819,-61.700764,,,,,,,,,,,,,,,,,,,,,,,,,,,,,,,,,,,,,,,,,,
POZO LA CHIVA,ARG0000471,-22.6789188,-62.3074558,,,,,,,,,,,,,,,,,,,,,,,,,,,,,,,,,,,,,,,,,,
POZO SARGENTO,ARG0000472,-23.6518015,-61.7967348,,,,,,,,,,,,,,,,,,,,,,,,,,,,,,,,,,,,,,,,,,
POZO YACARE,ARG0000473,-24.0782228,-62.3331895,,,,,,,,,,,,,,,,,,,,,,,,,,,,,,,,,,,,,,,,,,
PRESIDENTE ROCA,ARG0000063,,,,,,,,,,,,,,,,,,,,,,,,,,,,,,,,,,,,,,,,,,,,
PRESIDENTE SARMIENTO,ARG0000289,-31.512867,-68.539934,,http://www.industryabout.com/country-territories-3/1230-argentina/fossil-fuels-energy/17349-sarmiento-gas-power-plant,33,,,,,,,,,,,,,,,,,,,,,,,,,,,,,,,,,,,,,,,
PUEBLO VIEJO,ARG0000340,-27.1149,-65.7523,1967,http://globalenergyobservatory.org/geoid/42305,9.6,1967,9.6,1967,,,,,,,,,,,,,,,,,,,,,,,,,,,,,,,,,,,,
PUELCHES,ARG0000180,,,,,,,,,,,,,,,,,,,,,,,,,,,,,,,,,,,,,,,,,,,,
PUENTE DEL INCA,ARG0000474,-32.82416667,-69.90916667,,,,,,,,,,,,,,,,,,,,,,,,,,,,,,,,,,,,,,,,,,
PUERTO ALMANZA,ARG0000475,-54.87059,-67.565574,,,,,,,,,,,,,,,,,,,,,,,,,,,,,,,,,,,,,,,,,,
PUERTO IRIGOYEN,ARG0000476,-23.224468,-61.747627,,,,,,,,,,,,,,,,,,,,,,,,,,,,,,,,,,,,,,,,,,
PUERTO MADRYN,ARG0000073,-42.706863,-65.104775,,"http://globalenergyobservatory.org/geoid/42250, http://www.industryabout.com/country-territories-3/1230-argentina/fossil-fuels-energy/17340-puerto-madryn-aluar-gas-power-plant",22.5,,22.5,,22.5,,22.5,,40,,40,,40,1997,40,1997,40,1997,155,2007,155,2007,155,2007,,,,,,,,,,,,,,,,
PUERTO NUEVO,ARG0000045,-34.575369,-58.378812,1965.5,http://globalenergyobservatory.org/geoid/42245,145,1961,194,1963,250,1970,,,,,,,,,,,,,,,,,,,,,,,,,,,,,,,,,,
PUERTO PIRAMIDES,ARG0000477,-42.5736172,-64.2836893,,,,,,,,,,,,,,,,,,,,,,,,,,,,,,,,,,,,,,,,,,
PUERTO SAN JULIAN,ARG0000478,-49.305042,-67.735328,,,,,,,,,,,,,,,,,,,,,,,,,,,,,,,,,,,,,,,,,,
PUERTO SANTA CRUZ,ARG0000479,-50.023581,-68.536208,,,,,,,,,,,,,,,,,,,,,,,,,,,,,,,,,,,,,,,,,,
PUNTA ALTA - CENTENARIO,ARG0000017,-38.7832606,-61.8984103,,,,,,,,,,,,,,,,,,,,,,,,,,,,,,,,,,,,,,,,,,
PUNTA ALTA - PEHUEN CO,ARG0000018,-38.8971202,-61.6097081,,,,,,,,,,,,,,,,,,,,,,,,,,,,,,,,,,,,,,,,,,
PUNTA BANDERA,ARG0000480,-50.315092,-72.7915,,,,,,,,,,,,,,,,,,,,,,,,,,,,,,,,,,,,,,,,,,
PUNTA DE VACAS,ARG0000481,-32.85166667,-69.7525,,,,,,,,,,,,,,,,,,,,,,,,,,,,,,,,,,,,,,,,,,
PUNTA DEL AGUA,ARG0000482,-24.3073257,-60.5404641,,,,,,,,,,,,,,,,,,,,,,,,,,,,,,,,,,,,,,,,,,
QUEBRADA DE ULLUM,ARG0000299,-31.25667,-61.52028,1981,http://globalenergyobservatory.org/geoid/42261,47,1981,,,,,,,,,,,,,,,,,,,,,,,,,,,,,,,,,,,,,,
QUIMILI,ARG0000325,-27.65195,-62.41627,,,,,,,,,,,,,,,,,,,,,,,,,,,,,,,,,,,,,,,,,,
RADA TILLY,ARG0000071,-45.9168704,-67.5793505,,,,,,,,,,,,,,,,,,,,,,,,,,,,,,,,,,,,,,,,,,
RIO CEBALLOS,ARG0000102,,,,,,,,,,,,,,,,,,,,,,,,,,,,,,,,,,,,,,,,,,,,
RIO CORRALITO,ARG0000282,-24.98297,-65.686011,1962,http://www.eltribuno.info/salta/nota/2012-3-10-23-24-0-la-usina-que-cambio-salta-en-los-anos-60,,,,,,,,,,,,,,,,,,,,,,,,,,,,,,,,,,,,,,,,
RIO CUARTO,ARG0000103,-33.161377,-64.364916,1974.5,http://globalenergyobservatory.org/geoid/42272,16,1974,16,1975,,,,,,,,,,,,,,,,,,,,,,,,,,,,,,,,,,,,
RIO GALLEGOS I (RIO CHICO),ARG0000483,-51.656306,-69.382222,,,,,,,,,,,,,,,,,,,,,,,,,,,,,,,,,,,,,,,,,,
RIO GRANDE,ARG0000104,-53.786243,-67.722158,1986,http://globalenergyobservatory.org/geoid/42252,187.5,1986,187.5,1986,187.5,1986,187.5,1986,,,,,,,,,,,,,,,,,,,,,,,,,,,,,,,,
RIO HONDO,ARG0000332,-27.5225,-64.8861,1976,http://globalenergyobservatory.org/geoid/42302,9.5,1976,9.5,1976,,,,,,,,,,,,,,,,,,,,,,,,,,,,,,,,,,,,
RIO MAYO,ARG0000484,-45.6964538,-70.2559804,,,,,,,,,,,,,,,,,,,,,,,,,,,,,,,,,,,,,,,,,,
RIO MUERTO,ARG0000485,-23.6077408,-61.316872,,,,,,,,,,,,,,,,,,,,,,,,,,,,,,,,,,,,,,,,,,
RIO PICO,ARG0000486,-44.2,-71.333333,,,,,,,,,,,,,,,,,,,,,,,,,,,,,,,,,,,,,,,,,,
RIO REYES,ARG0000167,,,,,,,,,,,,,,,,,,,,,,,,,,,,,,,,,,,,,,,,,,,,
RIO TURBIO,ARG0000487,-51.5385166,-72.27133,,,,,,,,,,,,,,,,,,,,,,,,,,,,,,,,,,,,,,,,,,
RIVADAVIA BANDA SUR,ARG0000488,-24.183055,-62.883888,,,,,,,,,,,,,,,,,,,,,,,,,,,,,,,,,,,,,,,,,,
SACHAYOJ,ARG0000326,,,,,,,,,,,,,,,,,,,,,,,,,,,,,,,,,,,,,,,,,,,,
SALAR DE POCITOS,ARG0000489,-24.373009,-66.993965,,,,,,,,,,,,,,,,,,,,,,,,,,,,,,,,,,,,,,,,,,
SALTITO I,ARG0000218,,,,,,,,,,,,,,,,,,,,,,,,,,,,,,,,,,,,,,,,,,,,
SALTITO II,ARG0000219,,,,,,,,,,,,,,,,,,,,,,,,,,,,,,,,,,,,,,,,,,,,
SALTO ANDERSEN,ARG0000271,-38.824417,-64.829639,2012,https://es.wikipedia.org/wiki/Central_hidroel%C3%A9ctrica_Salto_Andersen,,,,,,,,,,,,,,,,,,,,,,,,,,,,,,,,,,,,,,,,
SALTO DE LA LOMA,ARG0000302,,,,,,,,,,,,,,,,,,,,,,,,,,,,,,,,,,,,,,,,,,,,
SALTO GRANDE (MITAD ARGENTINA),ARG0000144,-31.38913,-68.675205,1980.4,http://globalenergyobservatory.org/geoid/42224,135,1979,135,1979,135,1979,135,1980,135,1980,135,1980,135,1980,135,1981,135,1981,135,1981,135,1981,135,1982,135,1982,,,,,,,,,,,,,,
SAN ANTONIO,ARG0000226,-26.05598,-53.73322,,,,,,,,,,,,,,,,,,,,,,,,,,,,,,,,,,,,,,,,,,
SAN ANTONIO DE LOS COBRES,ARG0000490,-24.214444,-66.318888,,,,,,,,,,,,,,,,,,,,,,,,,,,,,,,,,,,,,,,,,,
SAN CAYETANO,ARG0000491,-23.8232703,-60.9788771,,,,,,,,,,,,,,,,,,,,,,,,,,,,,,,,,,,,,,,,,,
SAN CLEMENTE DEL TUYU,ARG0000020,,,,,,,,,,,,,,,,,,,,,,,,,,,,,,,,,,,,,,,,,,,,
SAN FRANCISCO,ARG0000105,-31.439111,-62.111887,1978.5,http://globalenergyobservatory.org/geoid/42270,16,1975,23,1981,,,,,,,,,,,,,,,,,,,,,,,,,,,,,,,,,,,,
SAN FRANCISCO (Dpto. Santa Catalina),ARG0000492,-22.001228,-66.173533,,,,,,,,,,,,,,,,,,,,,,,,,,,,,,,,,,,,,,,,,,
SAN FRANCISCO 2,ARG0000106,,,,,,,,,,,,,,,,,,,,,,,,,,,,,,,,,,,,,,,,,,,,
SAN JUAN Y OROS,ARG0000493,-22.225248,-66.248899,,,,,,,,,,,,,,,,,,,,,,,,,,,,,,,,,,,,,,,,,,
SAN MARTÍN,ARG0000064,,,,,,,,,,,,,,,,,,,,,,,,,,,,,,,,,,,,,,,,,,,,
SAN MARTIN 1,ARG0000494,-24.5319053,-59.9020512,,,,,,,,,,,,,,,,,,,,,,,,,,,,,,,,,,,,,,,,,,
SAN MARTIN DE LOS ANDES,ARG0000250,-40.151149,-71.334017,,,,,,,,,,,,,,,,,,,,,,,,,,,,,,,,,,,,,,,,,,
SAN MIGUEL,ARG0000134,-27.996278,-57.591061,,,,,,,,,,,,,,,,,,,,,,,,,,,,,,,,,,,,,,,,,,
SAN NICOLAS,ARG0000002,-33.356181,-60.172865,1965.4,http://globalenergyobservatory.org/geoid/42220,75,1953,75,1953,75,1953,75,1953,350,1976,,,,,,,,,,,,,,,,,,,,,,,,,,,,,,
SAN PEDRO,ARG0000227,-26.62534,-54.11021,,,,,,,,,,,,,,,,,,,,,,,,,,,,,,,,,,,,,,,,,,
SAN ROQUE,ARG0000107,-31.3533071,-64.3938303,1944,http://globalenergyobservatory.org/geoid/45978,6.5,1944,6.5,1944,6.5,1944,6.5,1944,,,,,,,,,,,,,,,,,,,,,,,,,,,,,,,,
SAN SALVADOR,ARG0000146,,,,,,,,,,,,,,,,,,,,,,,,,,,,,,,,,,,,,,,,,,,,
SANTA ANA,ARG0000495,-23.354583,-64.989389,,,,,,,,,,,,,,,,,,,,,,,,,,,,,,,,,,,,,,,,,,
SANTA ISABEL,ARG0000181,-36.23138889,-66.93805556,,,,,,,,,,,,,,,,,,,,,,,,,,,,,,,,,,,,,,,,,,
SANTA ROSA DE LOS PASTOS GRANDES,ARG0000496,-24.450077,-66.699815,,,,,,,,,,,,,,,,,,,,,,,,,,,,,,,,,,,,,,,,,,
SANTA VICTORIA ESTE,ARG0000497,-22.27,-62.7125,,,,,,,,,,,,,,,,,,,,,,,,,,,,,,,,,,,,,,,,,,
SANTO DOMINGO,ARG0000498,-22.542876,-66.222969,,,,,,,,,,,,,,,,,,,,,,,,,,,,,,,,,,,,,,,,,,
SANTO TOMAS,ARG0000251,-39.871875,-70.10295,,,,,,,,,,,,,,,,,,,,,,,,,,,,,,,,,,,,,,,,,,
SANTO TOME,ARG0000135,-28.5497,-56.072229,,,,,,,,,,,,,,,,,,,,,,,,,,,,,,,,,,,,,,,,,,
SANTOS LUGARES,ARG0000499,-26.68374,-63.54889,,,,,,,,,,,,,,,,,,,,,,,,,,,,,,,,,,,,,,,,,,
SARMIENTO,ARG0000335,,,,,,,,,,,,,,,,,,,,,,,,,,,,,,,,,,,,,,,,,,,,
SEPAUCAL,ARG0000500,-42.271944,-67.404167,,,,,,,,,,,,,,,,,,,,,,,,,,,,,,,,,,,,,,,,,,
SEY,ARG0000501,-23.946439,-66.488261,,,,,,,,,,,,,,,,,,,,,,,,,,,,,,,,,,,,,,,,,,
SORRENTO,ARG0000313,-32.905315,-60.680651,1962.2,http://globalenergyobservatory.org/geoid/42258,33,1936,33,1936,160,1973,,,,,,,,,,,,,,,,,,,,,,,,,,,,,,,,,,
SUDOESTE,ARG0000108,-31.463023,-64.238814,1981,http://www.industryabout.com/country-territories-3/1230-argentina/fossil-fuels-energy/17351-sudoeste-gas-power-plant,35,,35,,35,,35,,,,,,,,,,,,,,,,,,,,,,,,,,,,,,,,,
SUMAYEN,ARG0000502,-24.608269,-61.409681,,,,,,,,,,,,,,,,,,,,,,,,,,,,,,,,,,,,,,,,,,
SUSQUES,ARG0000503,-23.399408,-66.367109,,,,,,,,,,,,,,,,,,,,,,,,,,,,,,,,,,,,,,,,,,
TAFI DEL VALLE,ARG0000504,-26.856545,-65.721376,,,,,,,,,,,,,,,,,,,,,,,,,,,,,,,,,,,,,,,,,,
TANDIL - CRETAL,ARG0000019,-37.4028152,-59.0230125,,,,,,,,,,,,,,,,,,,,,,,,,,,,,,,,,,,,,,,,,,
TARTAGAL,ARG0000283,-22.5098645,-63.7970473,,,,,,,,,,,,,,,,,,,,,,,,,,,,,,,,,,,,,,,,,,
TECKA,ARG0000505,-43.4935821,-70.8135608,,,,,,,,,,,,,,,,,,,,,,,,,,,,,,,,,,,,,,,,,,
TELSEN,ARG0000506,-42.4387512,-66.941428,,,,,,,,,,,,,,,,,,,,,,,,,,,,,,,,,,,,,,,,,,
TENARIS SIDERCA CETE II,ARG0000034,-33.365495,-60.143523,1998,http://globalenergyobservatory.org/geoid/42281,163,1998,,,,,,,,,,,,,,,,,,,,,,,,,,,,,,,,,,,,,,
TERMOELECTRICA,ARG0000507,-54.794366,-68.261348,,,,,,,,,,,,,,,,,,,,,,,,,,,,,,,,,,,,,,,,,,
TERMOELECTRICA TURBO,ARG0000508,-54.794366,-68.261348,,,,,,,,,,,,,,,,,,,,,,,,,,,,,,,,,,,,,,,,,,
TILCARA,ARG0000168,,,,,,,,,,,,,,,,,,,,,,,,,,,,,,,,,,,,,,,,,,,,
TIMON CRUZ,ARG0000509,-22.191583,-66.158325,,,,,,,,,,,,,,,,,,,,,,,,,,,,,,,,,,,,,,,,,,
TINTINA,ARG0000327,-27.02954,-62.70956,,,,,,,,,,,,,,,,,,,,,,,,,,,,,,,,,,,,,,,,,,
TOLAR GRANDE,ARG0000510,-24.59,-67.399722,,,,,,,,,,,,,,,,,,,,,,,,,,,,,,,,,,,,,,,,,,
TOLHUIN,ARG0000511,-54.512819,-67.188671,,,,,,,,,,,,,,,,,,,,,,,,,,,,,,,,,,,,,,,,,,
TOSTADO,ARG0000312,-29.235159,-61.757651,,,,,,,,,,,,,,,,,,,,,,,,,,,,,,,,,,,,,,,,,,
TRES LAGOS,ARG0000512,-49.600097,-71.445278,,,,,,,,,,,,,,,,,,,,,,,,,,,,,,,,,,,,,,,,,,
TRICAO MALAL,ARG0000252,-37.043534,-70.322558,,,,,,,,,,,,,,,,,,,,,,,,,,,,,,,,,,,,,,,,,,
ULLUM,ARG0000290,-31.455734,-68.755587,,http://globalenergyobservatory.org/geoid/42262,31.1,,31.1,,,,,,,,,,,,,,,,,,,,,,,,,,,,,,,,,,,,,
URUGUA-I,ARG0000228,-25.87663,-54.56871,1991,https://es.wikipedia.org/wiki/Represa_de_Urugua-%C3%AD,,,,,,,,,,,,,,,,,,,,,,,,,,,,,,,,,,,,,,,,
USPALLATA,ARG0000513,-32.61916667,-69.36805556,,,,,,,,,,,,,,,,,,,,,,,,,,,,,,,,,,,,,,,,,,
VACA PERDIDA,ARG0000514,-23.49486469,-61.6499983,,,,,,,,,,,,,,,,,,,,,,,,,,,,,,,,,,,,,,,,,,
VARVARCO,ARG0000253,-36.846494,-70.677155,,,,,,,,,,,,,,,,,,,,,,,,,,,,,,,,,,,,,,,,,,
VENADO TUERTO,ARG0000309,-33.777688,-61.955458,,,,,,,,,,,,,,,,,,,,,,,,,,,,,,,,,,,,,,,,,,
VILLA GESELL,ARG0000009,-37.248694,-56.997274,,"http://globalenergyobservatory.org/geoid/42253, http://www.industryabout.com/country-territories-3/1230-argentina/fossil-fuels-energy/17356-villa-gesell-gas-power-plant",17,,17,,17,2006,,,,,,,,,,,,,,,,,,,,,,,,,,,,,,,,,,
VILLA LA ANGOSTURA,ARG0000515,-40.757094,-71.638059,,,,,,,,,,,,,,,,,,,,,,,,,,,,,,,,,,,,,,,,,,
VILLA MARIA (LAS PLAYAS),ARG0000109,-39.08722222,-67.08805556,1971,http://globalenergyobservatory.org/geoid/42271,16,1971,16,1971,16,1971,,,,,,,,,,,,,,,,,,,,,,,,,,,,,,,,,,
VILLA TRAFUL,ARG0000516,-40.654989,-71.397585,,,,,,,,,,,,,,,,,,,,,,,,,,,,,,,,,,,,,,,,,,
VILLA UNION,ARG0000187,,,,,,,,,,,,,,,,,,,,,,,,,,,,,,,,,,,,,,,,,,,,
VUELTA DE OBLIGADO,ARG0000308,-32.580655,-60.790337,,,,,,,,,,,,,,,,,,,,,,,,,,,,,,,,,,,,,,,,,,
YACYRETA,ARG0000136,-27.482709,-56.739664,1995.6,http://globalenergyobservatory.org/geoid/42225,155,1994,155,1994,155,1994,155,1995,155,1995,155,1995,155,1995,155,1995,155,1995,155,1995,155,1995,155,1996,155,1996,155,1996,155,1996,155,1996,155,1997,155,1997,155,1997,155,1998
YALA LAUBAT,ARG0000517,-42.7671354,-68.8754218,,,,,,,,,,,,,,,,,,,,,,,,,,,,,,,,,,,,,,,,,,
