name,commissioning_year,source,unit01_MW,unit01_year,unit02_MW,unit02_year,unit03_MW,unit03_year,unit04_MW,unit04_year,unit05_MW,unit05_year,unit06_MW,unit06_year,unit07_MW,unit07_year,unit08_MW,unit08_year,unit09_MW,unit09_year,unit10_MW,unit10_year,unit11_MW,unit11_year,unit12_MW,unit12_year,unit13_MW,unit13_year,unit14_MW,unit14_year,unit15_MW,unit15_year,unit16_MW,unit16_year,unit17_MW,unit17_year,unit18_MW,unit18_year,unit19_MW,unit19_year,unit20_MW,unit20_year
ABDON CASTRO TOLAY,,,,,,,,,,,,,,,,,,,,,,,,,,,,,,,,,,,,,,,,,,
AGUA DEL CAJON (AUTOGENERADOR DEL MEM),1997.4,"http://globalenergyobservatory.org/geoid/42231, http://www.industryabout.com/country-territories-3/1230-argentina/fossil-fuels-energy/17306-agua-del-cajon-gas-power-plant",48,1994,130,1995,185,2000,,,,,,,,,,,,,,,,,,,,,,,,,,,,,,,,,,
AGUA DEL CAJON (GENERADOR DEL MEM),1993.5,"http://globalenergyobservatory.org/geoid/42231, http://www.industryabout.com/country-territories-3/1230-argentina/fossil-fuels-energy/17306-agua-del-cajon-gas-power-plant",48,1993,48,1993,48,1994,48,1994,,,,,,,,,,,,,,,,,,,,,,,,,,,,,,,,
AGUA DEL TORO,1982,http://globalenergyobservatory.org/geoid/42310,65,1982,65,1982,,,,,,,,,,,,,,,,,,,,,,,,,,,,,,,,,,,,
AGUA ESCONDIDA,,,,,,,,,,,,,,,,,,,,,,,,,,,,,,,,,,,,,,,,,,
ALDEA APELEG,,,,,,,,,,,,,,,,,,,,,,,,,,,,,,,,,,,,,,,,,,
ALDEA BELEIRO,,,,,,,,,,,,,,,,,,,,,,,,,,,,,,,,,,,,,,,,,,
ALDEA EPULEF,,,,,,,,,,,,,,,,,,,,,,,,,,,,,,,,,,,,,,,,,,
ALGARROBO DEL AGUILA,,,,,,,,,,,,,,,,,,,,,,,,,,,,,,,,,,,,,,,,,,
ALICURA,1987,http://globalenergyobservatory.org/geoid/42214,250,1987,250,1987,250,1987,250,1987,,,,,,,,,,,,,,,,,,,,,,,,,,,,,,,,
ALMIRANTE BROWN,,,,,,,,,,,,,,,,,,,,,,,,,,,,,,,,,,,,,,,,,,
ALTO DE LA SIERRA,,,,,,,,,,,,,,,,,,,,,,,,,,,,,,,,,,,,,,,,,,
ALTO RIO SENGUERR,,,,,,,,,,,,,,,,,,,,,,,,,,,,,,,,,,,,,,,,,,
ALTO VALLE,1969,http://www.industryabout.com/country-territories-3/1230-argentina/fossil-fuels-energy/17307-alto-valle-gas-power-plant,40,,40,,,,,,,,,,,,,,,,,,,,,,,,,,,,,,,,,,,,,
ALUMINE,,,,,,,,,,,,,,,,,,,,,,,,,,,,,,,,,,,,,,,,,,
ALVAREZ CONDARCO,2003,http://globalenergyobservatory.org/geoid/42263,26,2003,26,2003,,,,,,,,,,,,,,,,,,,,,,,,,,,,,,,,,,,,
AMAICHA DEL VALLE,,,,,,,,,,,,,,,,,,,,,,,,,,,,,,,,,,,,,,,,,,
AMBLAYO,,,,,,,,,,,,,,,,,,,,,,,,,,,,,,,,,,,,,,,,,,
ANDACOLLO,,,,,,,,,,,,,,,,,,,,,,,,,,,,,,,,,,,,,,,,,,
ANTOFAGASTA DE LA SIERRA,,,,,,,,,,,,,,,,,,,,,,,,,,,,,,,,,,,,,,,,,,
ARBOL SOLO,,,,,,,,,,,,,,,,,,,,,,,,,,,,,,,,,,,,,,,,,,
ARGENTINA,,,,,,,,,,,,,,,,,,,,,,,,,,,,,,,,,,,,,,,,,,
ARROYITO,1977,http://globalenergyobservatory.org/geoid/42218,40,1977,40,1977,40,1977,,,,,,,,,,,,,,,,,,,,,,,,,,,,,,,,,,
ARROYO VERDE,,,,,,,,,,,,,,,,,,,,,,,,,,,,,,,,,,,,,,,,,,
ATUCHA I,1974,http://globalenergyobservatory.org/geoid/2194,319,1974,,,,,,,,,,,,,,,,,,,,,,,,,,,,,,,,,,,,,,
ATUCHA II,2014,http://globalenergyobservatory.org/geoid/2194,692,2014,,,,,,,,,,,,,,,,,,,,,,,,,,,,,,,,,,,,,,
BAJO  CARACOLES,,,,,,,,,,,,,,,,,,,,,,,,,,,,,,,,,,,,,,,,,,
BANDERA,,,,,,,,,,,,,,,,,,,,,,,,,,,,,,,,,,,,,,,,,,
BARDAS BLANCAS,,,,,,,,,,,,,,,,,,,,,,,,,,,,,,,,,,,,,,,,,,
BARILOCHE (PUERTO  MORENO),,,,,,,,,,,,,,,,,,,,,,,,,,,,,,,,,,,,,,,,,,
BENJAMIN REOLIN,1966,http://globalenergyobservatory.org/geoid/42294,13,1966,13,1966,13,1966,,,,,,,,,,,,,,,,,,,,,,,,,,,,,,,,,,
BERNARDO  DE IRIGOYEN,,,,,,,,,,,,,,,,,,,,,,,,,,,,,,,,,,,,,,,,,,
BERON DE ASTRADA,,,,,,,,,,,,,,,,,,,,,,,,,,,,,,,,,,,,,,,,,,
BLANCUNTRE,,,,,,,,,,,,,,,,,,,,,,,,,,,,,,,,,,,,,,,,,,
BUEN PASTO,,,,,,,,,,,,,,,,,,,,,,,,,,,,,,,,,,,,,,,,,,
BUTA RANQUIL,,,,,,,,,,,,,,,,,,,,,,,,,,,,,,,,,,,,,,,,,,
C. PELLEGRINI,,,,,,,,,,,,,,,,,,,,,,,,,,,,,,,,,,,,,,,,,,
C.T. RUFINO,,,,,,,,,,,,,,,,,,,,,,,,,,,,,,,,,,,,,,,,,,
C.T. SAN VICENTE,,,,,,,,,,,,,,,,,,,,,,,,,,,,,,,,,,,,,,,,,,
CAA CATI,,,,,,,,,,,,,,,,,,,,,,,,,,,,,,,,,,,,,,,,,,
CABRA CORRAL,1978,http://globalenergyobservatory.org/geoid/42226,34,1978,34,1978,34,1978,,,,,,,,,,,,,,,,,,,,,,,,,,,,,,,,,,
CABRERIA,,,,,,,,,,,,,,,,,,,,,,,,,,,,,,,,,,,,,,,,,,
CACHEUTA (NUEVA),2002,http://globalenergyobservatory.org/geoid/42263,30,2002,30,2002,30,2002,30,2002,,,,,,,,,,,,,,,,,,,,,,,,,,,,,,,,
CACHI,,,,,,,,,,,,,,,,,,,,,,,,,,,,,,,,,,,,,,,,,,
CAFAYATE,,,,,,,,,,,,,,,,,,,,,,,,,,,,,,,,,,,,,,,,,,
CAMARONES,,,,,,,,,,,,,,,,,,,,,,,,,,,,,,,,,,,,,,,,,,
CAPITAL CATAMARCA - PREDIO CHOYA,,,,,,,,,,,,,,,,,,,,,,,,,,,,,,,,,,,,,,,,,,
CAPITAL CATAMARCA - PREDIO EX CARCEL,,,,,,,,,,,,,,,,,,,,,,,,,,,,,,,,,,,,,,,,,,
CAPITAL CATAMARCA - PREDIO RIPIERA,,,,,,,,,,,,,,,,,,,,,,,,,,,,,,,,,,,,,,,,,,
CAPITAN PAGE,,,,,,,,,,,,,,,,,,,,,,,,,,,,,,,,,,,,,,,,,,
CASA COLORADA,,,,,,,,,,,,,,,,,,,,,,,,,,,,,,,,,,,,,,,,,,
CASA DE PIEDRA,1996,https://es.wikipedia.org/wiki/Embalse_de_Casa_de_Piedra,30,1996,30,1996,,,,,,,,,,,,,,,,,,,,,,,,,,,,,,,,,,,,
CASPALA,,,,,,,,,,,,,,,,,,,,,,,,,,,,,,,,,,,,,,,,,,
CASSAFFOUSTH,1953,http://globalenergyobservatory.org/geoid/42295,5.76,1953,5.76,1953,5.76,1953,,,,,,,,,,,,,,,,,,,,,,,,,,,,,,,,,,
CATUA,,,,,,,,,,,,,,,,,,,,,,,,,,,,,,,,,,,,,,,,,,
CENTRAL BAHIA BLANCA (PIEDRA BUENA) SA,1990,http://globalenergyobservatory.org/geoid/42233,320,1989,320,1991,,,,,,,,,,,,,,,,,,,,,,,,,,,,,,,,,,,,
CENTRAL LOMA DE LA LATA SA,1999.5,http://globalenergyobservatory.org/geoid/42232,123,1994,123,1994,123,1994,178,2011,,,,,,,,,,,,,,,,,,,,,,,,,,,,,,,,
CENTRAL PARQUE INDUSTRIAL LA BANDA,,,,,,,,,,,,,,,,,,,,,,,,,,,,,,,,,,,,,,,,,,
CENTRAL T.GENELBA,1997.7,http://globalenergyobservatory.org/geoid/42257,218.7,1997,218.7,1997,236.2,1999,,,,,,,,,,,,,,,,,,,,,,,,,,,,,,,,,,
CENTRAL T.GENELBA PLUS,,,,,,,,,,,,,,,,,,,,,,,,,,,,,,,,,,,,,,,,,,
CENTRAL TERMICA BRIGADIER LOPEZ (ENARSA),2013,http://globalenergyobservatory.org/geoid/45390,280,2012,140,2015,,,,,,,,,,,,,,,,,,,,,,,,,,,,,,,,,,,,
CENTRAL TERMICA DE CICLO COMBINADO SALTA,1999.4,http://globalenergyobservatory.org/geoid/42264,207,1999,207,1999,229,2000,,,,,,,,,,,,,,,,,,,,,,,,,,,,,,,,,,
CENTRAL TERMICA G EMES SA,1993.3,http://globalenergyobservatory.org/geoid/42234,63,1983,63,1983,135,1992,100,2008,,,,,,,,,,,,,,,,,,,,,,,,,,,,,,,,
CENTRAL TERMICA LA BANDA,,http://www.industryabout.com/country-territories-3/1230-argentina/fossil-fuels-energy/17321-la-banda-gas-power-plant,16,,16,,,,,,,,,,,,,,,,,,,,,,,,,,,,,,,,,,,,,
CENTRAL TERMICA LAS LOMITAS (ENARSA),,,,,,,,,,,,,,,,,,,,,,,,,,,,,,,,,,,,,,,,,,
CENTRAL TERMICA MIRAFLORES,,,,,,,,,,,,,,,,,,,,,,,,,,,,,,,,,,,,,,,,,,
CENTRAL TERMICA PIEDRA NEGRA,,,,,,,,,,,,,,,,,,,,,,,,,,,,,,,,,,,,,,,,,,
CENTRAL TERMICA PIQUIRENDA SA,2010,http://www.industryabout.com/country-territories-3/1230-argentina/fossil-fuels-energy/17338-piquirenda-gas-power-plant,10,,10,,10,,,,,,,,,,,,,,,,,,,,,,,,,,,,,,,,,,,
CENTRAL TERMICA REMEDIOS DE ESCALADA,,,,,,,,,,,,,,,,,,,,,,,,,,,,,,,,,,,,,,,,,,
CENTRAL TERMOELECTRICA GUILLERMO BROWN,,,,,,,,,,,,,,,,,,,,,,,,,,,,,,,,,,,,,,,,,,
CENTRAL TERMOELECTRICA MANUEL BELGRANO,2008.7,http://globalenergyobservatory.org/geoid/42230,270,2008,270,2008,300,2010,,,,,,,,,,,,,,,,,,,,,,,,,,,,,,,,,,
CENTRAL TERMOELECTRICA TIMBUES,2008.7,http://globalenergyobservatory.org/geoid/42275,275,2008,275,2008,275,2010,,,,,,,,,,,,,,,,,,,,,,,,,,,,,,,,,,
CERRO CONDOR,,,,,,,,,,,,,,,,,,,,,,,,,,,,,,,,,,,,,,,,,,
CERRO POLICIA,,,,,,,,,,,,,,,,,,,,,,,,,,,,,,,,,,,,,,,,,,
CERRO WAYLE,,,,,,,,,,,,,,,,,,,,,,,,,,,,,,,,,,,,,,,,,,
CH LOS CARACOLES,2009,http://globalenergyobservatory.org/geoid/42260,62.6,2009,62.6,2009,,,,,,,,,,,,,,,,,,,,,,,,,,,,,,,,,,,,
CHACAY OESTE,,,,,,,,,,,,,,,,,,,,,,,,,,,,,,,,,,,,,,,,,,
CHACHARRAMENDI,,,,,,,,,,,,,,,,,,,,,,,,,,,,,,,,,,,,,,,,,,
CHAPALCO,,,,,,,,,,,,,,,,,,,,,,,,,,,,,,,,,,,,,,,,,,
CHILECITO,,,,,,,,,,,,,,,,,,,,,,,,,,,,,,,,,,,,,,,,,,
CHIMBERA 1,,,,,,,,,,,,,,,,,,,,,,,,,,,,,,,,,,,,,,,,,,
CHOLILA,,,,,,,,,,,,,,,,,,,,,,,,,,,,,,,,,,,,,,,,,,
CHORRIACA,,,,,,,,,,,,,,,,,,,,,,,,,,,,,,,,,,,,,,,,,,
CHOS MALAL,,,,,,,,,,,,,,,,,,,,,,,,,,,,,,,,,,,,,,,,,,
CIENEGA,,,,,,,,,,,,,,,,,,,,,,,,,,,,,,,,,,,,,,,,,,
CIPOLLETTI,1954,https://es.wikipedia.org/wiki/Central_hidroel%C3%A9ctrica_Cipolletti,5.4,1954,,,,,,,,,,,,,,,,,,,,,,,,,,,,,,,,,,,,,,
CLAROMECO,,,,,,,,,,,,,,,,,,,,,,,,,,,,,,,,,,,,,,,,,,
COBRES,,,,,,,,,,,,,,,,,,,,,,,,,,,,,,,,,,,,,,,,,,
COLAN CONHUE,,,,,,,,,,,,,,,,,,,,,,,,,,,,,,,,,,,,,,,,,,
COLONIA CUSHAMEN,,,,,,,,,,,,,,,,,,,,,,,,,,,,,,,,,,,,,,,,,,
COLONIA LA PASTORIL,,,,,,,,,,,,,,,,,,,,,,,,,,,,,,,,,,,,,,,,,,
COMANDANCIA FRIAS,,,,,,,,,,,,,,,,,,,,,,,,,,,,,,,,,,,,,,,,,,
COMANDANTE ANDRESITO,,,,,,,,,,,,,,,,,,,,,,,,,,,,,,,,,,,,,,,,,,
COMODORO RIVADAVIA,1990,http://globalenergyobservatory.org/geoid/42276,17,1990,17,1990,22,1990,22,1990,28,1990,28,1990,,,,,,,,,,,,,,,,,,,,,,,,,,,,
COMODORO RIVADAVIA - ANTONIO MORAN,,,,,,,,,,,,,,,,,,,,,,,,,,,,,,,,,,,,,,,,,,
COMODORO RIVADAVIA - PECORSA - CERRO ARENALES,,,,,,,,,,,,,,,,,,,,,,,,,,,,,,,,,,,,,,,,,,
COOPERATIVA VILLA GESELL,,,,,,,,,,,,,,,,,,,,,,,,,,,,,,,,,,,,,,,,,,
CORANZULI,,,,,,,,,,,,,,,,,,,,,,,,,,,,,,,,,,,,,,,,,,
CORRIENTES,,,,,,,,,,,,,,,,,,,,,,,,,,,,,,,,,,,,,,,,,,
COSTA DE GUALJAINA,,,,,,,,,,,,,,,,,,,,,,,,,,,,,,,,,,,,,,,,,,
COSTA DEL CHUBUT,,,,,,,,,,,,,,,,,,,,,,,,,,,,,,,,,,,,,,,,,,
COSTANERA,1983.9,"http://globalenergyobservatory.org/geoid/42242, http://globalenergyobservatory.org/geoid/42243, http://globalenergyobservatory.org/geoid/42244",123,1963,116,1963,112,1964,120,1964,350,1976,310,1984,264.4,1998,264.4,1998,322.2,1998,103.1,1964,218.5,1995,,,,,,,,,,,,,,,,,,
COYAGUAYMA,,,,,,,,,,,,,,,,,,,,,,,,,,,,,,,,,,,,,,,,,,
CRUZ DE PIEDRA,1969,http://globalenergyobservatory.org/geoid/42320,17.94,1969,,,,,,,,,,,,,,,,,,,,,,,,,,,,,,,,,,,,,,
CRUZ DEL EJE,1943,https://es.wikipedia.org/wiki/Embalse_de_Cruz_del_Eje,0.85,,0.85,,,,,,,,,,,,,,,,,,,,,,,,,,,,,,,,,,,,,
CT 13 DE JULIO,,,,,,,,,,,,,,,,,,,,,,,,,,,,,,,,,,,,,,,,,,
CT ALEM,,,,,,,,,,,,,,,,,,,,,,,,,,,,,,,,,,,,,,,,,,
CT ALUMINE,,,,,,,,,,,,,,,,,,,,,,,,,,,,,,,,,,,,,,,,,,
CT ARISTOBULO DEL VALLE,,,,,,,,,,,,,,,,,,,,,,,,,,,,,,,,,,,,,,,,,,
CT ARRECIFES,,,,,,,,,,,,,,,,,,,,,,,,,,,,,,,,,,,,,,,,,,
CT BARILOCHE,,,,,,,,,,,,,,,,,,,,,,,,,,,,,,,,,,,,,,,,,,
CT BELL VILLE,,,,,,,,,,,,,,,,,,,,,,,,,,,,,,,,,,,,,,,,,,
CT BRAGADO,,,,,,,,,,,,,,,,,,,,,,,,,,,,,,,,,,,,,,,,,,
CT CAPITAN SARMIENTO,,,,,,,,,,,,,,,,,,,,,,,,,,,,,,,,,,,,,,,,,,
CT CATAMARCA,,,,,,,,,,,,,,,,,,,,,,,,,,,,,,,,,,,,,,,,,,
CT CAVIAHUE,,,,,,,,,,,,,,,,,,,,,,,,,,,,,,,,,,,,,,,,,,
CT CERES,,,,,,,,,,,,,,,,,,,,,,,,,,,,,,,,,,,,,,,,,,
CT CHARATA,,,,,,,,,,,,,,,,,,,,,,,,,,,,,,,,,,,,,,,,,,
CT CHILECITO,,,,,,,,,,,,,,,,,,,,,,,,,,,,,,,,,,,,,,,,,,
CT CIPOLLETTI,,,,,,,,,,,,,,,,,,,,,,,,,,,,,,,,,,,,,,,,,,
CT COLON BUENOS AIRES,,,,,,,,,,,,,,,,,,,,,,,,,,,,,,,,,,,,,,,,,,
CT CONCEPCION DEL URUGUAY,,,,,,,,,,,,,,,,,,,,,,,,,,,,,,,,,,,,,,,,,,
CT CORRIENTES,,,,,,,,,,,,,,,,,,,,,,,,,,,,,,,,,,,,,,,,,,
CT ECOENERGIA (PETROBRAS),,,,,,,,,,,,,,,,,,,,,,,,,,,,,,,,,,,,,,,,,,
CT ENSENADA DE BARRAGAN,,,,,,,,,,,,,,,,,,,,,,,,,,,,,,,,,,,,,,,,,,
CT ESQUINA,,,,,,,,,,,,,,,,,,,,,,,,,,,,,,,,,,,,,,,,,,
CT FORMOSA II,,,,,,,,,,,,,,,,,,,,,,,,,,,,,,,,,,,,,,,,,,
CT GENERAL VILLEGAS,,,,,,,,,,,,,,,,,,,,,,,,,,,,,,,,,,,,,,,,,,
CT GOYA,,,,,,,,,,,,,,,,,,,,,,,,,,,,,,,,,,,,,,,,,,
CT INDEPENDENCIA,1995,http://www.industryabout.com/country-territories-3/1230-argentina/fossil-fuels-energy/17320-independencia-nueva-gas-power-plant,,,,,,,,,,,,,,,,,,,,,,,,,,,,,,,,,,,,,,,,
CT INGENIERO JUAREZ,,,,,,,,,,,,,,,,,,,,,,,,,,,,,,,,,,,,,,,,,,
CT INTA CATAMARCA,,,,,,,,,,,,,,,,,,,,,,,,,,,,,,,,,,,,,,,,,,
CT ISLA VERDE,,,,,,,,,,,,,,,,,,,,,,,,,,,,,,,,,,,,,,,,,,
CT JUAN JOSE CASTELLI,,,,,,,,,,,,,,,,,,,,,,,,,,,,,,,,,,,,,,,,,,
CT JUNIN,,,,,,,,,,,,,,,,,,,,,,,,,,,,,,,,,,,,,,,,,,
CT LA PLATA,,,,,,,,,,,,,,,,,,,,,,,,,,,,,,,,,,,,,,,,,,
CT LA RIOJA DELIVERY,,,,,,,,,,,,,,,,,,,,,,,,,,,,,,,,,,,,,,,,,,
CT LA RIOJA SUR,,,,,,,,,,,,,,,,,,,,,,,,,,,,,,,,,,,,,,,,,,
CT LAGUNA BLANCA,,,,,,,,,,,,,,,,,,,,,,,,,,,,,,,,,,,,,,,,,,
CT LAS ARMAS,,,,,,,,,,,,,,,,,,,,,,,,,,,,,,,,,,,,,,,,,,
CT LAS ARMAS II,,,,,,,,,,,,,,,,,,,,,,,,,,,,,,,,,,,,,,,,,,
CT LAS PALMAS,,,,,,,,,,,,,,,,,,,,,,,,,,,,,,,,,,,,,,,,,,
CT LIBERTADOR GENERAL SAN MARTIN,,,,,,,,,,,,,,,,,,,,,,,,,,,,,,,,,,,,,,,,,,
CT LINCOLN,,,,,,,,,,,,,,,,,,,,,,,,,,,,,,,,,,,,,,,,,,
CT LOBOS,,,,,,,,,,,,,,,,,,,,,,,,,,,,,,,,,,,,,,,,,,
CT MAGDALENA,,,,,,,,,,,,,,,,,,,,,,,,,,,,,,,,,,,,,,,,,,
CT MATHEU,,,,,,,,,,,,,,,,,,,,,,,,,,,,,,,,,,,,,,,,,,
CT MEDANITOS (RINCON DE LOS SAUCES),,,,,,,,,,,,,,,,,,,,,,,,,,,,,,,,,,,,,,,,,,
CT MIRAMAR I,,,,,,,,,,,,,,,,,,,,,,,,,,,,,,,,,,,,,,,,,,
CT OLAVARRIA,,,,,,,,,,,,,,,,,,,,,,,,,,,,,,,,,,,,,,,,,,
CT ORAN,,,,,,,,,,,,,,,,,,,,,,,,,,,,,,,,,,,,,,,,,,
CT PARANA,,,,,,,,,,,,,,,,,,,,,,,,,,,,,,,,,,,,,,,,,,
CT PARQUE INDUSTRIAL CATAMARCA,,,,,,,,,,,,,,,,,,,,,,,,,,,,,,,,,,,,,,,,,,
CT PASO DE LA PATRIA,,,,,,,,,,,,,,,,,,,,,,,,,,,,,,,,,,,,,,,,,,
CT PEHUAJO,,,,,,,,,,,,,,,,,,,,,,,,,,,,,,,,,,,,,,,,,,
CT PINAMAR,,,,,,,,,,,,,,,,,,,,,,,,,,,,,,,,,,,,,,,,,,
CT PIRANE,,,,,,,,,,,,,,,,,,,,,,,,,,,,,,,,,,,,,,,,,,
CT PLUSPETROL NORTE,2002.5,http://globalenergyobservatory.org/geoid/42277,116,2002,116,2003,,,,,,,,,,,,,,,,,,,,,,,,,,,,,,,,,,,,
CT RAFAELA,,,,,,,,,,,,,,,,,,,,,,,,,,,,,,,,,,,,,,,,,,
CT REALICO,,,,,,,,,,,,,,,,,,,,,,,,,,,,,,,,,,,,,,,,,,
CT RIO TURBIO,,,,,,,,,,,,,,,,,,,,,,,,,,,,,,,,,,,,,,,,,,
CT ROCA,1995,http://globalenergyobservatory.org/geoid/42280,125,1995,,,,,,,,,,,,,,,,,,,,,,,,,,,,,,,,,,,,,,
CT SALTO,,,,,,,,,,,,,,,,,,,,,,,,,,,,,,,,,,,,,,,,,,
CT SAN MARTIN NORTE III,,,,,,,,,,,,,,,,,,,,,,,,,,,,,,,,,,,,,,,,,,
CT SAN MIGUEL DE TUCUMAN,1999.5,http://globalenergyobservatory.org/geoid/42279,123,1995,123,2001,150,2002,,,,,,,,,,,,,,,,,,,,,,,,,,,,,,,,,,
CT SAN MIGUEL NORTE III,,,,,,,,,,,,,,,,,,,,,,,,,,,,,,,,,,,,,,,,,,
CT SANTA ROSA,,,,,,,,,,,,,,,,,,,,,,,,,,,,,,,,,,,,,,,,,,
CT TARTAGAL,,,,,,,,,,,,,,,,,,,,,,,,,,,,,,,,,,,,,,,,,,
CT TEREVINTOS,,,,,,,,,,,,,,,,,,,,,,,,,,,,,,,,,,,,,,,,,,
CT TINOGASTA,,,,,,,,,,,,,,,,,,,,,,,,,,,,,,,,,,,,,,,,,,
CT TUCUMAN,1998.3,http://globalenergyobservatory.org/geoid/42278,144,1998,144,1998,150,1999,,,,,,,,,,,,,,,,,,,,,,,,,,,,,,,,,,
CT VENADO TUERTO,,,,,,,,,,,,,,,,,,,,,,,,,,,,,,,,,,,,,,,,,,
CT VIALE,,,,,,,,,,,,,,,,,,,,,,,,,,,,,,,,,,,,,,,,,,
CT VILLA ANGELA,,,,,,,,,,,,,,,,,,,,,,,,,,,,,,,,,,,,,,,,,,
CT VILLA REGINA,,,,,,,,,,,,,,,,,,,,,,,,,,,,,,,,,,,,,,,,,,
CUESTA DEL VIENTO,1997,https://es.wikipedia.org/wiki/Embalse_Cuesta_del_Viento,,,,,,,,,,,,,,,,,,,,,,,,,,,,,,,,,,,,,,,,
CURUZU CUATIA,,,,,,,,,,,,,,,,,,,,,,,,,,,,,,,,,,,,,,,,,,
CUSHAMEN,,,,,,,,,,,,,,,,,,,,,,,,,,,,,,,,,,,,,,,,,,
CUTRAL CO  (COPELCO) - MEULEN,,,,,,,,,,,,,,,,,,,,,,,,,,,,,,,,,,,,,,,,,,
DARREGUEIRA,,,,,,,,,,,,,,,,,,,,,,,,,,,,,,,,,,,,,,,,,,
DEAN FUNES,1967,http://globalenergyobservatory.org/geoid/42269,17,1964,17,1964,33,1970,,,,,,,,,,,,,,,,,,,,,,,,,,,,,,,,,,
DIQUE,1969,http://globalenergyobservatory.org/geoid/42222,17,1969,17,1969,17,1969,17,1969,,,,,,,,,,,,,,,,,,,,,,,,,,,,,,,,
DOCK SUD,1999.1,http://globalenergyobservatory.org/geoid/42219,38,1990,38,1990,260,2000,260,2000,260,2000,,,,,,,,,,,,,,,,,,,,,,,,,,,,,,
EL ALAMBRADO,,,,,,,,,,,,,,,,,,,,,,,,,,,,,,,,,,,,,,,,,,
EL ANGOSTO,,,,,,,,,,,,,,,,,,,,,,,,,,,,,,,,,,,,,,,,,,
EL BOLSON,,,,,,,,,,,,,,,,,,,,,,,,,,,,,,,,,,,,,,,,,,
EL CADILLAL,1966,http://globalenergyobservatory.org/geoid/42303,7,1966,7,1966,,,,,,,,,,,,,,,,,,,,,,,,,,,,,,,,,,,,
EL CAIN,,,,,,,,,,,,,,,,,,,,,,,,,,,,,,,,,,,,,,,,,,
EL CALAFATE,,,,,,,,,,,,,,,,,,,,,,,,,,,,,,,,,,,,,,,,,,
EL CARRIZAL,1971,http://globalenergyobservatory.org/geoid/45231,17,1971,,,,,,,,,,,,,,,,,,,,,,,,,,,,,,,,,,,,,,
EL CHALTEN,,,,,,,,,,,,,,,,,,,,,,,,,,,,,,,,,,,,,,,,,,
EL CHOCON,1975.5,http://globalenergyobservatory.org/geoid/42217,200,1973,200,1974,200,1975,200,1976,200,1977,200,1978,,,,,,,,,,,,,,,,,,,,,,,,,,,,
EL CHURCAL,,,,,,,,,,,,,,,,,,,,,,,,,,,,,,,,,,,,,,,,,,
EL CORCOVADO,,,,,,,,,,,,,,,,,,,,,,,,,,,,,,,,,,,,,,,,,,
EL CORTADERAL,,,,,,,,,,,,,,,,,,,,,,,,,,,,,,,,,,,,,,,,,,
EL CUY,,,,,,,,,,,,,,,,,,,,,,,,,,,,,,,,,,,,,,,,,,
EL ESCORIAL,,,,,,,,,,,,,,,,,,,,,,,,,,,,,,,,,,,,,,,,,,
EL MAITEN,,,,,,,,,,,,,,,,,,,,,,,,,,,,,,,,,,,,,,,,,,
EL MIRASOL,,,,,,,,,,,,,,,,,,,,,,,,,,,,,,,,,,,,,,,,,,
EL MORENO,,,,,,,,,,,,,,,,,,,,,,,,,,,,,,,,,,,,,,,,,,
EL QUEMADO,,,,,,,,,,,,,,,,,,,,,,,,,,,,,,,,,,,,,,,,,,
EL SOLITARIO,,,,,,,,,,,,,,,,,,,,,,,,,,,,,,,,,,,,,,,,,,
EL TIGRE,1989,http://globalenergyobservatory.org/geoid/42312,7.2,1989,7.2,1989,,,,,,,,,,,,,,,,,,,,,,,,,,,,,,,,,,,,
EL TORO,,,,,,,,,,,,,,,,,,,,,,,,,,,,,,,,,,,,,,,,,,
EL TUNAL,1972,"http://globalenergyobservatory.org/geoid/42313, https://es.wikipedia.org/wiki/Embalse_El_Tunal",5.5,,5.5,,,,,,,,,,,,,,,,,,,,,,,,,,,,,,,,,,,,,
EL TURBIO,,,,,,,,,,,,,,,,,,,,,,,,,,,,,,,,,,,,,,,,,,
EMBALSE,1984,http://globalenergyobservatory.org/geoid/3064,600,1984,,,,,,,,,,,,,,,,,,,,,,,,,,,,,,,,,,,,,,
ESCABA,1956,http://globalenergyobservatory.org/geoid/42304,8,1956,8,1956,8,1956,,,,,,,,,,,,,,,,,,,,,,,,,,,,,,,,,,
ESCUELA CARAPACHO,,,,,,,,,,,,,,,,,,,,,,,,,,,,,,,,,,,,,,,,,,
ESQUINA,,,,,,,,,,,,,,,,,,,,,,,,,,,,,,,,,,,,,,,,,,
ESTACION TORRENT,,,,,,,,,,,,,,,,,,,,,,,,,,,,,,,,,,,,,,,,,,
EX CENTRAL BUENOS AIRES,,,,,,,,,,,,,,,,,,,,,,,,,,,,,,,,,,,,,,,,,,
FACUNDO,,,,,,,,,,,,,,,,,,,,,,,,,,,,,,,,,,,,,,,,,,
FILO MORADO,,,,,,,,,,,,,,,,,,,,,,,,,,,,,,,,,,,,,,,,,,
FITZ SIMON,1943,http://globalenergyobservatory.org/geoid/42296,3.5,1943,3.5,1943,3.5,1943,,,,,,,,,,,,,,,,,,,,,,,,,,,,,,,,,,
FLORENTINO AMEGHINO,1963,https://es.wikipedia.org/wiki/Dique_Florentino_Ameghino,,,,,,,,,,,,,,,,,,,,,,,,,,,,,,,,,,,,,,,,
FOFO CAHUEL,,,,,,,,,,,,,,,,,,,,,,,,,,,,,,,,,,,,,,,,,,
FORMOSA (ELECTROPATAGONIA SA),,,,,,,,,,,,,,,,,,,,,,,,,,,,,,,,,,,,,,,,,,
FORTIN NUEVO PILCOMAYO,,,,,,,,,,,,,,,,,,,,,,,,,,,,,,,,,,,,,,,,,,
FORTIN SOLEDAD,,,,,,,,,,,,,,,,,,,,,,,,,,,,,,,,,,,,,,,,,,
FUENTES DEL COYLE,,,,,,,,,,,,,,,,,,,,,,,,,,,,,,,,,,,,,,,,,,
FUTALEUFU,1978,http://globalenergyobservatory.org/geoid/42236,118,1978,118,1978,118,1978,118,1978,,,,,,,,,,,,,,,,,,,,,,,,,,,,,,,,
G.D.II (ENARSA),,,,,,,,,,,,,,,,,,,,,,,,,,,,,,,,,,,,,,,,,,
GAN GAN,,,,,,,,,,,,,,,,,,,,,,,,,,,,,,,,,,,,,,,,,,
GASTRE,,,,,,,,,,,,,,,,,,,,,,,,,,,,,,,,,,,,,,,,,,
GENERACION FRIAS SA,2015,http://www.albanesi.com.ar/en_generacion_frias.php,,,,,,,,,,,,,,,,,,,,,,,,,,,,,,,,,,,,,,,,
GENERAL ACHA,,,,,,,,,,,,,,,,,,,,,,,,,,,,,,,,,,,,,,,,,,
GENERAL LEVALLE,,,,,,,,,,,,,,,,,,,,,,,,,,,,,,,,,,,,,,,,,,
GENERAL SAN MARTIN,1950,https://es.wikipedia.org/wiki/Central_hidroel%C3%A9ctrica_General_San_Mart%C3%ADn,,,,,,,,,,,,,,,,,,,,,,,,,,,,,,,,,,,,,,,,
GOBERNADOR COSTA,,,,,,,,,,,,,,,,,,,,,,,,,,,,,,,,,,,,,,,,,,
GOBERNADOR DUVAL,,,,,,,,,,,,,,,,,,,,,,,,,,,,,,,,,,,,,,,,,,
GOBERNADOR GREGORES,,,,,,,,,,,,,,,,,,,,,,,,,,,,,,,,,,,,,,,,,,
GOYA,,,,,,,,,,,,,,,,,,,,,,,,,,,,,,,,,,,,,,,,,,
GOYA (ELECTROPATAGONIA SA),,,,,,,,,,,,,,,,,,,,,,,,,,,,,,,,,,,,,,,,,,
GUACHIPAS,,,,,,,,,,,,,,,,,,,,,,,,,,,,,,,,,,,,,,,,,,
GUADALCAZAR,,,,,,,,,,,,,,,,,,,,,,,,,,,,,,,,,,,,,,,,,,
GUALJAINA,,,,,,,,,,,,,,,,,,,,,,,,,,,,,,,,,,,,,,,,,,
GUILLERMO CESPEDES,1963,https://es.wikipedia.org/wiki/Central_hidroel%C3%A9ctrica_Guillermo_C%C3%A9spedes,,,,,,,,,,,,,,,,,,,,,,,,,,,,,,,,,,,,,,,,
H. PICHI PICUN LEUFU,1999,http://globalenergyobservatory.org/geoid/42216,87,1999,87,1999,87,1999,,,,,,,,,,,,,,,,,,,,,,,,,,,,,,,,,,
HUANCAR,,,,,,,,,,,,,,,,,,,,,,,,,,,,,,,,,,,,,,,,,,
INDIO RICO,,,,,,,,,,,,,,,,,,,,,,,,,,,,,,,,,,,,,,,,,,
IRUYA,,,,,,,,,,,,,,,,,,,,,,,,,,,,,,,,,,,,,,,,,,
ISLA APIPE,,,,,,,,,,,,,,,,,,,,,,,,,,,,,,,,,,,,,,,,,,
ISLA VERDE,,,,,,,,,,,,,,,,,,,,,,,,,,,,,,,,,,,,,,,,,,
ITA IBATE,,,,,,,,,,,,,,,,,,,,,,,,,,,,,,,,,,,,,,,,,,
ITUZAINGO,,,,,,,,,,,,,,,,,,,,,,,,,,,,,,,,,,,,,,,,,,
JAGUEL DEL MONTE,,,,,,,,,,,,,,,,,,,,,,,,,,,,,,,,,,,,,,,,,,
JAMA,,,,,,,,,,,,,,,,,,,,,,,,,,,,,,,,,,,,,,,,,,
JARAMILLO,,,,,,,,,,,,,,,,,,,,,,,,,,,,,,,,,,,,,,,,,,
JULIAN  ROMERO,,https://es.wikipedia.org/wiki/Central_hidroel%C3%A9ctrica_Juli%C3%A1n_Romero,,,,,,,,,,,,,,,,,,,,,,,,,,,,,,,,,,,,,,,,
KM 503 - NRB,,,,,,,,,,,,,,,,,,,,,,,,,,,,,,,,,,,,,,,,,,
LA CRUZ,,,,,,,,,,,,,,,,,,,,,,,,,,,,,,,,,,,,,,,,,,
LA ESPERANZA,,,,,,,,,,,,,,,,,,,,,,,,,,,,,,,,,,,,,,,,,,
LA HUMADA,,,,,,,,,,,,,,,,,,,,,,,,,,,,,,,,,,,,,,,,,,
LA JAULA - PAREDITAS,,,,,,,,,,,,,,,,,,,,,,,,,,,,,,,,,,,,,,,,,,
LA LIBERTAD,,,,,,,,,,,,,,,,,,,,,,,,,,,,,,,,,,,,,,,,,,
LA MOSCA,,,,,,,,,,,,,,,,,,,,,,,,,,,,,,,,,,,,,,,,,,
LA PLATA COGENERACION,1997,http://globalenergyobservatory.org/geoid/42248,127,1997,,,,,,,,,,,,,,,,,,,,,,,,,,,,,,,,,,,,,,
LA QUIACA,,,,,,,,,,,,,,,,,,,,,,,,,,,,,,,,,,,,,,,,,,
LA RINCONADA,,,,,,,,,,,,,,,,,,,,,,,,,,,,,,,,,,,,,,,,,,
LA RIOJA,,http://www.industryabout.com/country-territories-3/1230-argentina/fossil-fuels-energy/17323-la-rioja-gas-power-plant,14,,13,,13,,,,,,,,,,,,,,,,,,,,,,,,,,,,,,,,,,,
LA TABLADA,1969,http://globalenergyobservatory.org/geoid/42322,22.15,1969,,,,,,,,,,,,,,,,,,,,,,,,,,,,,,,,,,,,,,
LA UNION,,,,,,,,,,,,,,,,,,,,,,,,,,,,,,,,,,,,,,,,,,
LA VIãA,1958,http://globalenergyobservatory.org/geoid/42273,8,1958,8,1958,,,,,,,,,,,,,,,,,,,,,,,,,,,,,,,,,,,,
LAGO BLANCO,,,,,,,,,,,,,,,,,,,,,,,,,,,,,,,,,,,,,,,,,,
LAGO POSADAS,,,,,,,,,,,,,,,,,,,,,,,,,,,,,,,,,,,,,,,,,,
LAGO PUELO,,,,,,,,,,,,,,,,,,,,,,,,,,,,,,,,,,,,,,,,,,
LAGUNA SALADA,,,,,,,,,,,,,,,,,,,,,,,,,,,,,,,,,,,,,,,,,,
LAGUNILLAS DEL FARALLON,,,,,,,,,,,,,,,,,,,,,,,,,,,,,,,,,,,,,,,,,,
LAMADRID,,,,,,,,,,,,,,,,,,,,,,,,,,,,,,,,,,,,,,,,,,
LAS COLORADAS,,,,,,,,,,,,,,,,,,,,,,,,,,,,,,,,,,,,,,,,,,
LAS CUEVAS,,,,,,,,,,,,,,,,,,,,,,,,,,,,,,,,,,,,,,,,,,
LAS DELICIAS,,,,,,,,,,,,,,,,,,,,,,,,,,,,,,,,,,,,,,,,,,
LAS MADERAS,,,,,,,,,,,,,,,,,,,,,,,,,,,,,,,,,,,,,,,,,,
LAS OVEJAS,,,,,,,,,,,,,,,,,,,,,,,,,,,,,,,,,,,,,,,,,,
LAS PLUMAS,,,,,,,,,,,,,,,,,,,,,,,,,,,,,,,,,,,,,,,,,,
LIVIARA,,,,,,,,,,,,,,,,,,,,,,,,,,,,,,,,,,,,,,,,,,
LOMA BLANCA,,,,,,,,,,,,,,,,,,,,,,,,,,,,,,,,,,,,,,,,,,
LOMAS DE VALLEJOS,,,,,,,,,,,,,,,,,,,,,,,,,,,,,,,,,,,,,,,,,,
LOS ALTARES,,,,,,,,,,,,,,,,,,,,,,,,,,,,,,,,,,,,,,,,,,
LOS ANTIGUOS,,,,,,,,,,,,,,,,,,,,,,,,,,,,,,,,,,,,,,,,,,
LOS CORONELES (EX 25  DE MAYO),1970,https://es.wikipedia.org/wiki/Central_hidroel%C3%A9ctrica_Los_Coroneles,,,,,,,,,,,,,,,,,,,,,,,,,,,,,,,,,,,,,,,,
LOS MICHES,,,,,,,,,,,,,,,,,,,,,,,,,,,,,,,,,,,,,,,,,,
LOS MOLINOS I,1957,http://globalenergyobservatory.org/geoid/42274,13,1957,13,1957,13,1957,13,1957,,,,,,,,,,,,,,,,,,,,,,,,,,,,,,,,
LOS MOLINOS II,1958,http://globalenergyobservatory.org/geoid/42274,4.5,1958,,,,,,,,,,,,,,,,,,,,,,,,,,,,,,,,,,,,,,
LOS PENITENTES,,,,,,,,,,,,,,,,,,,,,,,,,,,,,,,,,,,,,,,,,,
LOS QUIROGA,1963,https://es.wikipedia.org/wiki/Dique_de_Los_Quiroga,,,,,,,,,,,,,,,,,,,,,,,,,,,,,,,,,,,,,,,,
LOS REYUNOS,1983,http://globalenergyobservatory.org/geoid/42311,112,1983,112,1983,,,,,,,,,,,,,,,,,,,,,,,,,,,,,,,,,,,,
LOTE 8,,,,,,,,,,,,,,,,,,,,,,,,,,,,,,,,,,,,,,,,,,
LUJAN DE CUYO,1988.1,http://globalenergyobservatory.org/geoid/42247,60,1971,60,1971,28.8,1979,28.8,1979,30,1979,25,1989,25,1989,191,1998,91.5,1998,,,,,,,,,,,,,,,,,,,,,,
MAR DE AJO,,"http://globalenergyobservatory.org/geoid/42256, http://www.industryabout.com/country-territories-3/1230-argentina/fossil-fuels-energy/17328-mar-de-ajo-oil-power-plant",17,,17,,,,,,,,,,,,,,,,,,,,,,,,,,,,,,,,,,,,,
MAR DEL PLATA (9 DE JULIO),,"http://globalenergyobservatory.org/geoid/42254, http://www.industryabout.com/country-territories-3/1230-argentina/fossil-fuels-energy/17305-9-de-julio-gas-power-plant",,,,,,,,,,,,,,,,,,,,,,,,,,,,,,,,,,,,,,,,
MARIA CRISTINA,,,,,,,,,,,,,,,,,,,,,,,,,,,,,,,,,,,,,,,,,,
MAYOR BURATOVICH,,,,,,,,,,,,,,,,,,,,,,,,,,,,,,,,,,,,,,,,,,
MBURUCUYA,,,,,,,,,,,,,,,,,,,,,,,,,,,,,,,,,,,,,,,,,,
MEDIALUNA,,,,,,,,,,,,,,,,,,,,,,,,,,,,,,,,,,,,,,,,,,
MERCEDES,,,,,,,,,,,,,,,,,,,,,,,,,,,,,,,,,,,,,,,,,,
MISA RUMI,,,,,,,,,,,,,,,,,,,,,,,,,,,,,,,,,,,,,,,,,,
MISION LA PAZ,,,,,,,,,,,,,,,,,,,,,,,,,,,,,,,,,,,,,,,,,,
MODESTO MARANZANA,2003.2,http://globalenergyobservatory.org/geoid/42265,24.2,1995,11.2,1995,24.2,1995,11.2,1995,60,2008,60,2008,,,,,,,,,,,,,,,,,,,,,,,,,,,,
MONTE QUEMADO,,,,,,,,,,,,,,,,,,,,,,,,,,,,,,,,,,,,,,,,,,
MOQUEHUE,,,,,,,,,,,,,,,,,,,,,,,,,,,,,,,,,,,,,,,,,,
NAZARENO,,,,,,,,,,,,,,,,,,,,,,,,,,,,,,,,,,,,,,,,,,
NECOCHEA,1968.6,http://globalenergyobservatory.org/geoid/42255,31,1963,31,1963,73,1971,73,1971,,,,,,,,,,,,,,,,,,,,,,,,,,,,,,,,
NIHUIL I,1957,http://globalenergyobservatory.org/geoid/42306,18.5,1957,18.5,1957,18.5,1957,18.5,1957,,,,,,,,,,,,,,,,,,,,,,,,,,,,,,,,
NIHUIL II,1968,http://globalenergyobservatory.org/geoid/42307,22,1968,22,1968,22,1968,22,1968,25.6,1968,25.6,1968,,,,,,,,,,,,,,,,,,,,,,,,,,,,
NIHUIL III,1972,http://globalenergyobservatory.org/geoid/42308,26,1972,26,1972,,,,,,,,,,,,,,,,,,,,,,,,,,,,,,,,,,,,
NIHUIL IV,1965,http://globalenergyobservatory.org/geoid/42309,22.4,1965,,,,,,,,,,,,,,,,,,,,,,,,,,,,,,,,,,,,,,
NUEVA ESPERANZA,,,,,,,,,,,,,,,,,,,,,,,,,,,,,,,,,,,,,,,,,,
NUEVA POMPEYA,,,,,,,,,,,,,,,,,,,,,,,,,,,,,,,,,,,,,,,,,,
NUEVO PIRQUITAS (MINA PIRQUITAS),,,,,,,,,,,,,,,,,,,,,,,,,,,,,,,,,,,,,,,,,,
NUEVO PUERTO,1988,"http://globalenergyobservatory.org/geoid/42245, http://globalenergyobservatory.org/geoid/42246",60,1952,110,1965,250,1969,252,2000,252,2000,282,2000,,,,,,,,,,,,,,,,,,,,,,,,,,,,
OLACAPATO,,,,,,,,,,,,,,,,,,,,,,,,,,,,,,,,,,,,,,,,,,
OLAROZ CHICO,,,,,,,,,,,,,,,,,,,,,,,,,,,,,,,,,,,,,,,,,,
ORAN (MITRE),,,,,,,,,,,,,,,,,,,,,,,,,,,,,,,,,,,,,,,,,,
ORENSE,,,,,,,,,,,,,,,,,,,,,,,,,,,,,,,,,,,,,,,,,,
OROSMAYO,,,,,,,,,,,,,,,,,,,,,,,,,,,,,,,,,,,,,,,,,,
PAICONE,,,,,,,,,,,,,,,,,,,,,,,,,,,,,,,,,,,,,,,,,,
PALMAR GRANDE,,,,,,,,,,,,,,,,,,,,,,,,,,,,,,,,,,,,,,,,,,
PALMAR LARGO,,,,,,,,,,,,,,,,,,,,,,,,,,,,,,,,,,,,,,,,,,
PALMARCITO,,,,,,,,,,,,,,,,,,,,,,,,,,,,,,,,,,,,,,,,,,
PAMPA DE LOS GUANACOS,,,,,,,,,,,,,,,,,,,,,,,,,,,,,,,,,,,,,,,,,,
PARANA,2001,http://globalenergyobservatory.org/geoid/42221,263,2001,263,2001,319,2001,,,,,,,,,,,,,,,,,,,,,,,,,,,,,,,,,,
PARQUE EOLICO ARAUCO SAPEM I,,,,,,,,,,,,,,,,,,,,,,,,,,,,,,,,,,,,,,,,,,
PARQUE EOLICO ARAUCO SAPEM II,,,,,,,,,,,,,,,,,,,,,,,,,,,,,,,,,,,,,,,,,,
PARQUE EOLICO DIADEMA,,,,,,,,,,,,,,,,,,,,,,,,,,,,,,,,,,,,,,,,,,
PARQUE EOLICO EL TORDILLO,,,,,,,,,,,,,,,,,,,,,,,,,,,,,,,,,,,,,,,,,,
PARQUE EOLICO LOMA BLANCA IV (ENARSA),,,,,,,,,,,,,,,,,,,,,,,,,,,,,,,,,,,,,,,,,,
PARQUE EOLICO NECOCHEA,,,,,,,,,,,,,,,,,,,,,,,,,,,,,,,,,,,,,,,,,,
PARQUE EOLICO RAWSON I (ENARSA),,,,,,,,,,,,,,,,,,,,,,,,,,,,,,,,,,,,,,,,,,
PARQUE EOLICO RAWSON II (ENARSA),,,,,,,,,,,,,,,,,,,,,,,,,,,,,,,,,,,,,,,,,,
PASO DE INDIOS,,,,,,,,,,,,,,,,,,,,,,,,,,,,,,,,,,,,,,,,,,
PASO DE LOS LIBRES,,,,,,,,,,,,,,,,,,,,,,,,,,,,,,,,,,,,,,,,,,
PASO DEL SAPO,,,,,,,,,,,,,,,,,,,,,,,,,,,,,,,,,,,,,,,,,,
PASTOS CHICOS,,,,,,,,,,,,,,,,,,,,,,,,,,,,,,,,,,,,,,,,,,
PATAGONIA,2001.1,http://globalenergyobservatory.org/geoid/42251,39,1995,39,1995,60,2009,,,,,,,,,,,,,,,,,,,,,,,,,,,,,,,,,,
PERITO MORENO,,,,,,,,,,,,,,,,,,,,,,,,,,,,,,,,,,,,,,,,,,
PERUGORRIA,,,,,,,,,,,,,,,,,,,,,,,,,,,,,,,,,,,,,,,,,,
PICO TRUNCADO - JORGE ROMANUTTI,,,,,,,,,,,,,,,,,,,,,,,,,,,,,,,,,,,,,,,,,,
PICO TRUNCADO I,,,,,,,,,,,,,,,,,,,,,,,,,,,,,,,,,,,,,,,,,,
PIEDRA DEL AGUILA (CPSA),1993.5,http://globalenergyobservatory.org/geoid/42215,350,1993,350,1993,350,1994,350,1994,,,,,,,,,,,,,,,,,,,,,,,,,,,,,,,,
PIEDRA PARADA,,,,,,,,,,,,,,,,,,,,,,,,,,,,,,,,,,,,,,,,,,
PIEDRAS MORAS,1995,http://globalenergyobservatory.org/geoid/42297,6.3,1995,,,,,,,,,,,,,,,,,,,,,,,,,,,,,,,,,,,,,,
PILAR  BICENTENARIO,2010.3,http://globalenergyobservatory.org/geoid/42238,168,2010,168,2010,160,2011,,,,,,,,,,,,,,,,,,,,,,,,,,,,,,,,,,
PILAR ZANICHELLI,1971.3,http://globalenergyobservatory.org/geoid/42239,33,1963,33,1963,75,1975,75,1975,,,,,,,,,,,,,,,,,,,,,,,,,,,,,,,,
PLANICIE BANDERITA,1979,http://globalenergyobservatory.org/geoid/42237,243,1978,243,1980,,,,,,,,,,,,,,,,,,,,,,,,,,,,,,,,,,,,
PLANTA PILOTO FOTOVOLTAICA SAN JUAN 1,,,,,,,,,,,,,,,,,,,,,,,,,,,,,,,,,,,,,,,,,,
POLVAREDAS,,,,,,,,,,,,,,,,,,,,,,,,,,,,,,,,,,,,,,,,,,
POSADAS,,,,,,,,,,,,,,,,,,,,,,,,,,,,,,,,,,,,,,,,,,
POZO CERCADO,,,,,,,,,,,,,,,,,,,,,,,,,,,,,,,,,,,,,,,,,,
POZO COLORADO,,,,,,,,,,,,,,,,,,,,,,,,,,,,,,,,,,,,,,,,,,
POZO DE MAZA,,,,,,,,,,,,,,,,,,,,,,,,,,,,,,,,,,,,,,,,,,
POZO LA CHIVA,,,,,,,,,,,,,,,,,,,,,,,,,,,,,,,,,,,,,,,,,,
POZO SARGENTO,,,,,,,,,,,,,,,,,,,,,,,,,,,,,,,,,,,,,,,,,,
POZO YACARE,,,,,,,,,,,,,,,,,,,,,,,,,,,,,,,,,,,,,,,,,,
PRESIDENTE SARMIENTO,,http://www.industryabout.com/country-territories-3/1230-argentina/fossil-fuels-energy/17349-sarmiento-gas-power-plant,33,,,,,,,,,,,,,,,,,,,,,,,,,,,,,,,,,,,,,,,
PUEBLO VIEJO,1967,http://globalenergyobservatory.org/geoid/42305,9.6,1967,9.6,1967,,,,,,,,,,,,,,,,,,,,,,,,,,,,,,,,,,,,
PUENTE DEL INCA,,,,,,,,,,,,,,,,,,,,,,,,,,,,,,,,,,,,,,,,,,
PUERTO ALMANZA,,,,,,,,,,,,,,,,,,,,,,,,,,,,,,,,,,,,,,,,,,
PUERTO IRIGOYEN,,,,,,,,,,,,,,,,,,,,,,,,,,,,,,,,,,,,,,,,,,
PUERTO MADRYN,,"http://globalenergyobservatory.org/geoid/42250, http://www.industryabout.com/country-territories-3/1230-argentina/fossil-fuels-energy/17340-puerto-madryn-aluar-gas-power-plant",22.5,,22.5,,22.5,,22.5,,40,,40,,40,1997,40,1997,40,1997,155,2007,155,2007,155,2007,,,,,,,,,,,,,,,,
PUERTO NUEVO,1965.5,http://globalenergyobservatory.org/geoid/42245,145,1961,194,1963,250,1970,,,,,,,,,,,,,,,,,,,,,,,,,,,,,,,,,,
PUERTO PIRAMIDES,,,,,,,,,,,,,,,,,,,,,,,,,,,,,,,,,,,,,,,,,,
PUERTO SAN JULIAN,,,,,,,,,,,,,,,,,,,,,,,,,,,,,,,,,,,,,,,,,,
PUERTO SANTA CRUZ,,,,,,,,,,,,,,,,,,,,,,,,,,,,,,,,,,,,,,,,,,
PUNTA ALTA - CENTENARIO,,,,,,,,,,,,,,,,,,,,,,,,,,,,,,,,,,,,,,,,,,
PUNTA ALTA - PEHUEN CO,,,,,,,,,,,,,,,,,,,,,,,,,,,,,,,,,,,,,,,,,,
PUNTA BANDERA,,,,,,,,,,,,,,,,,,,,,,,,,,,,,,,,,,,,,,,,,,
PUNTA DE VACAS,,,,,,,,,,,,,,,,,,,,,,,,,,,,,,,,,,,,,,,,,,
PUNTA DEL AGUA,,,,,,,,,,,,,,,,,,,,,,,,,,,,,,,,,,,,,,,,,,
QUEBRADA DE ULLUM,1981,http://globalenergyobservatory.org/geoid/42261,47,1981,,,,,,,,,,,,,,,,,,,,,,,,,,,,,,,,,,,,,,
QUIMILI,,,,,,,,,,,,,,,,,,,,,,,,,,,,,,,,,,,,,,,,,,
RADA TILLY,,,,,,,,,,,,,,,,,,,,,,,,,,,,,,,,,,,,,,,,,,
RIO CORRALITO ,1962,http://www.eltribuno.info/salta/nota/2012-3-10-23-24-0-la-usina-que-cambio-salta-en-los-anos-60,,,,,,,,,,,,,,,,,,,,,,,,,,,,,,,,,,,,,,,,
RIO CUARTO,1974.5,http://globalenergyobservatory.org/geoid/42272,16,1974,16,1975,,,,,,,,,,,,,,,,,,,,,,,,,,,,,,,,,,,,
RIO GALLEGOS I (RIO CHICO),,,,,,,,,,,,,,,,,,,,,,,,,,,,,,,,,,,,,,,,,,
RIO GRANDE,1986,http://globalenergyobservatory.org/geoid/42252,187.5,1986,187.5,1986,187.5,1986,187.5,1986,,,,,,,,,,,,,,,,,,,,,,,,,,,,,,,,
RIO HONDO,1976,http://globalenergyobservatory.org/geoid/42302,9.5,1976,9.5,1976,,,,,,,,,,,,,,,,,,,,,,,,,,,,,,,,,,,,
RIO MAYO,,,,,,,,,,,,,,,,,,,,,,,,,,,,,,,,,,,,,,,,,,
RIO MUERTO,,,,,,,,,,,,,,,,,,,,,,,,,,,,,,,,,,,,,,,,,,
RIO PICO,,,,,,,,,,,,,,,,,,,,,,,,,,,,,,,,,,,,,,,,,,
RIO TURBIO,,,,,,,,,,,,,,,,,,,,,,,,,,,,,,,,,,,,,,,,,,
RIVADAVIA BANDA SUR,,,,,,,,,,,,,,,,,,,,,,,,,,,,,,,,,,,,,,,,,,
SALAR DE POCITOS,,,,,,,,,,,,,,,,,,,,,,,,,,,,,,,,,,,,,,,,,,
SALTO ANDERSEN,2012,https://es.wikipedia.org/wiki/Central_hidroel%C3%A9ctrica_Salto_Andersen,,,,,,,,,,,,,,,,,,,,,,,,,,,,,,,,,,,,,,,,
SALTO GRANDE (MITAD ARGENTINA),1980.4,http://globalenergyobservatory.org/geoid/42224,135,1979,135,1979,135,1979,135,1980,135,1980,135,1980,135,1980,135,1981,135,1981,135,1981,135,1981,135,1982,135,1982,,,,,,,,,,,,,,
SAN ANTONIO,,,,,,,,,,,,,,,,,,,,,,,,,,,,,,,,,,,,,,,,,,
SAN ANTONIO DE LOS COBRES,,,,,,,,,,,,,,,,,,,,,,,,,,,,,,,,,,,,,,,,,,
SAN CAYETANO,,,,,,,,,,,,,,,,,,,,,,,,,,,,,,,,,,,,,,,,,,
SAN FRANCISCO,1978.5,http://globalenergyobservatory.org/geoid/42270,16,1975,23,1981,,,,,,,,,,,,,,,,,,,,,,,,,,,,,,,,,,,,
SAN FRANCISCO (Dpto. Santa Catalina),,,,,,,,,,,,,,,,,,,,,,,,,,,,,,,,,,,,,,,,,,
SAN JUAN Y OROS,,,,,,,,,,,,,,,,,,,,,,,,,,,,,,,,,,,,,,,,,,
SAN MARTIN 1,,,,,,,,,,,,,,,,,,,,,,,,,,,,,,,,,,,,,,,,,,
SAN MARTIN DE LOS ANDES,,,,,,,,,,,,,,,,,,,,,,,,,,,,,,,,,,,,,,,,,,
SAN MIGUEL,,,,,,,,,,,,,,,,,,,,,,,,,,,,,,,,,,,,,,,,,,
SAN NICOLAS,1965.4,http://globalenergyobservatory.org/geoid/42220,75,1953,75,1953,75,1953,75,1953,350,1976,,,,,,,,,,,,,,,,,,,,,,,,,,,,,,
SAN PEDRO,,,,,,,,,,,,,,,,,,,,,,,,,,,,,,,,,,,,,,,,,,
SAN ROQUE,1944,http://globalenergyobservatory.org/geoid/45978,6.5,1944,6.5,1944,6.5,1944,6.5,1944,,,,,,,,,,,,,,,,,,,,,,,,,,,,,,,,
SANTA ANA,,,,,,,,,,,,,,,,,,,,,,,,,,,,,,,,,,,,,,,,,,
SANTA ISABEL,,,,,,,,,,,,,,,,,,,,,,,,,,,,,,,,,,,,,,,,,,
SANTA ROSA DE LOS PASTOS GRANDES,,,,,,,,,,,,,,,,,,,,,,,,,,,,,,,,,,,,,,,,,,
SANTA VICTORIA ESTE,,,,,,,,,,,,,,,,,,,,,,,,,,,,,,,,,,,,,,,,,,
SANTO DOMINGO,,,,,,,,,,,,,,,,,,,,,,,,,,,,,,,,,,,,,,,,,,
SANTO TOMAS,,,,,,,,,,,,,,,,,,,,,,,,,,,,,,,,,,,,,,,,,,
SANTO TOME,,,,,,,,,,,,,,,,,,,,,,,,,,,,,,,,,,,,,,,,,,
SANTOS LUGARES,,,,,,,,,,,,,,,,,,,,,,,,,,,,,,,,,,,,,,,,,,
SEPAUCAL,,,,,,,,,,,,,,,,,,,,,,,,,,,,,,,,,,,,,,,,,,
SEY,,,,,,,,,,,,,,,,,,,,,,,,,,,,,,,,,,,,,,,,,,
SORRENTO,1962.2,http://globalenergyobservatory.org/geoid/42258,33,1936,33,1936,160,1973,,,,,,,,,,,,,,,,,,,,,,,,,,,,,,,,,,
SUDOESTE,1981,http://www.industryabout.com/country-territories-3/1230-argentina/fossil-fuels-energy/17351-sudoeste-gas-power-plant,35,,35,,35,,35,,,,,,,,,,,,,,,,,,,,,,,,,,,,,,,,,
SUMAYEN,,,,,,,,,,,,,,,,,,,,,,,,,,,,,,,,,,,,,,,,,,
SUSQUES,,,,,,,,,,,,,,,,,,,,,,,,,,,,,,,,,,,,,,,,,,
TAFI DEL VALLE,,,,,,,,,,,,,,,,,,,,,,,,,,,,,,,,,,,,,,,,,,
TANDIL - CRETAL,,,,,,,,,,,,,,,,,,,,,,,,,,,,,,,,,,,,,,,,,,
TARTAGAL,,,,,,,,,,,,,,,,,,,,,,,,,,,,,,,,,,,,,,,,,,
TECKA,,,,,,,,,,,,,,,,,,,,,,,,,,,,,,,,,,,,,,,,,,
TELSEN,,,,,,,,,,,,,,,,,,,,,,,,,,,,,,,,,,,,,,,,,,
TENARIS SIDERCA CETE II,1998,http://globalenergyobservatory.org/geoid/42281,163,1998,,,,,,,,,,,,,,,,,,,,,,,,,,,,,,,,,,,,,,
TERMOELECTRICA,,,,,,,,,,,,,,,,,,,,,,,,,,,,,,,,,,,,,,,,,,
TERMOELECTRICA TURBO,,,,,,,,,,,,,,,,,,,,,,,,,,,,,,,,,,,,,,,,,,
TIMON CRUZ,,,,,,,,,,,,,,,,,,,,,,,,,,,,,,,,,,,,,,,,,,
TINTINA,,,,,,,,,,,,,,,,,,,,,,,,,,,,,,,,,,,,,,,,,,
TOLAR GRANDE,,,,,,,,,,,,,,,,,,,,,,,,,,,,,,,,,,,,,,,,,,
TOLHUIN,,,,,,,,,,,,,,,,,,,,,,,,,,,,,,,,,,,,,,,,,,
TOSTADO,,,,,,,,,,,,,,,,,,,,,,,,,,,,,,,,,,,,,,,,,,
TRES LAGOS,,,,,,,,,,,,,,,,,,,,,,,,,,,,,,,,,,,,,,,,,,
TRICAO MALAL,,,,,,,,,,,,,,,,,,,,,,,,,,,,,,,,,,,,,,,,,,
ULLUM,,http://globalenergyobservatory.org/geoid/42262,31.1,,31.1,,,,,,,,,,,,,,,,,,,,,,,,,,,,,,,,,,,,,
URUGUA-I,1991,https://es.wikipedia.org/wiki/Represa_de_Urugua-%C3%AD,,,,,,,,,,,,,,,,,,,,,,,,,,,,,,,,,,,,,,,,
USPALLATA,,,,,,,,,,,,,,,,,,,,,,,,,,,,,,,,,,,,,,,,,,
VACA PERDIDA,,,,,,,,,,,,,,,,,,,,,,,,,,,,,,,,,,,,,,,,,,
VARVARCO,,,,,,,,,,,,,,,,,,,,,,,,,,,,,,,,,,,,,,,,,,
VENADO TUERTO,,,,,,,,,,,,,,,,,,,,,,,,,,,,,,,,,,,,,,,,,,
VILLA GESELL,,"http://globalenergyobservatory.org/geoid/42253, http://www.industryabout.com/country-territories-3/1230-argentina/fossil-fuels-energy/17356-villa-gesell-gas-power-plant",17,,17,,17,2006,,,,,,,,,,,,,,,,,,,,,,,,,,,,,,,,,,
VILLA LA ANGOSTURA,,,,,,,,,,,,,,,,,,,,,,,,,,,,,,,,,,,,,,,,,,
VILLA MARIA (LAS PLAYAS),1971,http://globalenergyobservatory.org/geoid/42271,16,1971,16,1971,16,1971,,,,,,,,,,,,,,,,,,,,,,,,,,,,,,,,,,
VILLA TRAFUL,,,,,,,,,,,,,,,,,,,,,,,,,,,,,,,,,,,,,,,,,,
VUELTA DE OBLIGADO,,,,,,,,,,,,,,,,,,,,,,,,,,,,,,,,,,,,,,,,,,
YACYRETA,1995.6,http://globalenergyobservatory.org/geoid/42225,155,1994,155,1994,155,1994,155,1995,155,1995,155,1995,155,1995,155,1995,155,1995,155,1995,155,1995,155,1996,155,1996,155,1996,155,1996,155,1996,155,1997,155,1997,155,1997,155,1998
YALA LAUBAT,,,,,,,,,,,,,,,,,,,,,,,,,,,,,,,,,,,,,,,,,,