PowerWatch ID,Name,Fuel,Secondary Fuel,Generator Technology,Units,Capacity (MW),Commissioning Date,Owner,Operational Status,Location,Annual Generation (GWh),Year of Data,Cooling Technology,Cooling Source,Fuel Consumption (g/kWh),CO2 Annual Reported,CO2 Specific Emissions (tCO2/MWh),Efficiency,Latitude,Longitude,Other,Source,URL,Source 2,URL 2,Peak Load (MW),Load Factor,Capacity Factor,Availability,Grid Connection (kV),Grid Balancing Area,Address,Municipality,Postal Code,Country,Natural Language
1030729,Bac Lieu Wind power,Wind,,Offshore Wind,,99,2016,Cong Ly Construction-Trade-Tourism,Operational,,,,,,,,,,2,105.64,,Vietnam Electricity Annual Report,http://www.evn.com.vn/userfile/files/2017/3/AnnualReport2016.pdf,CDM,https://cdm.unfccc.int/Projects/DB/BVQI1347365592.64/view,,,,,,,,,,,
1030730,Ca Mau 1,Gas,,CCGT,,771,,Petrovietnam,Operational,,,2008,Once Through Cooling,Song Ong Doc,,,,,9.242,105.06,,,,,,,,,,,,,,,,
1030730,Ca Mau 2,Gas,,CCGT,,771,,Petrovietnam,Operational,,,2008,Once Through Cooling,Song Ong Doc,,,,,9.242,105.06,,,,,,,,,,,,,,,,
1030731,Duyen Hai 1,Coal,,Sub-critical Thermal,,"1,244",,Vietnam Electricity (EVN),Operational,,,2016,Once Through Cooling,East Vietnam Sea,,,,,9.58297,106.52,,,,,,,,,,,,,,,,
1030732,Duyen Hai 3,Coal,,Super-critical Thermal,,622,,Vietnam Electricity (EVN),Operational,,,2016,Once Through Cooling,East Vietnam Sea,,,,,9.58667,106.53,,,,,,,,,,,,,,,,
1030733,Can Tho,Oil,,Sub-critical Thermal,,35,,Vietnam Electricity (EVN),Operational,,,,Once Through,Song Hau,,,,,10.1,105.72,,,,,,,,,,,,,,,,
1030733,Can Tho,Oil,,OCGT,,150,,Vietnam Electricity (EVN),Operational,,,,,,,,,,10.1,105.72,,,,,,,,,,,,,,,,
1030734,O Mon 1,Gas,,Sub-critical Thermal,,660,,Vietnam Electricity (EVN),Operational,,,,Once Through Cooling,Song Hau,,,,,10.1332,105.67,,,,,,,,,,,,,,,,
1030735,Lap Vo Rice Husk Power Plant,Biomass,,,,10,,,Operational,,,,,,,,,,10.3492,105.57,,CDM,https://cdm.unfccc.int/Projects/DB/TUEV-SUED1268324091.74/view,,,,,,,,,,,,,
1030736,Ba Ria,Gas,,OCGT,,389,,Vietnam Electricity (EVN),Operational,,,,,,,,,,10.4891,107.17,,,,,,,,,,,,,,,,
1030737,Phu Quy,Wind,,Onshore Wind,,6,,Petrovietnam,Operational,,,,,,,,,,10.5507,108.93,,Vietnam Electricity Annual Report,http://www.evn.com.vn/userfile/files/2017/3/AnnualReport2016.pdf,CDM,https://cdm.unfccc.int/Projects/DB/TUEV-SUED1356090592.49/view,,,,,,,,,,,
1030738,Phu My 4,Gas,,,,458,,Vietnam Electricity (EVN),Operational,,,,,,,,,,10.5975,107.03,,,,,,,,,,,,,,,,
1030739,Phu My 3,Gas,,OCGT,,733,,,Operational,,,,,,,,,,10.6014,107.04,,,,,,,,,,,,,,,,
1030740,Phu My 22,Gas,,OCGT,,733,,,Operational,,,,,,,,,,10.603,107.04,,,,,,,,,,,,,,,,
1030741,Phu My 21,Gas,,OCGT,,896,,Vietnam Electricity (EVN),Operational,,,,,,,,,,10.6041,107.04,,,,,,,,,,,,,,,,
1030742,Phu My 1,Gas,,CCGT,,"1,108",,Vietnam Electricity (EVN),Operational,,,,Once Through Cooling,Song Thi Vai,,,,,10.6056,107.04,,,,,,,,,,,,,,,,
1030743,Bourbon,Oil,,,,24,,,Operational,,,,,,,,,,10.613,106.49,,,,,,,,,,,,,,,,
1030744,Hiep Phuoc,Oil,,,,375,,,Operational,,,,Once Through,Song Kinh,,,,,10.642,106.75,,,,,,,,,,,,,,,,
1030745,Nhon Trach 1,Gas,,CCGT,,465,,Petrovietnam,Operational,,,2009,Once Through Cooling,Song Dong Tranh,,,,,10.6428,106.84,,,,,,,,,,,,,,,,
1030745,Nhon Trach 2,Gas,,CCGT,,750,,Petrovietnam,Operational,,,2011,Once Through Cooling,Song Dong Tranh,,,,,10.6428,106.84,,,,,,,,,,,,,,,,
1030746,Formosa Dong Nai,Coal,,Sub-critical Thermal,,310,,Formosa Plastics Group,Operational,,,2004,Forced Draft Recirculating Tower,Song Thi Vai,,,,,10.7151,106.92,,,,,,,,,,,,,,,,
1030747,Thu Duc,Oil,,Sub-critical Thermal,,165,,Vietnam Electricity (EVN),Operational,,,,Once Through,Rach Tracomeco,,,,,10.8284,106.76,,,,,,,,,,,,,,,,
1030747,Thu Duc,Oil,,OCGT,,114,,Vietnam Electricity (EVN),Operational,,,,,,,,,,10.8284,106.76,,,,,,,,,,,,,,,,
1030748,Amata,Oil,,,,13,,,Operational,,,,,,,,,,10.9471,106.9,,,,,,,,,,,,,,,,
1030749,Thuan Nhien Phong,Wind,,Onshore Wind,,32,2017,Asia Renewable Energy Corporation,Operational,,,,,,,,,,11.0525,108.41,,CDM,https://cdm.unfccc.int/Projects/DB/ICONTEC1347549044.44/view,,,,,,,,,,,,,
1030750,Tuy Phong,Wind,,Onshore Wind,,30,,,Operational,,,,,,,,,,11.2122,108.2,,Vietnam Electricity Annual Report,http://www.evn.com.vn/userfile/files/2017/3/AnnualReport2016.pdf,,,,,,,,,,,,,
1030751,Vinh Tan 2,Coal,,Super-critical Thermal,2,"1,244",,Vietnam Electricity (EVN),Operational,,,2014,Once Through Cooling,Phan Ri,,,,,11.317,108.81,,,,,,,,,,,,,,,,
1030752,Bac Binh,Hydro,,,,33,2009,Viet Nam Hydro Power Development JSC.,Operational,Luy,144.7,2016,,,,,,,11.3711,108.33,,Open Development Vietnam,https://data.opendevelopmentmekong.net/vi/library_record/bac-binh-hydropower,,,,,,,,,,"Phan Son, Phan Lam",,Vietnam,
1030753,Gia Lai sugar-cane,Biomass,,,,12,,Investment and Trade Consultancy Company Limited,Operational,,,,,,,,,,13.4257,108.42,,Vietnam Electricity Annual Report,http://www.evn.com.vn/userfile/files/2017/3/AnnualReport2016.pdf,CDM,https://cdm.unfccc.int/Projects/DB/BVQI1354170248.97/view,,,,,,,,,,,
1030754,La Hieng 2,Hydro,,,,18,2015,VRG Phu Yen JSC.,Operational,La Hieng,68,2016,,,,,,,13.5017,108.85,,Open Development Vietnam,https://data.opendevelopmentmekong.net/vi/library_record/la-hieng-2-hydropower,,,,,,,,,,Phu Mỡ,,Vietnam,
1030755,Phuong Mai 3,Wind,,Onshore Wind,,21,2017,Central Wind power Joint Stock Company,Operational,,,,,,,,,,13.9077,109.26,,CDM,https://cdm.unfccc.int/Projects/DB/ICONTEC1347544560.36/view,,,,,,,,,,,,,
1030756,Nong Son,Coal,,Sub-critical Thermal,,30,,Vinacomin,Operational,,,2014,Once Through Cooling,Thu Bon River,,,,,15.7171,108.03,,,,,,,,,,,,,,,,
1030757,Formosa Ha Tinh,Coal,,Sub-critical Thermal,,150,,Formosa Plastics Group,Operational,,,2015,Once Through Cooling,South China Sea,,,,,18.0288,106.45,,,,,,,,,,,,,,,,
1030758,Vung Ang I,Coal,,Sub-critical Thermal,2,"1,245",,Petrovietnam,Operational,,,2014,Once Through Cooling,Vinh Vung Ang,,,,,18.0979,106.38,,,,,,,,,,,,,,,,
1030759,Nghi Son 1,Coal,,Sub-critical Thermal,,600,,Vietnam Electricity (EVN),Operational,,,2013,Once Through Cooling,South China Sea,,,,,19.3158,105.8,,,,,,,,,,,,,,,,
1030760,Ninh Binh,Coal,,Sub-critical Thermal,,100,,Vietnam Electricity (EVN),Operational,,,1974,Once Through Cooling,Song Day,,,,,20.2527,105.98,,,,,,,,,,,,,,,,
1030761,Hai Phong 2,Coal,,Sub-critical Thermal,,600,,Vietnam Electricity (EVN),Operational,,,2013,Once Through Cooling,Song Da Bach,,,,,20.938642,106.757,,,,,,,,,,,,,,,,
1030762,Hai Phong 1,Coal,,Sub-critical Thermal,,600,,Vietnam Electricity (EVN),Operational,,,2011,Once Through Cooling,Song Da Bach,,,,,20.94191,106.76,,,,,,,,,,,,,,,,
1030763,Cai Lan,Oil,,,,39,,,Operational,,,,,,,,,,20.9861,107.03,,,,,,,,,,,,,,,,
1030764,Cam Pha I,Coal,,Sub-critical Thermal,,300,,Vinacomin,Operational,,,2011,Once Through Cooling,Bai Tu Long Bay,,,,,21.0063,107.36,,,,,,,,,,,,,,,,
1030764,Cam Pha II,Coal,,Sub-critical Thermal,,300,,Vinacomin,Operational,,,2011,Once Through Cooling,Bai Tu Long Bay,,,,,21.0063,107.36,,,,,,,,,,,,,,,,
1030765,Quang Ninh 1,Coal,,Sub-critical Thermal,2,600,,Vietnam Electricity (EVN),Operational,,,2009,Once Through Cooling,Vinh Cua Luc,,,,,21.0118,107.13,,,,,,,,,,,,,,,,
1030765,Quang Ninh 2,Coal,,Sub-critical Thermal,2,600,,Vietnam Electricity (EVN),Operational,,,2012,Once Through Cooling,Vinh Cua Luc,,,,,21.0118,107.13,,,,,,,,,,,,,,,,
1030766,Uong Bi,Coal,,Sub-critical Thermal,,105,,Vietnam Electricity (EVN),Operational,,,1974,Once Through Cooling,Song Uong,,,,,21.0398,106.78,,,,,,,,,,,,,,,,
1030766,Uong Bi Extension 1,Coal,,Sub-critical Thermal,,300,,Vietnam Electricity (EVN),Operational,,,2006,Once Through Cooling,Song Uong,,,,,21.0398,106.78,,,,,,,,,,,,,,,,
1030766,Uong Bi Extension 2,Coal,,Sub-critical Thermal,,330,,Vietnam Electricity (EVN),Operational,,,2011,Once Through Cooling,Song Uong,,,,,21.0398,106.78,,,,,,,,,,,,,,,,
1030767,Mong Duong 2,Coal,,Sub-critical Thermal,,"1,120",,"AES, POSCO, CPI",Operational,,,2015,Once Through Cooling,Bai Tu Long Bay,,,,,21.0725,107.35,,,,,,,,,,,,,,,,
1030768,Mong Duong 1,Coal,,Sub-critical Thermal,,"1,080",,Vietnam Electricity (EVN),Operational,,,2015,Once Through Cooling,Bai Tu Long Bay,,,,,21.0728,107.35,,,,,,,,,,,,,,,,
1030769,Mao Khe,Coal,,Circulating Fluidized Bed,,440,,Vinacomin,Operational,,,2013,Forced Draft Recirculating Tower,Song Cam,,,,,21.0907,10.577,,,,,,,,,,,,,,,,
1030770,Pha Lai 2,Coal,,Sub-critical Thermal,2,600,,Vietnam Electricity (EVN),Operational,,,2001,Once Through Cooling,Song Luc Nam,,,,,21.1141,106.31,,,,,,,,,,,,,,,,
1030771,Pha Lai 1,Coal,,Sub-critical Thermal,4,440,,Vietnam Electricity (EVN),Operational,,,1987,Once Through Cooling,Song Luc Nam,,,,,21.1146,106.31,,,,,,,,,,,,,,,,
1030772,Son Dong,Coal,,Sub-critical Thermal,2,220,,Vinacomin,Operational,,,2010,Forced Draft Recirculating Tower,,,,,,21.1793,106.78,,,,,,,,,,,,,,,,
1030773,An Khanh I,Coal,,Sub-critical Thermal,,120,2015,An Khanh Electricity Jsc,Operational,,,2016,Forced Draft Recirculating Tower,,,,,,21.596912,105.767,,,,,,,,,,,,,,,,
1030774,Cao Ngan,Coal,,Sub-critical Thermal,,115,,Vinacomin,Operational,,,2006,Forced Draft Recirculating Tower,Cau River,,,,,21.613,105.82,,,,,,,,,,,,,,,,
1030775,Na Duong,Coal,,Sub-critical Thermal,,110,,Vinacomin,Operational,,,2004,Forced Draft Recirculating Tower,,,,,,21.698111,106.976,,,,,,,,,,,,,,,,
1030776,Dak Lo,Hydro,,,,22,2016,Dak Lo- Song Da 3 JSC,Operational,Dak Lo,93.2,2016,,,,,,,14.727500000000001,108.36944444444444,,Open Development Vietnam,https://data.opendevelopmentmekong.net/vi/library_record/dak-lo-hydropower,,,,,,,,,,"Ngoc Tem, Mang Canh",,Vietnam,
1030777,Tri An,Hydro,,,,400,1991,Tri An Hydro Power Company,Operational,Dong Nai,1700,2016,,,,,,,11.10478611111111,106.98482222222222,,Open Development Vietnam,https://data.opendevelopmentmekong.net/vi/library_record/tri-an-hydropower,,,,,,,,,,,,Vietnam,
1030778,Ham Thuan - Da Mi,Hydro,,,,475,2001,Da Nhim - Ham Thuan - Da Mi Hydropower Company,Operational,La Nga,1555.3,2016,,,,,,,11.335955555555556,107.93495555555556,,Open Development Vietnam,https://data.opendevelopmentmekong.net/vi/library_record/ham-thuan-da-mi-hydropower,,,,,,,,,,"La Ngau, Da Mi, Dong Giang, La Da, Loc Nam, Hoa Bac, Hoa Nam",,Vietnam,
1030779,Dai Nga,Hydro,,,,10,2015,Thac Mo Hydropower JSC.,Operational,Dai Nga,44,2016,,,,,,,11.421869444444443,107.87544444444444,,Open Development Vietnam,https://data.opendevelopmentmekong.net/vi/library_record/dai-nga-hydropower,,,,,,,,,,"Loc Nga, Loc An",,Vietnam,
1030780,Dam'Bri,Hydro,,,,75,2014,Southern Hydropower JSC.,Operational,Da’Mbri,338,2016,,,,,,,11.582669444444445,107.67257777777779,,Open Development Vietnam,https://data.opendevelopmentmekong.net/vi/dataset/da-mbri-hydropower,,,,,,,,,,"Loc Tan, Phuoc Loc, Trieu Hai",,Vietnam,
1030781,Dai Ninh,Hydro,,,,300,2008,Vietnam Electricity (EVN),Operational,Da Nhim,1178,2016,,,,,,,11.649863888888888,108.32023888888888,,Open Development Vietnam,https://data.opendevelopmentmekong.net/vi/library_record/dai-ninh-hydropower,,,,,,,,,,"Ninh Gia, Phan Lam",,Vietnam,
1030782,Dong Nai 2,Hydro,,,,70,2015,Trung Nam Power,Operational,Dong Nai,264,2016,,,,,,,11.712938888888889,108.05786666666667,,Open Development Vietnam,https://data.opendevelopmentmekong.net/vi/library_record/dong-nai-2-hydropower,,,,,,,,,,Tan Thuong,,Vietnam,
1030783,Da Dang 2,Hydro,,,,34,2010,Southern Hydropower JSC.,Operational,Da Dang,152,2016,,,,,,,11.721952777777778,108.24680833333333,,Open Development Vietnam,https://data.opendevelopmentmekong.net/vi/library_record/da-dang-2-hydropower,,,,,,,,,,Tan Thanh,,Vietnam,
1030784,Srok Phu Mieng,Hydro,,,,51,2006,Srok Phu Mieng Hydro Power JSC.,Operational,Be,228,2016,,,,,,,11.768858333333334,106.756425,,Open Development Vietnam,https://data.opendevelopmentmekong.net/vi/library_record/sok-phu-mieng-hydropower,,,,,,,,,,"Long Binh, Thanh An",,Vietnam,
1030785,Dong Nai 5,Hydro,,,,150,2015,Vietnam National Coal - Mineral Industries Group,Operational,Dong Nai,616,2016,,,,,,,11.792691666666666,107.55336388888888,,Open Development Vietnam,https://data.opendevelopmentmekong.net/vi/library_record/dong-nai-5-hydropower,,,,,,,,,,"Dak Sin, Loc Bac",,Vietnam,
1030786,Ha Song Pha 1,Hydro,,,,5.4,2013,Ha Song Hydropower JSC,Operational,Krong Pha,31.86,2016,,,,,,,11.828372222222223,108.6906388888889,,Open Development Vietnam,https://data.opendevelopmentmekong.net/vi/library_record/song-pha-1-hydropower,,,,,,,,,,Lam Son,,Vietnam,
1030787,Ha Song Pha 2,Hydro,,,,5.1,2015,Ha Song Hydropower JSC,Operational,Krong Pha,30,2016,,,,,,,11.831927777777777,108.70729166666666,,Open Development Vietnam,https://data.opendevelopmentmekong.net/vi/library_record/song-pha-2-hydropower,,,,,,,,,,Lam Son,,Vietnam,
1030788,Song Pha,Hydro,,,,7.5,1995,Da Nhim - Ham Thuan - Da Mi Hydropower Company,Operational,Krong Pha,40,2016,,,,,,,11.833152777777778,108.68406944444445,,Open Development Vietnam,https://data.opendevelopmentmekong.net/vi/library_record/song-pha-hydropower,,,,,,,,,,,,Vietnam,
1030789,Dak Sin 1,Hydro,,,,28,2015,VRG Dak Nong JSC. - Vietnam Rubber Group,Operational,Dak Sin,105,2016,,,,,,,11.818569444444444,107.45898055555556,,Open Development Vietnam,https://data.opendevelopmentmekong.net/vi/library_record/dak-sin-1-hydropower,,,,,,,,,,Dak Sin,,Vietnam,
1030790,Da Nhim,Hydro,,,,160,1964,Da Nhim - Ham Thuan - Da Mi Hydropower JSC.,Operational,Da Nhim,1000,2016,,,,,,,11.852897222222222,108.6058361111111,,Open Development Vietnam,https://data.opendevelopmentmekong.net/vi/library_record/da-nhim-hydropower,,,,,,,,,,Loc Son,,Vietnam,
1030791,Thac Mo,Hydro,,,,150,1995,Thac Mo Hydro Power JSC.,Operational,Be,610,2016,,,,,,,11.857766666666667,107.01925277777778,,Open Development Vietnam,https://data.opendevelopmentmekong.net/vi/library_record/thac-mo-hydropower,,,,,,,,,,,,Vietnam,
1030792,Bu Ca Mau,Hydro,,,,4,2009,Cat Nam Trading - Services and Production Company Limited,Operational,,12.5,2016,,,,,,,11.871277777777777,106.97678333333333,,Open Development Vietnam,https://data.opendevelopmentmekong.net/vi/library_record/bu-ca-mau-hydropower,,,,,,,,,,Phu Nghia,,Vietnam,
1030793,Dong Nai 3,Hydro,,,,180,2011,Vietnam Electricity (EVN),Operational,Dong Nai,607,2016,,,,,,,11.872225,107.88865555555556,,Open Development Vietnam,https://data.opendevelopmentmekong.net/vi/library_record/dong-nai-3-hydropower,,,,,,,,,,Quang Khe,,Vietnam,
1030794,Dong Nai 4,Hydro,,,,340,2012,Vietnam Electricity (EVN),Operational,Dong Nai,1100,2016,,,,,,,11.885127777777777,107.7286388888889,,Open Development Vietnam,https://data.opendevelopmentmekong.net/vi/library_record/dong-nai-4-hydropower,,,,,,,,,,Loc Bao,,Vietnam,
1030795,Quang Tin,Hydro,,,,5,2009,N&S Limited Liability Company,Operational,Dak R'lap,21,2016,,,,,,,11.963099999999999,107.44928055555556,,Open Development Vietnam,https://data.opendevelopmentmekong.net/vi/library_record/quang-tin-hydropower,,,,,,,,,,Quang Tin,,Vietnam,
1030796,Dak Nong 2,Hydro,,,,16,2016,Viet Nguyen Construction JSC.,Operational,Dak Nong,65,2016,,,,,,,11.964508333333333,107.66751111111111,,Open Development Vietnam,https://data.opendevelopmentmekong.net/vi/library_record/dak-nong-2-hydropower,,,,,,,,,,Nghia Tan,,Vietnam,
1030797,Dak Ru,Hydro,,,,7.5,2008,N&S Limited Liability Company,Operational,Dak Ru,40,2016,,,,,,,11.952166666666667,107.40419722222222,,Open Development Vietnam,https://data.opendevelopmentmekong.net/vi/library_record/dak-ru-hydropower,,,,,,,,,,Dak Ru,,Vietnam,
1030798,Can Don,Hydro,,,,77,2004,Song Da Group,Operational,Be,321,2016,,,,,,,11.968902777777778,106.84347222222222,,Open Development Vietnam,https://data.opendevelopmentmekong.net/vi/library_record/can-don-hydropower,,,,,,,,,,Da Kim,,Vietnam,
1030799,Dak R'Tih,Hydro,,,,144,2011,Construction Corporation No.1 Company Limited,Operational,Dak R'Tih,636.8,2016,,,,,,,11.990158333333332,107.65972222222223,,Open Development Vietnam,https://data.opendevelopmentmekong.net/vi/library_record/dak-rtih-hydropower,,,,,,,,,,Nhan Co,,Vietnam,
1030800,Suoi Vang (AnKroet),Hydro,,,,3.1,1945,Vietnam Electricity (EVN),Operational,Da Dung,,2016,,,,,,,11.992113888888888,108.37081666666666,,Open Development Vietnam,https://data.opendevelopmentmekong.net/vi/library_record/suoi-vang-hydropower,,,,,,,,,,Lat,,Vietnam,
1030801,Dak Glun,Hydro,,,,18,2011,Sai Gon Accessories JSC,Operational,Dak Glun,76,2016,,,,,,,12.025169444444446,107.18336666666667,,Open Development Vietnam,https://data.opendevelopmentmekong.net/vi/library_record/dak-glun-hydropower,,,,,,,,,,Duong 10,,Vietnam,
1030802,Da Kai,Hydro,,,,6,,Nghia Gia Development Company Limited,Operational,Da Kai,25,2016,,,,,,,12.083752777777779,108.59531388888888,,Open Development Vietnam,https://data.opendevelopmentmekong.net/vi/library_record/da-kai-hydropower,,,,,,,,,,Loc Lam,,Vietnam,
1030803,Da Nhim Thuong 2,Hydro,,,,7.5,2010,Thai Bao Production Trading Services and Investment Consultancy JSC.,Operational,Da Nhim,32,2016,,,,,,,12.116111111111111,108.58519444444444,,Open Development Vietnam,https://data.opendevelopmentmekong.net/vi/library_record/da-nhim-thuong-hydropower,,,,,,,,,,Da Chay,,Vietnam,
1030804,Dac Me,Hydro,,,,5,2011,Dak Me Hydro Power JSC.,Operational,,25,2016,,,,,,,12.133269444444444,108.31304722222222,,Open Development Vietnam,https://data.opendevelopmentmekong.net/vi/library_record/dac-me-hydropower,,,,,,,,,,Da Long,,Vietnam,
1030805,Yan-Tann-Sien,Hydro,,,,19.5,2010,Cao Nguyen - Song Da Hydro Power JSC.,Operational,Dak Heur,79,2016,,,,,,,12.152644444444444,108.37868888888889,,Open Development Vietnam,https://data.opendevelopmentmekong.net/vi/library_record/yan-tann-sien-hydropower,,,,,,,,,,Dung K'No,,Vietnam,
1030806,Dak N'teng,Hydro,,,,13,2011,Me Kong Hydro Power Limited Liability Company,Operational,Krong No,53,2016,,,,,,,12.195769444444444,107.92678055555557,,Open Development Vietnam,https://data.opendevelopmentmekong.net/vi/library_record/dak-nteng-hydropower,,,,,,,,,,Quang Son,,Vietnam,
1030807,Krong No 3,Hydro,,,,18,2016,Trung Nam Power,Operational,Dak Krong No,63.5,2016,,,,,,,12.21166111111111,108.28467222222223,,Open Development Vietnam,https://data.opendevelopmentmekong.net/vi/library_record/krong-no-3-hydropower,,,,,,,,,,"Da Tong, Krong No",,Vietnam,
1030808,Buon Tua Srah,Hydro,,,,86,2009,Vietnam Electricity (EVN),Operational,Krong No,358.6,2016,,,,,,,12.285191666666666,108.0382861111111,,Open Development Vietnam,https://data.opendevelopmentmekong.net/vi/library_record/buon-tua-srah-hydropower,,,,,,,,,,"Nam Ka, Quang Phu",,Vietnam,
1030809,Song Giang 2,Hydro,,,,37,2014,Song Giang Hydropower Exploitation JSC,Operational,Giang,141.7,2016,,,,,,,12.372883333333334,108.8373861111111,,Open Development Vietnam,https://data.opendevelopmentmekong.net/vi/library_record/song-giang-2-hydropower,,,,,,,,,,Khanh Trung,,Vietnam,
1030810,Krong Kmar,Hydro,,,,12,2008,Song Da Investment and Development JSC,Operational,,60,2016,,,,,,,12.451969444444444,108.33720555555556,,Open Development Vietnam,https://data.opendevelopmentmekong.net/vi/library_record/krong-kmar-hydropower,,,,,,,,,,Krong Kmar,,Vietnam,
1030811,Buon Kuop,Hydro,,,,280,2011,Vietnam Electricity (EVN),Operational,Srepok,1105,2016,,,,,,,12.530466666666667,107.92432500000001,,Open Development Vietnam,https://data.opendevelopmentmekong.net/vi/library_record/buon-kuop-hydropower,,,,,,,,,,"Ea Na, Dray Sap, Hoa Phu, Nam Da",,Vietnam,
1030812,Dray H'Linh 1,Hydro,,,,12,1990,,Operational,Srepok,,2016,,,,,,,12.671211111111111,107.90750833333334,,Open Development Vietnam,,,,,,,,,,,,,Vietnam,
1030813,Dray H'Linh 2,Hydro,,,,16,2007,Dien Luc 3 Hydro Power JSC.,Operational,Srepok,80,2016,,,,,,,12.675675,107.90414166666667,,Open Development Vietnam,https://data.opendevelopmentmekong.net/vi/library_record/dray-hlinh-2-hydropower,,,,,,,,,,Eapo,,Vietnam,
1030814,SrePok 3,Hydro,,,,220,2009,Vietnam Electricity (EVN),Operational,Srepok,1060,2016,,,,,,,12.752433333333334,107.87675833333333,,Open Development Vietnam,https://data.opendevelopmentmekong.net/vi/library_record/srepok-3-hydropower,,,,,,,,,,"Ea Po, Tan Hoa",,Vietnam,
1030815,Ea MDoal 3,Hydro,,,,5,2010,Me Kong Construction JSC.,Operational,,,2016,,,,,,,12.799883333333334,108.92868333333334,,Open Development Vietnam,https://data.opendevelopmentmekong.net/vi/library_record/ea-mdoal-3-hydropower,,,,,,,,,,Ea MDoal,,Vietnam,
1030816,SrePok 4,Hydro,,,,80,2010,Dai Hai Electricity Investment and Development JSC,Operational,Srepok,336,2016,,,,,,,12.807241666666668,107.85513055555555,,Open Development Vietnam,https://data.opendevelopmentmekong.net/vi/library_record/srepok-4-hydropower,,,,,,,,,,"Ea Po, Ea Wer",,Vietnam,
1030817,Sre Pok 4a,Hydro,,,,64,2014,Buon Don Hydro Power JSC.,Operational,Srepok,308,2016,,,,,,,12.893463888888888,107.81229444444445,,Open Development Vietnam,https://data.opendevelopmentmekong.net/vi/library_record/srepok-4a-hydropower,,,,,,,,,,"Ea Huar, Ea Wer, Krong Na",,Vietnam,
1030818,Song Hinh,Hydro,,,,70,2001,Vinh Son- Song Hinh Hydropower JSC,Operational,Hinh,370,2016,,,,,,,12.928144444444444,108.99357222222223,,Open Development Vietnam,https://data.opendevelopmentmekong.net/vi/library_record/song-hinh-hydropower,,,,,,,,,,"Ea Trol, Song Hinh, Duc Binh Dong",,Vietnam,
1030819,Song Ba Ha,Hydro,,,,220,2008,Song Ba Ha JSC.,Operational,Ba,835,2016,,,,,,,13.022625000000001,108.90387222222223,,Open Development Vietnam,https://data.opendevelopmentmekong.net/vi/library_record/song-ba-ha-hydropower,,,,,,,,,,"Suoi Trai, Krong Pa",,Vietnam,
1030820,Dak Srong 3B,Hydro,,,,20,2012,Hoang Anh Gia Lai JSC.,Operational,Ba,75,2016,,,,,,,13.338091666666667,108.55871944444443,,Open Development Vietnam,https://data.opendevelopmentmekong.net/vi/library_record/dak-srong-3b-hydropower,,,,,,,,,,,,Vietnam,
1030821,Dak Srong 3A,Hydro,,,,10,2014,Hoang Anh Gia Lai JSC.,Operational,Ba,37,2016,,,,,,,13.347275,108.53225,,Open Development Vietnam,https://data.opendevelopmentmekong.net/vi/library_record/dak-srong-3a-hydropower,,,,,,,,,,Rsuom,,Vietnam,
1030822,Ayun Ha,Hydro,,,,3,,Gia Lai Electricity JSC.,Operational,,,2016,,,,,,,13.580866666666667,108.2591861111111,,Open Development Vietnam,https://data.opendevelopmentmekong.net/vi/library_record/ayun-ha-hydropower,,,,,,,,,,Chu A Thai,,Vietnam,
1030823,Dak Srong 2,Hydro,,,,24,2010,Hoang Anh Gia Lai JSC.,Operational,,85.8,2016,,,,,,,13.678574999999999,108.56494722222222,,Open Development Vietnam,https://data.opendevelopmentmekong.net/vi/library_record/dak-srong-2-hydropower,,,,,,,,,,,,Vietnam,
1030824,Ia Drang 2,Hydro,,,,1.2,,Gia Lai Electricity JSC.,Operational,,,2016,,,,,,,13.738930555555555,107.85084166666667,,Open Development Vietnam,https://data.opendevelopmentmekong.net/vi/library_record/ia-drang-2-hydropower,,,,,,,,,,Ia Boong,,Vietnam,
1030825,Ia Grai 2,Hydro,,,,7.5,2014,Quoc Cuong Gia Lai JSC,Operational,,,2016,,,,,,,13.975558333333334,107.79280555555556,,Open Development Vietnam,https://data.opendevelopmentmekong.net/vi/library_record/ia-grai-2-hydropower,,,,,,,,,,Ia To,,Vietnam,
1030826,Ia Grai 1,Hydro,,,,10.8,2012,Quoc Cuong Gia Lai JSC,Operational,,,2016,,,,,,,13.975675,107.7277611111111,,Open Development Vietnam,https://data.opendevelopmentmekong.net/vi/library_record/ia-grai-1-hydropower,,,,,,,,,,Ia To,,Vietnam,
1030827,Se San 4,Hydro,,,,360,2009,Se San Hydropower Development Company,Operational,Se San,1042,2016,,,,,,,13.967830555555556,107.49532777777777,,Open Development Vietnam,https://data.opendevelopmentmekong.net/vi/library_record/se-san-4-hydropower,,,,,,,,,,,,Vietnam,
1030828,An Khe - Kanak,Hydro,,,,173,2009,An Khe - Ka Nak Hydro Power Company,Operational,Ba,700,2016,,,,,,,14.014833333333334,108.679575,,Open Development Vietnam,https://data.opendevelopmentmekong.net/vi/library_record/an-khe-kanak-hydropower,,,,,,,,,,,,Vietnam,
1030829,Ia Grai 3,Hydro,,,,7.5,2007,Song Da 4 JSC.,Operational,,40,2016,,,,,,,14.02216388888889,107.64902500000001,,Open Development Vietnam,https://data.opendevelopmentmekong.net/vi/library_record/ia-grai-3-hydropower,,,,,,,,,,Ia Kha,,Vietnam,
1030830,Se San 3A,Hydro,,,,108,2007,Se San 3A Hydropower JSC.,Operational,Se San,479,2016,,,,,,,14.106311111111111,107.65767222222223,,Open Development Vietnam,https://data.opendevelopmentmekong.net/vi/library_record/se-san-3a-hydropower,,,,,,,,,,"Ia Khai, Mo Rai",,Vietnam,
1030831,Dinh Binh,Hydro,,,,9.9,2008,Dinh Binh Hydropower JSC,Operational,Kon,45,2016,,,,,,,14.156527777777779,108.77267222222223,,Open Development Vietnam,https://data.opendevelopmentmekong.net/vi/library_record/dinh-binh-hydropower,,,,,,,,,,Vinh Hiep,,Vietnam,
1030832,Dak Doa,Hydro,,,,14,2010,Dak Doa Hydropower JSC.,Operational,Ia Krom,56.3,2016,,,,,,,14.184733333333334,108.10635277777777,,Open Development Vietnam,https://data.opendevelopmentmekong.net/vi/library_record/dak-doa-hydropower,,,,,,,,,,Dak so mei,,Vietnam,
1030833,Ry Ninh,Hydro,,,,3.6,,Ry Ninh Hydro Power Enterprise,Operational,,,2016,,,,,,,14.20905,107.81405833333334,,Open Development Vietnam,https://data.opendevelopmentmekong.net/vi/library_record/ry-ninh-hydropower,,,,,,,,,,Ia Mo Nong,,Vietnam,
1030834,Se San 3,Hydro,,,,260,2006,Ialy Hydro Power Company (member of EVN),Operational,Se San,221,2016,,,,,,,14.215163888888888,107.72216388888889,,Open Development Vietnam,https://data.opendevelopmentmekong.net/vi/library_record/se-san-3-hydropower,,,,,,,,,,,,Vietnam,
1030835,Ialy,Hydro,,,,720,2002,Ialy Hydro Power Company (member of EVN),Operational,Se San,3680,2016,,,,,,,14.227369444444445,107.82936111111111,,Open Development Vietnam,https://data.opendevelopmentmekong.net/vi/library_record/ia-ly-hydropower,,,,,,,,,,Ialy,,Vietnam,
1030836,Vinh Son 5,Hydro,,,,28,2014,Vinh Son Hydropower Investment JSC,Operational,Kon,103,2016,,,,,,,14.361094444444443,108.72030277777777,,Open Development Vietnam,https://data.opendevelopmentmekong.net/vi/library_record/vinh-son-hydropower,,,,,,,,,,Vinh Kim,,Vietnam,
1030837,Vinh Son,Hydro,,,,66,2001,Vinh Son- Song Hinh Hydropower JSC,Operational,Hinh,228.5,2016,,,,,,,14.365630555555555,108.69425,,Open Development Vietnam,https://data.opendevelopmentmekong.net/vi/library_record/vinh-son,,,,,,,,,,Vinh Son,,Vietnam,
1030838,PleiKrong,Hydro,,,,100,2009,Ialy Hydro Power Company ( a member of Vietnam Electricity (EVN)),Operational,"Krong Poko, nhanh thuong luu Se San",417,2016,,,,,,,14.408347222222222,107.86304444444444,,Open Development Vietnam,https://data.opendevelopmentmekong.net/vi/library_record/pleikrong-hydropower,,,,,,,,,,"Sa Binh, Kroong",,Vietnam,
1030839,Dak Po ne 2,Hydro,,,,3.6,2008,"Gia Nghi Co., Ltd",Operational,Dak Po ne,15.78,2016,,,,,,,14.526025,108.29915833333334,,Open Development Vietnam,https://data.opendevelopmentmekong.net/vi/library_record/dak-po-ne-2-hydropower,,,,,,,,,,Dak Pne,,Vietnam,
1030840,Dak Ne,Hydro,,,,8.1,2010,Tan Phat JSC.,Operational,Dak Bla,60,2016,,,,,,,14.528122222222223,108.21905833333334,,Open Development Vietnam,https://data.opendevelopmentmekong.net/vi/library_record/dak-ne-hydropower,,,,,,,,,,"Dak To Lung, Tan Lap",,Vietnam,
1030841,Dak Po Ne,Hydro,,,,15.6,2009,PC 3 Investment JSC.,Operational,Dak Po ne,69.1,2016,,,,,,,14.575849999999999,108.30485,,Open Development Vietnam,https://data.opendevelopmentmekong.net/vi/library_record/dak-po-ne-hydropower,,,,,,,,,,"Mang Canh, Dak Long",,Vietnam,
1030842,Dak Psi 3,Hydro,,,,15,2012,Dak Psi Hydro Power Investment and Development JSC,Operational,Dak Psi,60,2016,,,,,,,14.661252777777777,107.93670833333334,,Open Development Vietnam,https://data.opendevelopmentmekong.net/vi/library_record/dak-psi-3,,,,,,,,,,Dak Ha,,Vietnam,
1030843,Dak Pia,Hydro,,,,2.2,2012,Trung Viet Co. Ltd.,Operational,Dak Pia,11.4,2016,,,,,,,14.665061111111111,108.15926944444445,,Open Development Vietnam,https://data.opendevelopmentmekong.net/vi/library_record/dak-pia-hydropower,,,,,,,,,,Dak Koi,,Vietnam,
1030844,Thuong Kon Tum,Hydro,,,,220,2014,Vinh Son- Song Hinh Hydropower JSC,Operational,Dak Snghe,1094,2016,,,,,,,14.694138888888888,108.2298888888889,,Open Development Vietnam,https://data.opendevelopmentmekong.net/vi/library_record/thuong-kon-tum-hydropower,,,,,,,,,,"Dak Koi, Dak Long, Ngoc Tem, Mang Canh, Dak Tang",,Vietnam,
1030845,Kon Dao,Hydro,,,,1,1984,,Operational,Dak To Kan,,2016,,,,,,,14.69675,107.8258361111111,,Open Development Vietnam,https://data.opendevelopmentmekong.net/vi/library_record/kon-dao-hydropower,,,,,,,,,,Dak Koi,,Vietnam,
1030846,Dak Ro Sa 2,Hydro,,,,2.4,2012,Dak Ro Sa Hydropower JSC,Operational,Dak To Kan,,2016,,,,,,,14.71346111111111,107.821075,,Open Development Vietnam,https://data.opendevelopmentmekong.net/vi/library_record/dak-ro-sa-2-hydropower,,,,,,,,,,Ngoc Tu,,Vietnam,
1030847,Dak Ro Sa,Hydro,,,,7.5,2007,Mien Trung Construction Corporation,Operational,Dak To Kan,143,2016,,,,,,,14.747277777777777,107.83580833333333,,Open Development Vietnam,https://data.opendevelopmentmekong.net/vi/library_record/dak-ro-sa-hydropower,,,,,,,,,,"Dak Tram, Ngoc Tu",,Vietnam,
1030848,Dak Psi 4,Hydro,,,,30,2010,Dak Psi Hydro Power Investment and Development JSC,Operational,Dak Psi,115,2016,,,,,,,14.768441666666668,108.00273333333334,,Open Development Vietnam,https://data.opendevelopmentmekong.net/vi/library_record/dak-psi-4-hydropower,,,,,,,,,,Dak Ha,,Vietnam,
1030849,Dak Lay,Hydro,,,,3.2,2015,"Dak Lay Hydropower Co., Ltd",Operational,Dak Lay,13,2016,,,,,,,14.7979,108.007375,,Open Development Vietnam,https://data.opendevelopmentmekong.net/vi/library_record/dak-lay-hydropower,,,,,,,,,,Ngoc Lay,,Vietnam,
1030850,DakDrinh,Hydro,,,,125,2014,Dak Drinh Hydro Power JSC. (PV Power),Operational,Dak Drinh,520,2016,,,,,,,14.978447222222222,108.30131388888888,,Open Development Vietnam,https://data.opendevelopmentmekong.net/vi/library_record/dak-drinh-hydropower,,,,,,,,,,"Son Tan, Son Mua, Son Dung,Son Lien, Dak Nen, Dak Ring",,Vietnam,
1030851,Nuoc Trong,Hydro,,,,16.5,2012,Nuoc Trong Hydropower JSC,Operational,Rin,70,2016,,,,,,,15.080886111111111,108.41175555555556,,Open Development Vietnam,https://data.opendevelopmentmekong.net/vi/library_record/nuoc-trong-hydropower,,,,,,,,,,"Son Bao, Tra Tho",,Vietnam,
1030852,Ta Vi,Hydro,,,,3,2011,Manh Nam Pressure Mechanical JSC,Operational,,10,2016,,,,,,,15.262430555555556,108.14664444444445,,Open Development Vietnam,https://data.opendevelopmentmekong.net/vi/library_record/ta-vi-hydropower,,,,,,,,,,Tra Giac,,Vietnam,
1030853,Song Tranh 2,Hydro,,,,190,2010,Vietnam Electricity (EVN),Operational,Thu Bon,680,2016,,,,,,,15.331213888888888,108.14778055555556,,Open Development Vietnam,https://data.opendevelopmentmekong.net/vi/library_record/song-tranh-2-hydropower,,,,,,,,,,"Tra Doc, Tra Tan",,Vietnam,
1030854,Song Tranh 3,Hydro,,,,62,2013,Song Tranh 3 Hydro Power JSC,Operational,Thu Bon,230,2016,,,,,,,15.444313888888889,108.14300555555556,,Open Development Vietnam,https://data.opendevelopmentmekong.net/vi/library_record/song-tranh-3-hydropower,,,,,,,,,,"Phuoc Gia, Tien Lãnh",,Vietnam,
1030855,Dak Mi 4,Hydro,,,,190,2012,Viet Nam Urban and Idustrial Zone Investing Developing Corporation,Operational,Dak Mi,752,2016,,,,,,,15.45898611111111,107.91235833333334,,Open Development Vietnam,https://data.opendevelopmentmekong.net/vi/library_record/dak-mi-4-hydropower,,,,,,,,,,Phuoc Xuan,,Vietnam,
1030856,Dak Mi 4C,Hydro,,,,18,2012,Viet Nam Urban and Idustrial Zone Investing Developing Corporation,Operational,Dak Mi,69,2016,,,,,,,15.464152777777777,107.92901388888889,,Open Development Vietnam,https://data.opendevelopmentmekong.net/vi/library_record/dak-mi-4c-hydropower,,,,,,,,,,Phuoc Hoa,,Vietnam,
1030857,Song Bung 4,Hydro,,,,156,2015,Vietnam Electricity (EVN),Operational,Bung,586,2016,,,,,,,15.725833333333334,107.65117500000001,,Open Development Vietnam,https://data.opendevelopmentmekong.net/vi/library_record/song-bung-4-hydropower,,,,,,,,,,"Ta Bhing, ZuoiH",,Vietnam,
1030858,Song Bung 4A,Hydro,,,,49,2012,Phu Thanh My JSC.,Operational,Bung,199,2016,,,,,,,15.764647222222223,107.6801638888889,,Open Development Vietnam,https://data.opendevelopmentmekong.net/vi/library_record/song-bung-4a-hydropower,,,,,,,,,,"Thanh My, Ma Cooih",,Vietnam,
1030859,A Vuong,Hydro,,,,210,2008,A Vuong Hydro Power JSC,Operational,A Vuong,815,2016,,,,,,,15.799811111111111,107.61709166666667,,Open Development Vietnam,https://data.opendevelopmentmekong.net/vi/library_record/a-vuong-hydropower,,,,,,,,,,Ma Cooih,,Vietnam,
1030860,Song Bung 5,Hydro,,,,57,2013,Power Engineering Consulting JSC.,Operational,Bung,225,2016,,,,,,,15.807652777777779,107.74715277777779,,Open Development Vietnam,https://data.opendevelopmentmekong.net/vi/library_record/song-bung-5-hydropower,,,,,,,,,,Thanh My,,Vietnam,
1030861,Song Bung 6,Hydro,,,,29,2012,Bung River Hydro Power JSC,Operational,Bung,121,2016,,,,,,,15.818624999999999,107.77873611111112,,Open Development Vietnam,https://data.opendevelopmentmekong.net/vi/library_record/song-bung-6-hydropower,,,,,,,,,,"Ma CooiH, Thanh My",,Vietnam,
1030862,ZaHung,Hydro,,,,30,2009,Za Hungt JSC.,Operational,A Vuong,122.7,2016,,,,,,,15.860025,107.65383055555556,,Open Development Vietnam,https://data.opendevelopmentmekong.net/vi/library_record/za-hung-hydropower,,,,,,,,,,Za Hung,,Vietnam,
1030863,Song Con 2,Hydro,,,,63,2009,Geruco Song Con Hydropower JSC,Operational,Con,209,2016,,,,,,,15.933172222222222,107.80811944444444,,Open Development Vietnam,https://data.opendevelopmentmekong.net/vi/library_record/song-con-2-hydropower,,,,,,,,,,"Song Con, Jo Ngay, A Ting, Ca Dang",,Vietnam,
1030864,A Luoi,Hydro,,,,170,2012,Central Hydro Power JSC,Operational,A Sap,690,2016,,,,,,,16.22663611111111,107.27276944444445,,Open Development Vietnam,https://data.opendevelopmentmekong.net/vi/library_record/a-luoi-hydropower,,,,,,,,,,Hong Ha,,Vietnam,
1030865,Ta Trach,Hydro,,,,21,2013,Bitexco Group,Operational,Ta Trach,85,2016,,,,,,,16.31645277777778,107.63744722222224,,Open Development Vietnam,https://data.opendevelopmentmekong.net/vi/library_record/ta-trach-hydropower,,,,,,,,,,Duong Hoa,,Vietnam,
1030866,Binh Dien,Hydro,,,,44,2009,Binh Dien Hydro Power JSC,Operational,Huu Trach,181,2016,,,,,,,16.317241666666668,107.50276666666667,,Open Development Vietnam,https://data.opendevelopmentmekong.net/vi/library_record/binh-dien-hydropower,,,,,,,,,,Binh Dien,,Vietnam,
1030867,Huong Dien,Hydro,,,,81,2010,HD Investment JSC,Operational,Bo,300,2016,,,,,,,16.460069444444443,107.42334166666667,,Open Development Vietnam,https://data.opendevelopmentmekong.net/vi/library_record/huong-dien-hydropower,,,,,,,,,,Huong Van,,Vietnam,
1030868,Khe Ron,Hydro,,,,6,2009,Truong Thinh Group JSC.,Operational,,21,2016,,,,,,,17.91683888888889,105.97061111111111,,Open Development Vietnam,https://data.opendevelopmentmekong.net/vi/library_record/khe-ron-hydropower,,,,,,,,,,Le Hoa,,Vietnam,
1030869,Ho Ho,Hydro,,,,14,2010,Nothern 1 Electricity Investment and Development JSC,Operational,Ngan Sau,55,2016,,,,,,,18.046366666666668,105.83341388888888,,Open Development Vietnam,https://data.opendevelopmentmekong.net/vi/library_record/ho-ho-hydropower,,,,,,,,,,"Tan Duc, Huong Lien, Huong Trach",,Vietnam,
1030870,Ke Go,Hydro,,,,2.3,1988,Ke Go Hydropower JSC,Operational,,,2016,,,,,,,18.19525,105.92803333333333,,Open Development Vietnam,https://data.opendevelopmentmekong.net/vi/library_record/ke-go-hydropower,,,,,,,,,,Cam My,,Vietnam,
1030871,Huong Son,Hydro,,,,33,2012,Huong Son Hydropower JSC,Operational,Nam Sot,143,2016,,,,,,,18.446022222222222,105.15127500000001,,Open Development Vietnam,https://data.opendevelopmentmekong.net/vi/library_record/huong-son-hydropower,,,,,,,,,,Son Kim 1,,Vietnam,
1030872,Ban Ve,Hydro,,,,320,2010,Vietnam Electricity (EVN),Operational,Nam Non,1084,2016,,,,,,,19.340427777777776,104.48734722222223,,Open Development Vietnam,https://data.opendevelopmentmekong.net/vi/library_record/ban-ve-hydropower,,,,,,,,,,Yen Na,,Vietnam,
1030873,Nam Mo,Hydro,,,,18,2013,Nghe An Energy Development Corporation JSC,Operational,Ca,65,2016,,,,,,,19.414225,104.11232222222222,,Open Development Vietnam,https://data.opendevelopmentmekong.net/vi/library_record/nam-mo-hydropower,,,,,,,,,,Ta Ca,,Vietnam,
1030874,Nam Pong,Hydro,,,,32,2014,Za Hungt JSC.,Operational,Nam Pong,130,2016,,,,,,,19.518444444444444,105.03770833333333,,Open Development Vietnam,https://data.opendevelopmentmekong.net/vi/library_record/nam-pong-hydropower,,,,,,,,,,Chau Hanh Chau Phong,,Vietnam,
1030875,Ban Coc,Hydro,,,,18,2009,Que Phong Hydropower JSC,Operational,Nam Giai,80,2016,,,,,,,19.605330555555557,104.85898055555555,,Open Development Vietnam,https://data.opendevelopmentmekong.net/vi/library_record/ban-coc-hydropower,,,,,,,,,,Chau Kim,,Vietnam,
1030876,Song Muc,Hydro,,,,2,2008,"Song Muc Co.,Ltd",Operational,Muc,7,2016,,,,,,,19.610644444444446,105.54163333333334,,Open Development Vietnam,https://data.opendevelopmentmekong.net/vi/library_record/song-muc-hydropower,,,,,,,,,,Hai Van,,Vietnam,
1030877,Sao Va,Hydro,,,,3,2010,Que Phong Hydropower JSC,Operational,Nam Viec,13.45,2016,,,,,,,19.660474999999998,104.93861944444444,,Open Development Vietnam,https://data.opendevelopmentmekong.net/vi/library_record/sao-va-hydropower,,,,,,,,,,Hanh Dich,,Vietnam,
1030878,Hua Na,Hydro,,,,180,2013,Hua Na Hydropower JSC,Operational,Chu,717,2016,,,,,,,19.838130555555555,105.08458055555555,,Open Development Vietnam,https://data.opendevelopmentmekong.net/vi/library_record/hua-na-hydropower,,,,,,,,,,"Dong Van, Thong Thu",,Vietnam,
1030879,Cua Dat,Hydro,,,,97,2010,Vinaconex P&C JSC.,Operational,Chu,430,2016,,,,,,,19.87818888888889,105.27312222222223,,Open Development Vietnam,https://data.opendevelopmentmekong.net/vi/library_record/cua-dat-hydropower,,,,,,,,,,Xuan My,,Vietnam,
1030880,Ba Thuoc 2,Hydro,,,,80,2012,Hoang Anh Hydropower JSC,Operational,Ma,400,2016,,,,,,,20.321044444444443,105.32813055555555,,Open Development Vietnam,https://data.opendevelopmentmekong.net/vi/library_record/ba-thuoc-2-hydropower,,,,,,,,,,Dien Lu,,Vietnam,
1030881,Hoa Binh,Hydro,,,,1920,1988,Vietnam Electricity (EVN),Operational,Da,8160,2016,,,,,,,20.808208333333333,105.32327777777778,,Open Development Vietnam,https://data.opendevelopmentmekong.net/vi/library_record/hoa-binh-hydropower,,,,,,,,,,Hoa Binh,,Vietnam,
1030882,Ta Niet,Hydro,,,,3.6,2014,Ta Niet Hydro Power JSC,Operational,Nam Sap,18,2016,,,,,,,20.89442222222222,104.52285,,Open Development Vietnam,https://data.opendevelopmentmekong.net/vi/library_record/ta-niet-hydropower,,,,,,,,,,Chieng Hac,,Vietnam,
1030883,Sap Viet,Hydro,,,,21,,Sap Viet Hydro Power JSC,Operational,Sap,84,2016,,,,,,,21.031533333333332,104.21383611111112,,Open Development Vietnam,https://data.opendevelopmentmekong.net/vi/library_record/sap-viet-hydropower,,,,,,,,,,Sap Vat,,Vietnam,
1030884,Suoi Sap 3,Hydro,,,,14,2011,Bac Minh Development Investment JSC.,Operational,Sap,50.5,2016,,,,,,,21.223480555555554,104.49542777777778,,Open Development Vietnam,https://data.opendevelopmentmekong.net/vi/library_record/suoi-sap-3-hydropower,,,,,,,,,,"Suoi Bau, Phieng Ban",,Vietnam,
1030885,Hang Dong A1,Hydro,,,,8.4,2012,Xuan Thien Trading Construction Investment and Development Co,Operational,Sap,,2016,,,,,,,21.265794444444445,104.54070277777778,,Open Development Vietnam,,,,,,,,,,,Hang Dong,,Vietnam,
1030886,Nam Mo 3,Hydro,,,,10,2009,Nam Mo Hydro Power JSC,Operational,Nam Mở,40,2016,,,,,,,21.319777777777777,104.30215277777778,,Open Development Vietnam,https://data.opendevelopmentmekong.net/vi/library_record/nam-mo-3-hydropower,,,,,,,,,,Khoen On,,Vietnam,
1030887,Nam Luc,Hydro,,,,24,,South East Asia Corporation,Operational,,100,2016,,,,,,,21.34121111111111,104.3498,,Open Development Vietnam,,,,,,,,,,,Nam Luc,,Vietnam,
1030888,Xim Vang 2,Hydro,,,,6.6,,Xim Vang Hydro Power JSC,Operational,,68,2016,,,,,,,21.34121111111111,104.3498,,Open Development Vietnam,https://data.opendevelopmentmekong.net/vi/library_record/xim-vang-2-hydropower,,,,,,,,,,"Xim Vang, Chim Van, Lang Chieu",,Vietnam,
1030889,Nam Si Luong,Hydro,,,,0.5,2002,Song Da 7 JSC,Operational,,,2016,,,,,,,21.34121111111111,104.3498,,Open Development Vietnam,https://data.opendevelopmentmekong.net/vi/library_record/nam-si-luong-hydropower,,,,,,,,,,,,Vietnam,
1030890,Nam Hoa 1,Hydro,,,,18,2015,ANPHA Hydro Power JSC,Operational,Nam Hua,70,2016,,,,,,,21.35565,103.40759722222222,,Open Development Vietnam,https://data.opendevelopmentmekong.net/vi/library_record/nam-hoa-1-hydropower,,,,,,,,,,Muong Bam,,Vietnam,
1030891,Suoi Lum 1,Hydro,,,,20,2013,Nam Lum Hydro Power JSC.,Operational,Lum,80,2016,,,,,,,21.3884,104.23103888888889,,Open Development Vietnam,https://data.opendevelopmentmekong.net/vi/library_record/suoi-lum-1-hydropower,,,,,,,,,,"Pac Nga, Hang chu",,Vietnam,
1030892,Nam La,Hydro,,,,32,2011,Noth West VIWASWEEN Hydro Power JSC.,Operational,Nam La,127.5,2016,,,,,,,21.404925,103.98364166666667,,Open Development Vietnam,https://data.opendevelopmentmekong.net/vi/library_record/nam-la-hydropower,,,,,,,,,,"Muong Bu, Chieng Xom",,Vietnam,
1030893,Nam Pia,Hydro,,,,15,2009,"Lam Son Construction & Commerce Co., Ltd",Operational,Nam Pia,61,2016,,,,,,,21.445197222222223,104.1691,,Open Development Vietnam,https://data.opendevelopmentmekong.net/vi/library_record/nam-pia-hydropower,,,,,,,,,,"Chieng Hoa, Chieng Cong",,Vietnam,
1030894,Chieng Cong 2,Hydro,,,,8,,"Lam Son Construction & Trading Co., Ltd",Operational,Pia,,2016,,,,,,,21.457177777777776,104.21036666666667,,Open Development Vietnam,,,,,,,,,,,,,Vietnam,
1030895,Thac Trang,Hydro,,,,6,2006,Song Da 11 JSC,Operational,Nam Ron,22,2016,,,,,,,21.457977777777778,103.0782,,Open Development Vietnam,https://data.opendevelopmentmekong.net/vi/library_record/thac-trang-hydropower,,,,,,,,,,Na Nhan,,Vietnam,
1030896,Chieng Cong 1,Hydro,,,,4,,"Lam Son Construction & Trading Co., Ltd",Operational,Pia,,2016,,,,,,,21.470655555555552,104.18516944444445,,Open Development Vietnam,,,,,,,,,,,,,Vietnam,
1030897,Pa Chien,Hydro,,,,22,2013,Pa Chien Hydro Power JSC.,Operational,Chien,82,2016,,,,,,,21.476038888888887,104.04027222222221,,Open Development Vietnam,https://data.opendevelopmentmekong.net/vi/library_record/pa-chien-hydropower,,,,,,,,,,Chieng San,,Vietnam,
1030898,Na Loi,Hydro,,,,9.3,2003,Na Loi Hydropower JSC,Operational,Nam Ron,46.3,2016,,,,,,,21.468674999999998,103.058425,,Open Development Vietnam,https://data.opendevelopmentmekong.net/vi/library_record/na-loi-hydropower,,,,,,,,,,Thanh Minh,,Vietnam,
1030899,Son La,Hydro,,,,"2,400",2012,Vietnam Electricity (EVN),Operational,Da,9429,2016,,,,,,,21.497055555555555,103.99603333333333,,Open Development Vietnam,https://data.opendevelopmentmekong.net/vi/library_record/son-la-hydropower,,,,,,,,,,It Ong,,Vietnam,
1030900,Nam Chien 2,Hydro,,,,32,2009,North - West Electricity Investment & Development JSC.,Operational,Chien,132,2016,,,,,,,21.500127777777777,104.09083333333332,,Open Development Vietnam,https://data.opendevelopmentmekong.net/vi/library_record/nam-chien-2,,,,,,,,,,Chieng San,,Vietnam,
1030901,Hat Liu,Hydro,,,,5,2014,Yen Bai Electricity Investment and Developmet JSC.(FDI),Operational,,,2016,,,,,,,21.506727777777776,104.36219444444444,,Open Development Vietnam,https://data.opendevelopmentmekong.net/vi/library_record/hat-liu-hydropower,,,,,,,,,,Hat Liu,,Vietnam,
1030902,Cam Son,Hydro,,,,4.5,1973,Cam Son Hydro Power JSC.,Operational,Hoa,,2016,,,,,,,21.54376388888889,106.51049166666667,,Open Development Vietnam,https://data.opendevelopmentmekong.net/vi/library_record/cam-son-hydropower,,,,,,,,,,Hoa Lac,,Vietnam,
1030903,Ho Nui Coc,Hydro,,,,1.89,2009,Nui Coc Lake Hydropower JSC.,Operational,,8,2016,,,,,,,21.556508333333333,105.73001944444445,,Open Development Vietnam,https://data.opendevelopmentmekong.net/vi/library_record/ho-nui-coc-hydropower,,,,,,,,,,Phuc Triu,,Vietnam,
1030904,Nam Khot,Hydro,,,,14,2011,Nam Khot Hydropower JSC.,Operational,Nam Khot,56,2016,,,,,,,21.631508333333333,104.17176388888889,,Open Development Vietnam,https://data.opendevelopmentmekong.net/vi/library_record/nam-khot-hydropower,,,,,,,,,,Ngoc Chien,,Vietnam,
1030905,Huoi Quang,Hydro,,,,520,2015,Vietnam Electricity (EVN),Operational,Nam Mu,1904,2016,,,,,,,21.69646388888889,103.87760277777777,,Open Development Vietnam,https://data.opendevelopmentmekong.net/vi/library_record/huoi-quang-hydropower,,,,,,,,,,"Khoen On, Chieng Lao",,Vietnam,
1030906,Thac Ba,Hydro,,,,120,1971,Thac Ba Hydropower JSC.,Operational,Chay,400,2016,,,,,,,21.74706388888889,105.02325833333333,,Open Development Vietnam,https://data.opendevelopmentmekong.net/vi/library_record/thac-ba-hydropower,,,,,,,,,,"Thac Ba, Yen Binh",,Vietnam,
1030907,Ngoi Hut 2,Hydro,,,,48,2014,Truong Thanh Investment Construction and Development JSC,Operational,Ngoi Hut,209,2016,,,,,,,21.793847222222222,104.332375,,Open Development Vietnam,https://data.opendevelopmentmekong.net/vi/library_record/ngoi-hut-2-hydropower,,,,,,,,,,"Nam Co, Tu Le, Phong Du Thuong",,Vietnam,
1030908,Nam Muc,Hydro,,,,44,2014,Nam Muc Hydro Power JSC,Operational,Nam Muc,176,2016,,,,,,,21.798080555555558,103.29349444444445,,Open Development Vietnam,https://data.opendevelopmentmekong.net/vi/library_record/nam-muc-hydropower,,,,,,,,,,"Muong Mun, Pa Ham",,Vietnam,
1030909,Ngoi Hut 1,Hydro,,,,8.4,2011,Song Hong Joint Stock Corporation,Operational,Ngoi Hut,36,2016,,,,,,,21.809255555555556,104.43606944444444,,Open Development Vietnam,https://data.opendevelopmentmekong.net/vi/library_record/ngoi-hut-1-hydropower,,,,,,,,,,Phong Du Thuong,,Vietnam,
1030910,Ban Chat,Hydro,,,,220,2013,Vietnam Electricity (EVN),Operational,Nam Mu,770,2016,,,,,,,21.861172222222223,103.82858888888889,,Open Development Vietnam,https://data.opendevelopmentmekong.net/vi/library_record/ban-chat-hydropower,,,,,,,,,,Muong Kim,,Vietnam,
1030911,Muong Kim,Hydro,,,,13.5,2010,Hanoi Electrical Equipment JSC.,Operational,Nam Kim,54,2016,,,,,,,21.871827777777778,103.9062138888889,,Open Development Vietnam,https://data.opendevelopmentmekong.net/vi/library_record/muong-kim-hydropower,,,,,,,,,,Ho Bon,,Vietnam,
1030912,Ho Bon,Hydro,,,,18,2012,Forth Lake Hydropower JSC,Operational,Nam Kim,73,2016,,,,,,,21.877755555555556,103.941975,,Open Development Vietnam,https://data.opendevelopmentmekong.net/vi/library_record/ho-bon-hydropower,,,,,,,,,,Ho Bon,,Vietnam,
1030913,Lai Chau,Hydro,,,,1200,2015,Vietnam Electricity (EVN),Operational,Da,4670,2016,,,,,,,22.137922222222223,102.98385,,Open Development Vietnam,https://data.opendevelopmentmekong.net/vi/library_record/lai-chau-hydropower,,,,,,,,,,Nam Hang,,Vietnam,
1030914,Nam Cat,Hydro,,,,5,,Northern Cement Comercial JSC,Operational,,18,2016,,,,,,,22.137922222222223,102.98385,,Open Development Vietnam,https://data.opendevelopmentmekong.net/vi/library_record/nam,,,,,,,,,,Hoang Then,,Vietnam,
1030915,Nam Cat,Hydro,,,,3.2,2012,"Bac Kan Hydropower, Petro & Gasoline JSC",Operational,Nam Cat,12,2016,,,,,,,22.201605555555556,105.77756944444444,,Open Development Vietnam,https://data.opendevelopmentmekong.net/vi/library_record/nam-cat-hydropower,,,,,,,,,,Don Phong,,Vietnam,
1030916,Seo Chong Ho,Hydro,,,,22,2013,"Vietnam-China Electricity Investment Co., Ltd",Operational,,100,2016,,,,,,,22.248083333333334,103.89629444444445,,Open Development Vietnam,https://data.opendevelopmentmekong.net/vi/library_record/seo-chong-ho-hydropower,,,,,,,,,,"Ban Ho, Ta Van",,Vietnam,
1030917,Su Pan 2,Hydro,,,,34.5,2011,Song da- Hoang Lien Hydropower JSC.,Operational,Ngoi Bo,165,2016,,,,,,,22.26466111111111,103.96221666666666,,Open Development Vietnam,https://data.opendevelopmentmekong.net/vi/library_record/su-pan-2-hydropower,,,,,,,,,,"Ban Ho, Su Pan",,Vietnam,
1030918,Coc Ly,Hydro,,,,90,2012,Bac Ha Hydropower Company,Operational,Chay,378,2016,,,,,,,22.298508333333334,103.16125555555556,,Open Development Vietnam,https://data.opendevelopmentmekong.net/vi/library_record/coc-ly-hydropower,,,,,,,,,,Coc Ly,,Vietnam,
1030919,Nam Na 3,Hydro,,,,84,2015,"Hung Hai Lai Chau Construction Co., Ltd",Operational,Nam Na,361,2016,,,,,,,22.298508333333334,103.16125555555556,,Open Development Vietnam,https://data.opendevelopmentmekong.net/vi/library_record/nam-na-3-hydropower,,,,,,,,,,Chan Nua,,Vietnam,
1030920,Ta Thang,Hydro,,,,60,2013,Lao Cai Vietracimex Electricity JSC.,Operational,Ngoi Bo,242,2016,,,,,,,22.298694444444447,104.02211666666666,,Open Development Vietnam,https://data.opendevelopmentmekong.net/vi/library_record/ta-thang-hydropower,,,,,,,,,,"Suoi Thau, Ban Phung, Gia Phu",,Vietnam,
1030921,Lao Chai,Hydro,,,,2.4,2013,"Hong Ngoc Co., Ltd",Operational,,,2016,,,,,,,22.310036111111113,103.85994444444444,,Open Development Vietnam,https://data.opendevelopmentmekong.net/vi/library_record/lao-chai-hydropower,,,,,,,,,,Lao Chai,,Vietnam,
1030922,Tuyen Quang,Hydro,,,,342,2008,Vietnam Electricity (EVN),Operational,Gam,1295,2016,,,,,,,22.360036111111114,105.39846944444444,,Open Development Vietnam,https://data.opendevelopmentmekong.net/vi/library_record/tuyen-quang-hydropower,,,,,,,,,,Na Hang,,Vietnam,
1030923,Coc San,Hydro,,,,30,2016,Colben Energy JSC.,Operational,Ngoi Duoi,120,2016,,,,,,,22.41443888888889,103.90655000000001,,Open Development Vietnam,https://data.opendevelopmentmekong.net/vi/library_record/coc-san-hydropower,,,,,,,,,,"Trung Chai, Toong Sanh, Coc San",,Vietnam,
1030924,Sung Vui,Hydro,,,,18,,Nam Tien Lao Cai JSC.,Operational,,57.6,2016,,,,,,,22.434438888888888,103.82104722222222,,Open Development Vietnam,,,,,,,,,,,Phin Ngan,,Vietnam,
1030925,Ngoi Xan 1,Hydro,,,,10.5,2007,Nam Tien Lao Cai JSC.,Operational,Ngoi Xan,42,2016,,,,,,,22.47337222222222,103.87290833333333,,Open Development Vietnam,https://data.opendevelopmentmekong.net/vi/library_record/ngoi-xan-1-hydropower,,,,,,,,,,Phin Ngan,,Vietnam,
1030926,Ngoi Xan 2,Hydro,,,,8,2008,Nam Tien Lao Cai JSC.,Operational,Ngoi Xan,75,2016,,,,,,,22.47537222222222,103.85945833333332,,Open Development Vietnam,https://data.opendevelopmentmekong.net/vi/library_record/ngoi-xan-2-hydropower,,,,,,,,,,Phin Ngan,,Vietnam,
1030927,Ta Loi 3,Hydro,,,,7.5,2012,Intracom,Operational,Ngoi Phat,30,2016,,,,,,,22.487502777777777,103.66531666666667,,Open Development Vietnam,https://data.opendevelopmentmekong.net/vi/library_record/ta-loi-3-hydropower,,,,,,,,,,Muong Hum,,Vietnam,
1030928,Nam Na 2,Hydro,,,,66,2015,"Hung Hai Lai Chau Construction Co., Ltd",Operational,Nam Na,254,2016,,,,,,,22.49320277777778,103.23400833333334,,Open Development Vietnam,https://data.opendevelopmentmekong.net/vi/library_record/nam-na-2-hydropower,,,,,,,,,,Pin Ho,,Vietnam,
1030929,Thuong an,Hydro,,,,2.4,2008,"Bac Kan Hydropower, Petro & Gasoline JSC.",Operational,Ta Cay,9.47,2016,,,,,,,22.50411111111111,105.99361944444445,,Open Development Vietnam,https://data.opendevelopmentmekong.net/vi/library_record/thuong-an-hydropower,,,,,,,,,,Thuong an,,Vietnam,
1030930,Nam Pung,Hydro,,,,9.3,2009,Intracom,Operational,Ngoi Phat,30,2016,,,,,,,22.506894444444445,103.69061944444445,,Open Development Vietnam,https://data.opendevelopmentmekong.net/vi/library_record/nam-pung-hydropower,,,,,,,,,,Nam Pung,,Vietnam,
1030931,Muong Hum,Hydro,,,,32,2011,Son Vu Energy Development JSC,Operational,Ngoi Phat,121,2016,,,,,,,22.54041666666667,103.71417222222223,,Open Development Vietnam,https://data.opendevelopmentmekong.net/vi/library_record/muong-hum-hydropower,,,,,,,,,,Ban Xeo,,Vietnam,
1030932,Nam Mu,Hydro,,,,12,2004,Song Da Corporation,Operational,Nam Mu,56,2016,,,,,,,22.549630555555556,104.87674999999999,,Open Development Vietnam,https://data.opendevelopmentmekong.net/vi/library_record/nam-mu-hydropower,,,,,,,,,,Tan Thanh,,Vietnam,
1030933,Ngoi Phat,Hydro,,,,72,2014,Northern Electricity development and investment JSC. No.2,Operational,Ngoi Phat,314,2016,,,,,,,22.554575,103.74335277777777,,Open Development Vietnam,https://data.opendevelopmentmekong.net/vi/library_record/ngoi-phat-hydropower,,,,,,,,,,"Ban Vuoc, Ban Xeo, Den Thang",,Vietnam,
1030934,Na Tẩu,Hydro,,,,6,2014,Bac Minh Development Investment JSC.,Operational,Bac Vong,19,2016,,,,,,,22.672175000000003,106.50497222222222,,Open Development Vietnam,https://data.opendevelopmentmekong.net/vi/library_record/th-y-di-n-na-t-u,,,,,,,,,,Cai Bo,,Vietnam,
1030935,Na Loa,Hydro,,,,6,2006,Cao Bang Hydropower- Metallurgic Company,Operational,Bac Vong,30,2016,,,,,,,22.684633333333334,106.59902222222222,,Open Development Vietnam,https://data.opendevelopmentmekong.net/vi/library_record/th-y-di-n-na-loa,,,,,,,,,,Trieu Au,,Vietnam,
1030936,Song Chay 5,Hydro,,,,16,2012,Song Da 5 JSC.,Operational,Chay,62,2016,,,,,,,22.714755555555556,104.53495,,Open Development Vietnam,https://data.opendevelopmentmekong.net/vi/library_record/song-chay-5-hydropower,,,,,,,,,,"Then Phang, Ngan Chien",,Vietnam,
1030937,Thoong Cot 2,Hydro,,,,3.5,2013,"Truong Minh Co., Ltd",Operational,Quay Son,12.72,2016,,,,,,,22.82967777777778,106.61889166666666,,Open Development Vietnam,https://data.opendevelopmentmekong.net/vi/library_record/th-y-di-n-thoong-cot-2,,,,,,,,,,Chi Vien,,Vietnam,
1030938,Ban Ra,Hydro,,,,18,2012,"Dong Bac. EL, JSC",Operational,Quay Son,70,2016,,,,,,,22.85895,106.69976944444444,,Open Development Vietnam,https://data.opendevelopmentmekong.net/vi/library_record/th-y-di-n-b-n-r,,,,,,,,,,Dam Thuy,,Vietnam,
1030939,Ea Krong Rou,Hydro,,,,28,2007,Mien Trung Power Investment and Development JSC,Operational,,140,2016,,,,,,,12.599166666666667,108.93972222222223,,Open Development Vietnam,https://data.opendevelopmentmekong.net/vi/library_record/krong-rou-hydropower,,,,,,,,,,Ninh Tay,,Vietnam,
1030940,Hoa Phu,Hydro,,,,29,2014,Tam Long Hydro Power JSC.,Operational,Srepok,132,2016,,,,,,,12.649661111111111,107.90911666666668,,Open Development Vietnam,https://data.opendevelopmentmekong.net/vi/library_record/hoa-phu-hydropower,,,,,,,,,,Hoa Phu,,Vietnam,
1030941,Dak Rung 1,Hydro,,,,6,2010,Binh Minh Company Limited,Operational,Dong Nai,,2016,,,,,,,12.113888888888889,107.63361111111112,,Open Development Vietnam,https://data.opendevelopmentmekong.net/vi/library_record/dak-rung-1-hydropower,,,,,,,,,,Truong Xuan,,Vietnam,
1030942,Ia Drang 1,Hydro,,,,0.6,,Gia Lai Electricity JSC.,Operational,,,2016,,,,,,,13.735555555555555,107.8425,,Open Development Vietnam,https://data.opendevelopmentmekong.net/vi/library_record/ia-drang-1-hydropower,,,,,,,,,,Ia Boong,,Vietnam,
1030943,Dak Srong,Hydro,,,,18,2010,Dak Srong JSC.,Operational,Ba,68,2016,,,,,,,13.765866666666666,108.52359722222222,,Open Development Vietnam,,,,,,,,,,,Kong Chro,,Vietnam,
1030944,Se san 4A,Hydro,,,,63,2011,Se San 4A Hydropower JSC.,Operational,Se San,331.2,2016,,,,,,,13.930833333333332,107.46777777777778,,Open Development Vietnam,https://data.opendevelopmentmekong.net/vi/library_record/se-san-4a-hydropower,,,,,,,,,,Ia O,,Vietnam,
1030945,Tra Xom,Hydro,,,,20,2013,Tra Xom Hydropower JSC,Operational,Dak Son Lang,85.64,2016,,,,,,,14.2875,108.72222222222223,,Open Development Vietnam,https://data.opendevelopmentmekong.net/vi/library_record/tra-xom-hydropower,,,,,,,,,,"Vinh Son, Vinh Hao",,Vietnam,
1030946,Ca Du,Hydro,,,,2.6,2005,Ca Du Hydro Power Constructing JSC.,Operational,Ca Du,10,2016,,,,,,,15.27138888888889,108.51861111111111,,Open Development Vietnam,https://data.opendevelopmentmekong.net/vi/library_record/ca-du-hydropower,,,,,,,,,,Tra Xuan,,Vietnam,
1030947,Nam Chien 1,Hydro,,,,200,2013,Nam Chien Hydro Power JSC.,Operational,Chien,791,2016,,,,,,,21.593544444444444,104.14444166666668,,Open Development Vietnam,https://data.opendevelopmentmekong.net/vi/library_record/nam-chien-1-hydropower,,,,,,,,,,"Chieng Muon, Ngoc Chien",,Vietnam,
1030948,Nho Que 3,Hydro,,,,110,2012,Nho Que Bitexco JSC.,Operational,Nho Que,507,2016,,,,,,,23.143266666666666,105.51541944444445,,Open Development Vietnam,https://data.opendevelopmentmekong.net/vi/library_record/th-y-di-n-nho-qu-3,,,,,,,,,,"Khau Vai, Lung Pu, Son Vi, Can Chu Phin, Pa Vi",,Vietnam,
1030949,Ayun Pa sugar-cane,Biomass,,,,20,,,Operational,,,,,,,,,,,,,Vietnam Electricity Annual Report,http://www.evn.com.vn/userfile/files/2017/3/AnnualReport2016.pdf,,,,,,,,,,,,,
1030950,Cam Ranh baggasse,Biomass,,,,11,,,Operational,,,,,,,,,,,,,Vietnam Electricity Annual Report,http://www.evn.com.vn/userfile/files/2017/3/AnnualReport2016.pdf,,,,,,,,,,,,,
1030951,Ninh Hoa baggasse,Biomass,,,,8,,,Operational,,,,,,,,,,,,,Vietnam Electricity Annual Report,http://www.evn.com.vn/userfile/files/2017/3/AnnualReport2016.pdf,,,,,,,,,,,,,
1030952,Soc Trang baggasse,Biomass,,,,6,,,Operational,,,,,,,,,,,,,Vietnam Electricity Annual Report,http://www.evn.com.vn/userfile/files/2017/3/AnnualReport2016.pdf,,,,,,,,,,,,,
1030953,Bauxit aluminum factory,Oil,,,,30,,,Operational,,,,,,,,,,,,,,,,,,,,,,,,,,,
1030954,Dung Quat oil refinery,Oil,,,,104,,,Operational,,,,,,,,,,,,,,,,,,,,,,,,,,,
1030955,Phu My fertilizer,Oil,,,,18,,,Operational,,,,,,,,,,,,,,,,,,,,,,,,,,,
1030956,Vedan,Oil,,,,72,,,Operational,,,,,,,,,,,,,,,,,,,,,,,,,,,
1030957,Krong H'nang,Hydro,,,,64,2010,Song Ba Ha JSC.,Operational,Ba,250,2016,,,,,,,,,,Open Development Vietnam,https://data.opendevelopmentmekong.net/vi/library_record/krong-hnang-hydropower,,,,,,,,,,"Ea So, Cu Prao, Ea Ly",,Vietnam,
1030958,Dak Srong 2A,Hydro,,,,18,2011,Hoang Anh Gia Lai JSC.,Operational,,60,2016,,,,,,,,,,Open Development Vietnam,https://data.opendevelopmentmekong.net/vi/library_record/dak-srong-2a-hydropower,,,,,,,,,,,,Vietnam,
1030959,H'Mun,Hydro,,,,16.3,,Gia Lai Hydropower JSC.,Operational,,,2016,,,,,,,,,,Open Development Vietnam,https://data.opendevelopmentmekong.net/vi/library_record/hmun-hydropower,,,,,,,,,,B'ngoong,,Vietnam,
1030960,H'Chan,Hydro,,,,12,,Gia Lai Hydropower JSC.,Operational,,,2016,,,,,,,,,,Open Development Vietnam,https://data.opendevelopmentmekong.net/vi/library_record/h-chan-hydropower,,,,,,,,,,De Ar,,Vietnam,
1030961,Ayun Thuong 1A,Hydro,,,,12,,Ayun Thuong JSC.,Operational,,,2016,,,,,,,,,,Open Development Vietnam,https://data.opendevelopmentmekong.net/vi/library_record/ayun-thuong-1a-hydropower,,,,,,,,,,Kon Dỡng,,Vietnam,
1030962,Ha Nang,Hydro,,,,11,2011,Thien Tan Ivestment - Construction JSC.,Operational,Ca Du,70,2016,,,,,,,,,,Open Development Vietnam,https://data.opendevelopmentmekong.net/vi/library_record/ha-nang-hydropower,,,,,,,,,,Tra Thuy,,Vietnam,
1030963,Tien Thuan,Hydro,,,,10,2014,Tien Thuan JSC.,Operational,,40,2016,,,,,,,,,,Open Development Vietnam,https://data.opendevelopmentmekong.net/vi/library_record/tien-thuan-hydropower,,,,,,,,,,Tay Thuan,,Vietnam,
1030964,Dak Psi 5,Hydro,,,,10,2014,Dak Psi 5 Hydropower One Member Limited Liability Company,Operational,,40,2016,,,,,,,,,,Open Development Vietnam,https://data.opendevelopmentmekong.net/vi/library_record/dak-psi-5-hydropower,,,,,,,,,,Dak Psi,,Vietnam,
1030965,Dak Pi Hao 4,Hydro,,,,9,,Gia Lai Electricity JSC.,Operational,,,2016,,,,,,,,,,Open Development Vietnam,https://data.opendevelopmentmekong.net/vi/library_record/dak-pi-hao-4-hydropower,,,,,,,,,,Cho Long,,Vietnam,
1030966,Ry Ninh 2,Hydro,,,,8.1,,Ry Ninh 2 Hydropower JSC.,Operational,,,2016,,,,,,,,,,Open Development Vietnam,https://data.opendevelopmentmekong.net/vi/library_record/ry-ninh-2-hydropower,,,,,,,,,,Ia Ly,,Vietnam,
1030967,Dak Rung,Hydro,,,,8,,Viet Nguyen Construction JSC.,Operational,Dong Nai,31.81,2016,,,,,,,,,,Open Development Vietnam,https://data.opendevelopmentmekong.net/vi/library_record/dak-rung-hydropower,,,,,,,,,,,,Vietnam,
1030968,Ia Puch 3,Hydro,,,,6.6,,Gia Lai Electricity JSC.,Operational,,,2016,,,,,,,,,,Open Development Vietnam,https://data.opendevelopmentmekong.net/vi/library_record/ia-puch-3-hydropower,,,,,,,,,,Ia O,,Vietnam,
1030969,Ea Drang,Hydro,,,,6.4,2009,Dak Lak Electricity,Operational,,,2016,,,,,,,,,,Open Development Vietnam,https://data.opendevelopmentmekong.net/vi/library_record/ea-drang-hydropower,,,,,,,,,,Ea Vi,,Vietnam,
1030970,Van Phong,Hydro,,,,6,2015,Van Phong Hydro Power JSC,Operational,,22.8,2016,,,,,,,,,,Open Development Vietnam,https://data.opendevelopmentmekong.net/vi/library_record/van-phong-hydropower,,,,,,,,,,"Binh Tuong, Tay Giang",,Vietnam,
1030971,Krong Hin,Hydro,,,,5,2005,Me Kong Construction JSC.,Operational,Ea Krong Hin,,2016,,,,,,,,,,Open Development Vietnam,https://data.opendevelopmentmekong.net/vi/library_record/krong-hin-hydropower,,,,,,,,,,Ea MDoal,,Vietnam,
1030972,Ea MDoal 2,Hydro,,,,5,2010,Nguon Sang JSC.,Operational,,,2016,,,,,,,,,,Open Development Vietnam,https://data.opendevelopmentmekong.net/vi/library_record/ea-mdoal-2-hydropower,,,,,,,,,,Ea MDoal,,Vietnam,
1030973,Ia H'rung,Hydro,,,,4.5,,Phan Vu Investment JSC.,Operational,,,2016,,,,,,,,,,Open Development Vietnam,https://data.opendevelopmentmekong.net/vi/library_record/ia-hrung-hydropower,,,,,,,,,,Ia To,,Vietnam,
1030974,Song Rieng,Hydro,,,,3.75,2012,HP JSC.,Operational,Rieng,15,2016,,,,,,,,,,Open Development Vietnam,https://data.opendevelopmentmekong.net/vi/library_record/song-rieng-hydropower,,,,,,,,,,Tra Phong,,Vietnam,
1030975,Dak Ter 1,Hydro,,,,3.6,2015,Phu Thinh Kon Tum JSC,Operational,,,2016,,,,,,,,,,Open Development Vietnam,,,,,,,,,,,Dak Ha,,Vietnam,
1030976,Dak Gret,Hydro,,,,3.6,2015,Trung Viet Limited Liability Company,Operational,,,2016,,,,,,,,,,Open Development Vietnam,https://data.opendevelopmentmekong.net/vi/library_record/dak-gret-hydropower,,,,,,,,,,Dak Koi,,Vietnam,
1030977,Dak U,Hydro,,,,2.4,2009,Phu Tan Energy Investment and Development JSC,Operational,Be,,2016,,,,,,,,,,Open Development Vietnam,https://data.opendevelopmentmekong.net/vi/library_record/dak-u-hydropower,,,,,,,,,,"Dak o, Phu Nghia",,Vietnam,
1030978,Dak Hnol,Hydro,,,,2.1,,Nhat Minh Limited Liability Company,Operational,,,2016,,,,,,,,,,Open Development Vietnam,https://data.opendevelopmentmekong.net/vi/library_record/dak-hnol-hydropower,,,,,,,,,,Trang,,Vietnam,
1030979,Huy Mang,Hydro,,,,1.8,2015,Huy Mang Hydro Power JSC.,Operational,Huy Mang,6.81,2016,,,,,,,,,,Open Development Vietnam,https://data.opendevelopmentmekong.net/vi/library_record/huy-mang-hydropower,,,,,,,,,,Son Dung,,Vietnam,
1030980,Ia Mo 3,Hydro,,,,1.8,,Gia Lai Electricity JSC.,Operational,,,2016,,,,,,,,,,Open Development Vietnam,https://data.opendevelopmentmekong.net/vi/library_record/ia-mo-3-hydropower,,,,,,,,,,Ia Boong,,Vietnam,
1030981,Dak Nong 1,Hydro,,,,1.8,,Viet Nguyen Construction JSC.,Operational,,,2016,,,,,,,,,,Open Development Vietnam,https://data.opendevelopmentmekong.net/vi/library_record/dak-nong-1-hydropower,,,,,,,,,,,,Vietnam,
1030982,Ia Drang 3,Hydro,,,,1.6,,Gia Lai Electricity JSC.,Operational,,,2016,,,,,,,,,,Open Development Vietnam,https://data.opendevelopmentmekong.net/vi/library_record/ia-drang-3-hydropower,,,,,,,,,,Ia O,,Vietnam,
1030983,Kenh Bac,Hydro,,,,0.94,,Kenh Bac - Ayun Ha Hydropower JSC.,Operational,,,2016,,,,,,,,,,Open Development Vietnam,https://data.opendevelopmentmekong.net/vi/library_record/kenh-bac-hydropower,,,,,,,,,,Ia Sol,,Vietnam,
1030984,Quang Hiep,Hydro,,,,0.5,2002,Infrastructure Investment and Construction 5 JSC.,Operational,,,2016,,,,,,,,,,Open Development Vietnam,https://data.opendevelopmentmekong.net/vi/library_record/quang-hiep-hydropower,,,,,,,,,,Hiep Thanh,,Vietnam,
1030985,Ia Krel,Hydro,,,,0.4,,Multi-battalion 15,Operational,,,2016,,,,,,,,,,Open Development Vietnam,https://data.opendevelopmentmekong.net/vi/library_record/ia-krel-hydro-power,,,,,,,,,,Ia Krel,,Vietnam,
1030986,Thac Ba,Hydro,,,,0.3,,Gia Lai Electricity JSC.,Operational,,,2016,,,,,,,,,,Open Development Vietnam,https://data.opendevelopmentmekong.net/vi/library_record/thac,,,,,,,,,,H'Neng,,Vietnam,
1030987,Ia Lop,Hydro,,,,0.25,,Gia Lai Electricity JSC.,Operational,,,2016,,,,,,,,,,Open Development Vietnam,https://data.opendevelopmentmekong.net/vi/library_record/ia-lop-hydropower,,,,,,,,,,Ia Lau,,Vietnam,
1030988,Bien Ho,Hydro,,,,0.225,,Division 320-QD3,Operational,,,2016,,,,,,,,,,Open Development Vietnam,https://data.opendevelopmentmekong.net/vi/library_record/bien-ho-hydropower,,,,,,,,,,Bien Ho,,Vietnam,
1030989,Bau Can,Hydro,,,,0.215,,Bau Can Tea Agricultural and Industriral Business,Operational,,,2016,,,,,,,,,,Open Development Vietnam,https://data.opendevelopmentmekong.net/vi/library_record/bau-can-hydropower,,,,,,,,,,Bau Can,,Vietnam,
1030990,E40,Hydro,,,,0.2,,Brigade E40 - Region3,Operational,,,2016,,,,,,,,,,Open Development Vietnam,https://data.opendevelopmentmekong.net/vi/library_record/e40-hydropower,,,,,,,,,,K'Dang,,Vietnam,
1030991,Kanak,Hydro,,,,0.18,,K'Bang Clean Water Management Station,Operational,,,2016,,,,,,,,,,Open Development Vietnam,https://data.opendevelopmentmekong.net/vi/library_record/kanak-hydropower,,,,,,,,,,Lo Cu,,Vietnam,
1030992,Yang Trung,Hydro,,,,0.11,,Gia Lai Province's Public Security,Operational,,,2016,,,,,,,,,,Open Development Vietnam,https://data.opendevelopmentmekong.net/vi/library_record/yang-trung-hydropower,,,,,,,,,,Ayun,,Vietnam,
1030993,Ia Rung,Hydro,,,,0.11,,Dong Phu Private Enterprise,Operational,,,2016,,,,,,,,,,Open Development Vietnam,https://data.opendevelopmentmekong.net/vi/library_record/ia-rung-hydropower,,,,,,,,,,Nghia Hung,,Vietnam,
1030994,Nam Ho,Hydro,,,,7.5,,South East Asia Corporation,Suspension,Nam Ho,100,2016,,,,,,,22.564247222222225,103.68048888888889,,Open Development Vietnam,,,,,,,,,,,Den Thang,,Vietnam,
1030995,Trung Son,Hydro,,,,260,2016,Trung Son Hydropower One Member Limited Liability Company,Under Development,Ma,1055,2016,,,,,,,20.61010277777778,104.83745833333333,,Open Development Vietnam,https://data.opendevelopmentmekong.net/vi/library_record/trung-son-hydropower,,,,,,,,,,Trung Son,,Vietnam,
1030996,Hoi Xuan,Hydro,,,,102,2016,Hoi Xuan Electricity Investment and Construction JSC,Under Development,Ma,432,2016,,,,,,,20.443875,105.05384166666667,,Open Development Vietnam,https://data.opendevelopmentmekong.net/vi/library_record/hoi-xuan-hydropower,,,,,,,,,,"Hoi Xuan, Thanh Xuan",,Vietnam,
1030997,Ba Thuoc 1,Hydro,,,,60,2016,Hoang Anh Hydropower JSC,Under Development,Ma,216,2016,,,,,,,20.319325,105.17301111111112,,Open Development Vietnam,https://data.opendevelopmentmekong.net/vi/library_record/ba-thuoc-1-hydropower,,,,,,,,,,Thiet Ke,,Vietnam,
1030998,Son Tra 1,Hydro,,,,42,2018,30-4 Quang Ngai JSC.,Under Development,Dak Se lo,181.9,2016,,,,,,,,,,Open Development Vietnam,https://data.opendevelopmentmekong.net/vi/library_record/son-tra-1-hydropower,,,,,,,,,,"Son Ky, Son Lap",,Vietnam,
1030999,Chi Khe,Hydro,,,,41,2016,Agrita JSC.,Under Development,Ca,200,2016,,,,,,,19.088324999999998,104.80223333333333,,Open Development Vietnam,https://data.opendevelopmentmekong.net/vi/library_record/chi-khe-hydropower,,,,,,,,,,Con Cuong,,Vietnam,
1031000,Bao Lam 1,Hydro,,,,30,2016,Power Construction JSC.No.1,Under Development,Gam,115.7,2016,,,,,,,22.941661111111113,105.54870555555556,,Open Development Vietnam,https://data.opendevelopmentmekong.net/vi/library_record/bao-lam-1-hydropower,,,,,,,,,,Ly Bon,,Vietnam,
1031001,Krong No 2,Hydro,,,,30,2016,Trung Nam Power,Under Development,Dak Krong No,109,2016,,,,,,,12.253908333333333,108.35573333333333,,Open Development Vietnam,https://data.opendevelopmentmekong.net/vi/library_record/krong-no-2-hydropower,,,,,,,,,,"Dung K'No, Krong Bang",,Vietnam,
1031002,Trung Thu,Hydro,,,,29.6,2016,Trung Thu Hydropower JSC.,Under Development,Nam Muc,134,2016,,,,,,,21.937197222222224,103.254475,,Open Development Vietnam,https://data.opendevelopmentmekong.net/vi/library_record/trung-thu-hydropower,,,,,,,,,,"Trung Thu, Sinh Phinh, Muong Bang, Pa Ham",,Vietnam,
1031003,Chau Thon,Hydro,,,,27,2016,Son Vu Energy Development JSC,Under Development,Nam Tot,112,2016,,,,,,,19.582963888888887,104.80002777777777,,Open Development Vietnam,https://data.opendevelopmentmekong.net/vi/library_record/chau-thon-hydropower,,,,,,,,,,Chau Thon,,Vietnam,
1031004,Dak Ruoi,Hydro,,,,24,,,Under Development,Dak Ruoi,,2016,,,,,,,,,,Open Development Vietnam,https://data.opendevelopmentmekong.net/vi/library_record/dak-ruoi-hydropower,,,,,,,,,,,,Vietnam,
1031005,Da Dang - Da Chomo,Hydro,,,,23,2016,Long Hoi Electricity Investment and Engineering Construction Joint Stock Corporation,Under Development,Da Dang,111,2016,,,,,,,,,,Open Development Vietnam,https://data.opendevelopmentmekong.net/vi/library_record/da-dang-da-chomo-hydropower,,,,,,,,,,"Lat, Phi To",,Vietnam,
1031006,Ayun Trung,Hydro,,,,16.5,,Quoc Cuong Hydropower Investment Construction JSC.,Under Development,,,2016,,,,,,,,,,Open Development Vietnam,https://data.opendevelopmentmekong.net/vi/library_record/ayun-trung-hydropower,,,,,,,,,,De Ar,,Vietnam,
1031007,Hang Dong A,Hydro,,,,16,2015,Xuan Thien Trading Construction Investment and Development Company,Under Development,Sap,,2016,,,,,,,21.312947222222224,104.47660277777779,,Open Development Vietnam,,,,,,,,,,,Hang Dong,,Vietnam,
1031008,Dak Po Ko,Hydro,,,,15,,Duc Long Gia Lai Power Investment and Development JSC,Under Development,,66,2016,,,,,,,,,,Open Development Vietnam,,,,,,,,,,,"Po Ko, Tan Canh",,Vietnam,
1031009,Song Quang,Hydro,,,,12,2016,Son Vu Energy Development JSC,Under Development,Hieu,48,2016,,,,,,,19.5681,104.76826944444444,,Open Development Vietnam,https://data.opendevelopmentmekong.net/vi/library_record/song-quang-hydropower,,,,,,,,,,Chau Thon,,Vietnam,
1031010,Ha Tay,Hydro,,,,9,,Song Da Tay Nguyen Hydropower JSC.,Under Development,,,2016,,,,,,,,,,Open Development Vietnam,https://data.opendevelopmentmekong.net/vi/library_record/ha-tay-hydropower,,,,,,,,,,Ha Tay,,Vietnam,
1031011,Ia Hiao,Hydro,,,,9,,Ia Hiao JSC.,Under Development,,,2016,,,,,,,,,,Open Development Vietnam,https://data.opendevelopmentmekong.net/vi/library_record/ia-hiao-hydropower,,,,,,,,,,"Chu Bah, Ayun Pa, Ia Hiao",,Vietnam,
1031012,Dak Po Kei,Hydro,,,,9,,Bao Long Industries and Hydropower JSC,Under Development,,,2016,,,,,,,,,,Open Development Vietnam,https://data.opendevelopmentmekong.net/vi/library_record/dak-po-kei-hydropower,,,,,,,,,,Ha Tay,,Vietnam,
1031013,Ia Tchom 1,Hydro,,,,8,,Bao Long Industries and Hydropower JSC,Under Development,,,2016,,,,,,,,,,Open Development Vietnam,https://data.opendevelopmentmekong.net/vi/library_record/ia-tchom-1-hydropower,,,,,,,,,,Ia Grang,,Vietnam,
1031014,Dak Mek 3,Hydro,,,,7.5,,Hong Phat Hydro Power JSC,Under Development,,,2016,,,,,,,,,,Open Development Vietnam,https://data.opendevelopmentmekong.net/vi/library_record/dak-mek-3-hydropower,,,,,,,,,,Dak Choong,,Vietnam,
1031015,Hoa Tham,Hydro,,,,5.8,,DONG BAC Power Investment & Development Co.Ltd.,Under Development,Hien,,2016,,,,,,,22.61872222222222,106.1013,,Open Development Vietnam,,,,,,,,,,,Hoa Tham,,Vietnam,
1031016,Krong Pa 2,Hydro,,,,5.8,,Gia Lam JSC.,Under Development,,,2016,,,,,,,,,,Open Development Vietnam,https://data.opendevelopmentmekong.net/vi/library_record/krong-pa-2-hydropower,,,,,,,,,,Dak Roong,,Vietnam,
1031017,Dan Sach 2-3,Hydro,,,,5.5,,Cat Nam Binh Thuan JSC.,Under Development,,25,2016,,,,,,,,,,Open Development Vietnam,https://data.opendevelopmentmekong.net/vi/library_record/dan-sach-2-3-hydropower,,,,,,,,,,Dong Tien,,Vietnam,
1031018,Ia Krel 2,Hydro,,,,5.5,,Bao Long Industries and Hydropower JSC,Under Development,,,2016,,,,,,,,,,Open Development Vietnam,https://data.opendevelopmentmekong.net/vi/library_record/ia-krel-2-hydropower,,,,,,,,,,Ia Kla,,Vietnam,
1031019,Ia Grang 1,Hydro,,,,5,,Bao Long Industries and Hydropower JSC,Under Development,,,2016,,,,,,,,,,Open Development Vietnam,https://data.opendevelopmentmekong.net/vi/library_record/ia-grang-1-hydropower,,,,,,,,,,Ia Hrung,,Vietnam,
1031020,Dak Ble,Hydro,,,,5,,,Under Development,,,2016,,,,,,,,,,Open Development Vietnam,https://data.opendevelopmentmekong.net/vi/library_record/dak-ble-hydropower,,,,,,,,,,K'Roong,,Vietnam,
1031021,Dak Pi Hao 1,Hydro,,,,4.2,,Gia Lai Electricity JSC.,Under Development,,,2016,,,,,,,,,,Open Development Vietnam,https://data.opendevelopmentmekong.net/vi/library_record/dak-pi-hao-1-hydropower,,,,,,,,,,Kon Chien,,Vietnam,
1031022,Chu Prong,Hydro,,,,3.75,,Phan Vu Investment JSC.,Under Development,,,2016,,,,,,,,,,Open Development Vietnam,https://data.opendevelopmentmekong.net/vi/library_record/chu-prong-hydropower,,,,,,,,,,Ia To,,Vietnam,
1031023,Dak Ter 2,Hydro,,,,3.4,,Phu Thinh Kon Tum JSC,Under Development,,,2016,,,,,,,,,,Open Development Vietnam,,,,,,,,,,,Dak Ha,,Vietnam,
